2025-10-15 01:45:12,013 - freqtrade - INFO - freqtrade 2025.8
2025-10-15 01:45:12,930 - numexpr.utils - INFO - NumExpr defaulting to 8 threads.
2025-10-15 01:45:15,790 - freqtrade.worker - INFO - Starting worker 2025.8
2025-10-15 01:45:15,791 - freqtrade.configuration.load_config - INFO - Using config: /Users/htq/Desktop/真正的金融/币圈/freqtrade/user_data/dryrun_configs/GodStra_1h_DOGEUSDT_merged_config.json ...
2025-10-15 01:45:15,795 - freqtrade.loggers - INFO - Enabling colorized output.
2025-10-15 01:45:15,795 - freqtrade.loggers - INFO - Logfile configured
2025-10-15 01:45:15,796 - freqtrade.loggers - INFO - Verbosity set to 0
2025-10-15 01:45:15,796 - freqtrade.configuration.configuration - INFO - Parameter --dry-run detected, overriding dry_run to: True ...
2025-10-15 01:45:15,797 - freqtrade.configuration.configuration - INFO - Runmode set to dry_run.
2025-10-15 01:45:15,797 - freqtrade.configuration.configuration - INFO - Dry run is enabled
2025-10-15 01:45:15,798 - freqtrade.configuration.configuration - INFO - Using DB: "sqlite:////Users/htq/Desktop/真正的金融/币圈/freqtrade/user_data/dryrun_db/GodStra_1h_DOGEUSDT.sqlite"
2025-10-15 01:45:15,798 - freqtrade.configuration.configuration - INFO - Using max_open_trades: 3 ...
2025-10-15 01:45:15,799 - freqtrade.configuration.configuration - INFO - Using user-data directory: /Users/htq/Desktop/真正的金融/币圈/freqtrade/user_data ...
2025-10-15 01:45:15,800 - freqtrade.configuration.configuration - INFO - Using data directory: /Users/htq/Desktop/真正的金融/币圈/freqtrade/user_data/data/okx ...
2025-10-15 01:45:15,801 - freqtrade.exchange.check_exchange - INFO - Checking exchange...
2025-10-15 01:45:15,815 - freqtrade.exchange.check_exchange - INFO - Exchange "okx" is officially supported by the Freqtrade development team.
2025-10-15 01:45:15,816 - freqtrade.configuration.configuration - INFO - Using pairlist from configuration.
2025-10-15 01:45:15,817 - freqtrade.exchange.exchange - INFO - Instance is running with dry_run enabled
2025-10-15 01:45:15,817 - freqtrade.exchange.exchange - INFO - Using CCXT 4.5.2
2025-10-15 01:45:15,817 - freqtrade.exchange.exchange - INFO - Applying additional ccxt config: {'enableRateLimit': True, 'options': {'defaultType': 'spot'}, 'proxies': {'http': 
'http://127.0.0.1:7890', 'https': 'http://127.0.0.1:7890'}}
2025-10-15 01:45:15,827 - freqtrade.exchange.exchange - INFO - Applying additional ccxt config: {'enableRateLimit': True, 'options': {'defaultType': 'spot'}, 'proxies': {'http': 
'http://127.0.0.1:7890', 'https': 'http://127.0.0.1:7890'}, 'aiohttp_proxy': 'http://127.0.0.1:7890'}
2025-10-15 01:45:15,838 - freqtrade.exchange.exchange - INFO - Applying additional ccxt config: {'enableRateLimit': True, 'options': {'defaultType': 'spot'}, 'proxies': {'http': 
'http://127.0.0.1:7890', 'https': 'http://127.0.0.1:7890'}, 'aiohttp_proxy': 'http://127.0.0.1:7890'}
2025-10-15 01:45:15,853 - freqtrade.exchange.exchange - INFO - Using Exchange "OKX"
2025-10-15 01:45:19,144 - freqtrade.resolvers.exchange_resolver - INFO - Using resolved exchange 'Okx'...
/Users/htq/miniconda3/envs/freqtrade311/lib/python3.11/site-packages/pandas_ta/__init__.py:6: UserWarning: pkg_resources is deprecated as an API. See https://setuptools.pypa.io/en/latest/pkg_resources.html. The pkg_resources package is slated for removal as early as 2025-11-30. Refrain from using this package or pin to Setuptools<81.
  from pkg_resources import get_distribution, DistributionNotFound
2025-10-15 01:45:19,382 - freqtrade.resolvers.iresolver - INFO - Using resolved strategy GodStra from '/Users/htq/Desktop/真正的金融/币圈/freqtrade/user_data/strategies/GodStra.py'...
2025-10-15 01:45:19,383 - freqtrade.strategy.hyper - INFO - Found no parameter file.
2025-10-15 01:45:19,385 - freqtrade.resolvers.strategy_resolver - INFO - Override strategy 'timeframe' with value in config file: 1h.
2025-10-15 01:45:19,385 - freqtrade.resolvers.strategy_resolver - INFO - Override strategy 'stake_currency' with value in config file: USDT.
2025-10-15 01:45:19,386 - freqtrade.resolvers.strategy_resolver - INFO - Override strategy 'stake_amount' with value in config file: unlimited.
2025-10-15 01:45:19,387 - freqtrade.resolvers.strategy_resolver - INFO - Override strategy 'unfilledtimeout' with value in config file: {'entry': 10, 'exit': 10, 'exit_timeout_count': 0, 'unit': 
'minutes'}.
2025-10-15 01:45:19,387 - freqtrade.resolvers.strategy_resolver - INFO - Override strategy 'max_open_trades' with value in config file: 3.
2025-10-15 01:45:19,388 - freqtrade.resolvers.strategy_resolver - INFO - Strategy using minimal_roi: {'0': 0.3556, '4818': 0.21275, '6395': 0.09024, '22372': 0}
2025-10-15 01:45:19,389 - freqtrade.resolvers.strategy_resolver - INFO - Strategy using timeframe: 1h
2025-10-15 01:45:19,389 - freqtrade.resolvers.strategy_resolver - INFO - Strategy using stoploss: -0.34549
2025-10-15 01:45:19,390 - freqtrade.resolvers.strategy_resolver - INFO - Strategy using trailing_stop: True
2025-10-15 01:45:19,390 - freqtrade.resolvers.strategy_resolver - INFO - Strategy using trailing_stop_positive: 0.22673
2025-10-15 01:45:19,391 - freqtrade.resolvers.strategy_resolver - INFO - Strategy using trailing_stop_positive_offset: 0.2684
2025-10-15 01:45:19,392 - freqtrade.resolvers.strategy_resolver - INFO - Strategy using trailing_only_offset_is_reached: True
2025-10-15 01:45:19,392 - freqtrade.resolvers.strategy_resolver - INFO - Strategy using use_custom_stoploss: False
2025-10-15 01:45:19,393 - freqtrade.resolvers.strategy_resolver - INFO - Strategy using process_only_new_candles: True
2025-10-15 01:45:19,394 - freqtrade.resolvers.strategy_resolver - INFO - Strategy using order_types: {'entry': 'limit', 'exit': 'limit', 'stoploss': 'limit', 'stoploss_on_exchange': False, 
'stoploss_on_exchange_interval': 60}
2025-10-15 01:45:19,394 - freqtrade.resolvers.strategy_resolver - INFO - Strategy using order_time_in_force: {'entry': 'GTC', 'exit': 'GTC'}
2025-10-15 01:45:19,395 - freqtrade.resolvers.strategy_resolver - INFO - Strategy using stake_currency: USDT
2025-10-15 01:45:19,395 - freqtrade.resolvers.strategy_resolver - INFO - Strategy using stake_amount: unlimited
2025-10-15 01:45:19,396 - freqtrade.resolvers.strategy_resolver - INFO - Strategy using startup_candle_count: 0
2025-10-15 01:45:19,396 - freqtrade.resolvers.strategy_resolver - INFO - Strategy using unfilledtimeout: {'entry': 10, 'exit': 10, 'exit_timeout_count': 0, 'unit': 'minutes'}
2025-10-15 01:45:19,397 - freqtrade.resolvers.strategy_resolver - INFO - Strategy using use_exit_signal: True
2025-10-15 01:45:19,397 - freqtrade.resolvers.strategy_resolver - INFO - Strategy using exit_profit_only: False
2025-10-15 01:45:19,397 - freqtrade.resolvers.strategy_resolver - INFO - Strategy using ignore_roi_if_entry_signal: False
2025-10-15 01:45:19,398 - freqtrade.resolvers.strategy_resolver - INFO - Strategy using exit_profit_offset: 0.0
2025-10-15 01:45:19,399 - freqtrade.resolvers.strategy_resolver - INFO - Strategy using disable_dataframe_checks: False
2025-10-15 01:45:19,399 - freqtrade.resolvers.strategy_resolver - INFO - Strategy using ignore_buying_expired_candle_after: 0
2025-10-15 01:45:19,400 - freqtrade.resolvers.strategy_resolver - INFO - Strategy using position_adjustment_enable: False
2025-10-15 01:45:19,400 - freqtrade.resolvers.strategy_resolver - INFO - Strategy using max_entry_position_adjustment: -1
2025-10-15 01:45:19,400 - freqtrade.resolvers.strategy_resolver - INFO - Strategy using max_open_trades: 3
2025-10-15 01:45:19,401 - freqtrade.configuration.config_validation - INFO - Validating configuration ...
2025-10-15 01:45:19,584 - freqtrade.wallets - INFO - Wallets synced.
2025-10-15 01:46:20,236 - freqtrade.rpc.fiat_convert - ERROR - Could not load FIAT Cryptocurrency map for the following problem: {'status': {'error_code': 429, 'error_message': "You've exceeded the 
Rate Limit. Please visit https://www.coingecko.com/en/api/pricing to subscribe to our API plans for higher rate limits."}}
2025-10-15 01:46:20,237 - freqtrade.rpc.rpc_manager - INFO - Enabling rpc.api_server
2025-10-15 01:46:20,362 - freqtrade.rpc.api_server.webserver - INFO - Starting HTTP Server at 127.0.0.1:8107
2025-10-15 01:46:20,362 - freqtrade.rpc.api_server.webserver - WARNING - SECURITY WARNING - `jwt_secret_key` seems to be default.Others may be able to log into your bot.
2025-10-15 01:46:20,363 - freqtrade.rpc.api_server.webserver - INFO - Starting Local Rest Server.
2025-10-15 01:46:20,374 - uvicorn.error - INFO - Started server process [55755]
2025-10-15 01:46:20,375 - uvicorn.error - INFO - Waiting for application startup.
2025-10-15 01:46:20,375 - uvicorn.error - INFO - Application startup complete.
2025-10-15 01:46:20,376 - uvicorn.error - INFO - Uvicorn running on http://127.0.0.1:8107 (Press CTRL+C to quit)
2025-10-15 01:46:20,379 - freqtrade.resolvers.iresolver - INFO - Using resolved pairlist StaticPairList from 
'/Users/htq/Desktop/真正的金融/币圈/freqtrade/freqtrade/plugins/pairlist/StaticPairList.py'...
2025-10-15 01:46:20,379 - freqtrade.freqtradebot - INFO - Starting initial pairlist refresh
2025-10-15 01:46:20,385 - freqtrade.plugins.pairlistmanager - INFO - Whitelist with 1 pairs: ['DOGE/USDT']
2025-10-15 01:46:20,386 - freqtrade.freqtradebot - INFO - Initial Pairlist refresh took 0.01s
2025-10-15 01:46:20,386 - freqtrade.strategy.hyper - INFO - No params for protection found, using default values.
2025-10-15 01:46:20,387 - freqtrade.plugins.protectionmanager - INFO - No protection Handlers defined.
2025-10-15 01:46:20,387 - freqtrade.rpc.rpc_manager - INFO - Sending rpc message: {'type': status, 'status': 'running'}
2025-10-15 01:46:20,387 - freqtrade.worker - INFO - Changing state to: RUNNING
2025-10-15 01:46:20,394 - freqtrade.rpc.rpc_manager - INFO - Sending rpc message: {'type': warning, 'status': 'Dry run is enabled. All trades are simulated.'}
2025-10-15 01:46:20,394 - freqtrade.rpc.rpc_manager - INFO - Sending rpc message: {'type': startup, 'status': "*Exchange:* `okx`\n*Stake per trade:* `unlimited USDT`\n*Minimum ROI:* `{'0': 0.3556, 
'4818': 0.21275, '6395': 0.09024, '22372': 0}`\n*Trailing Stoploss:* `-0.34549`\n*Position adjustment:* `Off`\n*Timeframe:* `1h`\n*Strategy:* `GodStra`"}
2025-10-15 01:46:20,394 - freqtrade.rpc.rpc_manager - INFO - Sending rpc message: {'type': startup, 'status': "Searching for USDT pairs to buy and sell based on [{'StaticPairList': 
'StaticPairList'}]"}
2025-10-15 01:46:25,400 - freqtrade.worker - INFO - Bot heartbeat. PID=55755, version='2025.8', state='RUNNING'
2025-10-15 01:47:25,459 - freqtrade.worker - INFO - Bot heartbeat. PID=55755, version='2025.8', state='RUNNING'
2025-10-15 01:48:25,511 - freqtrade.worker - INFO - Bot heartbeat. PID=55755, version='2025.8', state='RUNNING'
2025-10-15 01:49:25,557 - freqtrade.worker - INFO - Bot heartbeat. PID=55755, version='2025.8', state='RUNNING'
2025-10-15 01:50:25,614 - freqtrade.worker - INFO - Bot heartbeat. PID=55755, version='2025.8', state='RUNNING'
2025-10-15 01:51:25,655 - freqtrade.worker - INFO - Bot heartbeat. PID=55755, version='2025.8', state='RUNNING'
2025-10-15 01:52:25,709 - freqtrade.worker - INFO - Bot heartbeat. PID=55755, version='2025.8', state='RUNNING'
2025-10-15 01:53:25,765 - freqtrade.worker - INFO - Bot heartbeat. PID=55755, version='2025.8', state='RUNNING'
2025-10-15 01:54:11,178 - uvicorn.error - INFO - 127.0.0.1:57946 - "WebSocket 
/api/v1/message/ws?token=eyJhbGciOiJIUzI1NiIsInR5cCI6IkpXVCJ9.eyJpZGVudGl0eSI6eyJ1IjoiRnJlcXRyYWRlciJ9LCJleHAiOjE3NjA0NjUzNTEsImlhdCI6MTc2MDQ2NDQ1MSwidHlwZSI6ImFjY2VzcyJ9.UEpBR0Lja3FjlCskB9op70agqftkE
4YoisvLsDVnWmI" [accepted]
2025-10-15 01:54:11,184 - freqtrade.rpc.api_server.ws.channel - INFO - Connected to channel - WebSocketChannel(040f10a8, ('127.0.0.1', 57946))
2025-10-15 01:54:11,210 - uvicorn.error - INFO - connection open
2025-10-15 01:54:25,819 - freqtrade.worker - INFO - Bot heartbeat. PID=55755, version='2025.8', state='RUNNING'
2025-10-15 01:55:25,879 - freqtrade.worker - INFO - Bot heartbeat. PID=55755, version='2025.8', state='RUNNING'
2025-10-15 01:56:25,936 - freqtrade.worker - INFO - Bot heartbeat. PID=55755, version='2025.8', state='RUNNING'
2025-10-15 01:56:38,927 - uvicorn.error - INFO - connection closed
2025-10-15 01:56:38,928 - freqtrade.rpc.api_server.ws.channel - INFO - Disconnected from channel - WebSocketChannel(040f10a8, ('127.0.0.1', 57946))
2025-10-15 01:56:49,538 - uvicorn.error - INFO - 127.0.0.1:58468 - "WebSocket 
/api/v1/message/ws?token=eyJhbGciOiJIUzI1NiIsInR5cCI6IkpXVCJ9.eyJpZGVudGl0eSI6eyJ1IjoiRnJlcXRyYWRlciJ9LCJleHAiOjE3NjA0NjUzNTEsImlhdCI6MTc2MDQ2NDQ1MSwidHlwZSI6ImFjY2VzcyJ9.UEpBR0Lja3FjlCskB9op70agqftkE
4YoisvLsDVnWmI" [accepted]
2025-10-15 01:56:49,540 - freqtrade.rpc.api_server.ws.channel - INFO - Connected to channel - WebSocketChannel(a506bca0, ('127.0.0.1', 58468))
2025-10-15 01:56:49,541 - uvicorn.error - INFO - connection open
2025-10-15 02:10:03,200 - freqtrade.worker - INFO - Bot heartbeat. PID=55755, version='2025.8', state='RUNNING'
2025-10-15 03:12:13,757 - freqtrade.worker - INFO - Bot heartbeat. PID=55755, version='2025.8', state='RUNNING'
2025-10-15 03:12:15,683 - freqtrade.exchange.exchange - INFO - Couldn't reuse watch for DOGE/USDT, 1h, falling back to REST api. False, 1760468400000, 1760464628622, 2025-10-14T19:00:00, 
2025-10-14T17:57:08 
2025-10-15 03:29:06,876 - freqtrade.exchange.exchange_ws - ERROR - Exception in continuously_async_watch_ohlcv for DOGE/USDT, 1h
Traceback (most recent call last):
  File "/Users/htq/Desktop/真正的金融/币圈/freqtrade/freqtrade/exchange/exchange_ws.py", line 176, in _continuously_async_watch_ohlcv
    data = await self._ccxt_object.watch_ohlcv(pair, timeframe)
           ^^^^^^^^^^^^^^^^^^^^^^^^^^^^^^^^^^^^^^^^^^^^^^^^^^^^
  File "/Users/htq/miniconda3/envs/freqtrade311/lib/python3.11/site-packages/ccxt/pro/okx.py", line 900, in watch_ohlcv
    ohlcv = await self.subscribe('public', name, name, symbol, params)
            ^^^^^^^^^^^^^^^^^^^^^^^^^^^^^^^^^^^^^^^^^^^^^^^^^^^^^^^^^^
  File "/Users/htq/miniconda3/envs/freqtrade311/lib/python3.11/site-packages/ccxt/pro/okx.py", line 171, in subscribe
    return await self.watch(url, messageHash, request, messageHash)
           ^^^^^^^^^^^^^^^^^^^^^^^^^^^^^^^^^^^^^^^^^^^^^^^^^^^^^^^^
ccxt.base.errors.RequestTimeout: Connection to wss://ws.okx.com:8443/ws/v5/business timed out due to a ping-pong keepalive missing on time
2025-10-15 03:29:06,878 - freqtrade.exchange.exchange_ws - INFO - DOGE/USDT, 1h, spot - Task finished - done
2025-10-15 03:57:39,329 - freqtrade.worker - INFO - Bot heartbeat. PID=55755, version='2025.8', state='RUNNING'
2025-10-15 04:58:43,153 - freqtrade.worker - INFO - Bot heartbeat. PID=55755, version='2025.8', state='RUNNING'
2025-10-15 04:58:44,818 - freqtrade.exchange.exchange - INFO - Couldn't reuse watch for DOGE/USDT, 1h, falling back to REST api. False, 1760472000000, 0, 2025-10-14T20:00:00, 1970-01-01T00:00:00 
2025-10-15 05:59:41,867 - freqtrade.worker - INFO - Bot heartbeat. PID=55755, version='2025.8', state='RUNNING'
2025-10-15 05:59:42,047 - freqtrade.exchange.common - WARNING - _load_async_markets() returned exception: "Error in reload_markets due to ExchangeNotAvailable. Message: okx GET 
https://www.okx.com/api/v5/public/instruments?instType=SPOT". Giving up.
2025-10-15 05:59:42,047 - freqtrade.exchange.exchange - ERROR - Could not load markets.
Traceback (most recent call last):
  File "/Users/htq/miniconda3/envs/freqtrade311/lib/python3.11/site-packages/ccxt/async_support/base/exchange.py", line 217, in fetch
    async with session_method(yarl.URL(url, encoded=True),
  File "/Users/htq/miniconda3/envs/freqtrade311/lib/python3.11/site-packages/aiohttp/client.py", line 1488, in __aenter__
    self._resp: _RetType = await self._coro
                           ^^^^^^^^^^^^^^^^
  File "/Users/htq/miniconda3/envs/freqtrade311/lib/python3.11/site-packages/aiohttp/client.py", line 770, in _request
    resp = await handler(req)
           ^^^^^^^^^^^^^^^^^^
  File "/Users/htq/miniconda3/envs/freqtrade311/lib/python3.11/site-packages/aiohttp/client.py", line 748, in _connect_and_send_request
    await resp.start(conn)
  File "/Users/htq/miniconda3/envs/freqtrade311/lib/python3.11/site-packages/aiohttp/client_reqrep.py", line 532, in start
    message, payload = await protocol.read()  # type: ignore[union-attr]
                       ^^^^^^^^^^^^^^^^^^^^^
  File "/Users/htq/miniconda3/envs/freqtrade311/lib/python3.11/site-packages/aiohttp/streams.py", line 672, in read
    await self._waiter
aiohttp.client_exceptions.ServerDisconnectedError: Server disconnected

The above exception was the direct cause of the following exception:

Traceback (most recent call last):
  File "/Users/htq/Desktop/真正的金融/币圈/freqtrade/freqtrade/exchange/exchange.py", line 651, in _api_reload_markets
    await self._api_async.load_markets(reload=reload, params={})
  File "/Users/htq/miniconda3/envs/freqtrade311/lib/python3.11/site-packages/ccxt/async_support/base/exchange.py", line 338, in load_markets
    raise e
  File "/Users/htq/miniconda3/envs/freqtrade311/lib/python3.11/site-packages/ccxt/async_support/base/exchange.py", line 330, in load_markets
    result = await self.markets_loading
             ^^^^^^^^^^^^^^^^^^^^^^^^^^
  File "/Users/htq/miniconda3/envs/freqtrade311/lib/python3.11/site-packages/ccxt/async_support/base/exchange.py", line 297, in load_markets_helper
    markets = await self.fetch_markets(params)
              ^^^^^^^^^^^^^^^^^^^^^^^^^^^^^^^^
  File "/Users/htq/miniconda3/envs/freqtrade311/lib/python3.11/site-packages/ccxt/async_support/okx.py", line 1576, in fetch_markets
    promises = await asyncio.gather(*promises)
               ^^^^^^^^^^^^^^^^^^^^^^^^^^^^^^^
  File "/Users/htq/miniconda3/envs/freqtrade311/lib/python3.11/site-packages/ccxt/async_support/okx.py", line 1744, in fetch_markets_by_type
    response = await self.publicGetPublicInstruments(self.extend(request, params))
               ^^^^^^^^^^^^^^^^^^^^^^^^^^^^^^^^^^^^^^^^^^^^^^^^^^^^^^^^^^^^^^^^^^^
  File "/Users/htq/miniconda3/envs/freqtrade311/lib/python3.11/site-packages/ccxt/async_support/base/exchange.py", line 978, in request
    return await self.fetch2(path, api, method, params, headers, body, config)
           ^^^^^^^^^^^^^^^^^^^^^^^^^^^^^^^^^^^^^^^^^^^^^^^^^^^^^^^^^^^^^^^^^^^
  File "/Users/htq/miniconda3/envs/freqtrade311/lib/python3.11/site-packages/ccxt/async_support/base/exchange.py", line 972, in fetch2
    raise e
  File "/Users/htq/miniconda3/envs/freqtrade311/lib/python3.11/site-packages/ccxt/async_support/base/exchange.py", line 963, in fetch2
    return await self.fetch(request['url'], request['method'], request['headers'], request['body'])
           ^^^^^^^^^^^^^^^^^^^^^^^^^^^^^^^^^^^^^^^^^^^^^^^^^^^^^^^^^^^^^^^^^^^^^^^^^^^^^^^^^^^^^^^^
  File "/Users/htq/miniconda3/envs/freqtrade311/lib/python3.11/site-packages/ccxt/async_support/base/exchange.py", line 257, in fetch
    raise ExchangeNotAvailable(details) from e
ccxt.base.errors.ExchangeNotAvailable: okx GET https://www.okx.com/api/v5/public/instruments?instType=SPOT

The above exception was the direct cause of the following exception:

Traceback (most recent call last):
  File "/Users/htq/Desktop/真正的金融/币圈/freqtrade/freqtrade/exchange/exchange.py", line 691, in reload_markets
    retrier(self._load_async_markets, retries=retries)(reload=True)
  File "/Users/htq/Desktop/真正的金融/币圈/freqtrade/freqtrade/exchange/common.py", line 187, in wrapper
    raise ex
  File "/Users/htq/Desktop/真正的金融/币圈/freqtrade/freqtrade/exchange/common.py", line 172, in wrapper
    return f(*args, **kwargs)
           ^^^^^^^^^^^^^^^^^^
  File "/Users/htq/Desktop/真正的金融/币圈/freqtrade/freqtrade/exchange/exchange.py", line 664, in _load_async_markets
    markets = self.loop.run_until_complete(self._api_reload_markets(reload=reload))
              ^^^^^^^^^^^^^^^^^^^^^^^^^^^^^^^^^^^^^^^^^^^^^^^^^^^^^^^^^^^^^^^^^^^^^
  File "/Users/htq/miniconda3/envs/freqtrade311/lib/python3.11/asyncio/base_events.py", line 650, in run_until_complete
    return future.result()
           ^^^^^^^^^^^^^^^
  File "/Users/htq/Desktop/真正的金融/币圈/freqtrade/freqtrade/exchange/exchange.py", line 655, in _api_reload_markets
    raise TemporaryError(
freqtrade.exceptions.TemporaryError: Error in reload_markets due to ExchangeNotAvailable. Message: okx GET https://www.okx.com/api/v5/public/instruments?instType=SPOT
2025-10-15 07:00:42,279 - freqtrade.worker - INFO - Bot heartbeat. PID=55755, version='2025.8', state='RUNNING'
2025-10-15 07:00:42,481 - freqtrade.exchange.common - WARNING - _load_async_markets() returned exception: "Error in reload_markets due to ExchangeNotAvailable. Message: okx GET 
https://www.okx.com/api/v5/public/instruments?instType=SPOT". Giving up.
2025-10-15 07:00:42,482 - freqtrade.exchange.exchange - ERROR - Could not load markets.
Traceback (most recent call last):
  File "/Users/htq/miniconda3/envs/freqtrade311/lib/python3.11/site-packages/ccxt/async_support/base/exchange.py", line 217, in fetch
    async with session_method(yarl.URL(url, encoded=True),
  File "/Users/htq/miniconda3/envs/freqtrade311/lib/python3.11/site-packages/aiohttp/client.py", line 1488, in __aenter__
    self._resp: _RetType = await self._coro
                           ^^^^^^^^^^^^^^^^
  File "/Users/htq/miniconda3/envs/freqtrade311/lib/python3.11/site-packages/aiohttp/client.py", line 770, in _request
    resp = await handler(req)
           ^^^^^^^^^^^^^^^^^^
  File "/Users/htq/miniconda3/envs/freqtrade311/lib/python3.11/site-packages/aiohttp/client.py", line 748, in _connect_and_send_request
    await resp.start(conn)
  File "/Users/htq/miniconda3/envs/freqtrade311/lib/python3.11/site-packages/aiohttp/client_reqrep.py", line 532, in start
    message, payload = await protocol.read()  # type: ignore[union-attr]
                       ^^^^^^^^^^^^^^^^^^^^^
  File "/Users/htq/miniconda3/envs/freqtrade311/lib/python3.11/site-packages/aiohttp/streams.py", line 672, in read
    await self._waiter
aiohttp.client_exceptions.ServerDisconnectedError: Server disconnected

The above exception was the direct cause of the following exception:

Traceback (most recent call last):
  File "/Users/htq/Desktop/真正的金融/币圈/freqtrade/freqtrade/exchange/exchange.py", line 651, in _api_reload_markets
    await self._api_async.load_markets(reload=reload, params={})
  File "/Users/htq/miniconda3/envs/freqtrade311/lib/python3.11/site-packages/ccxt/async_support/base/exchange.py", line 338, in load_markets
    raise e
  File "/Users/htq/miniconda3/envs/freqtrade311/lib/python3.11/site-packages/ccxt/async_support/base/exchange.py", line 330, in load_markets
    result = await self.markets_loading
             ^^^^^^^^^^^^^^^^^^^^^^^^^^
  File "/Users/htq/miniconda3/envs/freqtrade311/lib/python3.11/site-packages/ccxt/async_support/base/exchange.py", line 297, in load_markets_helper
    markets = await self.fetch_markets(params)
              ^^^^^^^^^^^^^^^^^^^^^^^^^^^^^^^^
  File "/Users/htq/miniconda3/envs/freqtrade311/lib/python3.11/site-packages/ccxt/async_support/okx.py", line 1576, in fetch_markets
    promises = await asyncio.gather(*promises)
               ^^^^^^^^^^^^^^^^^^^^^^^^^^^^^^^
  File "/Users/htq/miniconda3/envs/freqtrade311/lib/python3.11/site-packages/ccxt/async_support/okx.py", line 1744, in fetch_markets_by_type
    response = await self.publicGetPublicInstruments(self.extend(request, params))
               ^^^^^^^^^^^^^^^^^^^^^^^^^^^^^^^^^^^^^^^^^^^^^^^^^^^^^^^^^^^^^^^^^^^
  File "/Users/htq/miniconda3/envs/freqtrade311/lib/python3.11/site-packages/ccxt/async_support/base/exchange.py", line 978, in request
    return await self.fetch2(path, api, method, params, headers, body, config)
           ^^^^^^^^^^^^^^^^^^^^^^^^^^^^^^^^^^^^^^^^^^^^^^^^^^^^^^^^^^^^^^^^^^^
  File "/Users/htq/miniconda3/envs/freqtrade311/lib/python3.11/site-packages/ccxt/async_support/base/exchange.py", line 972, in fetch2
    raise e
  File "/Users/htq/miniconda3/envs/freqtrade311/lib/python3.11/site-packages/ccxt/async_support/base/exchange.py", line 963, in fetch2
    return await self.fetch(request['url'], request['method'], request['headers'], request['body'])
           ^^^^^^^^^^^^^^^^^^^^^^^^^^^^^^^^^^^^^^^^^^^^^^^^^^^^^^^^^^^^^^^^^^^^^^^^^^^^^^^^^^^^^^^^
  File "/Users/htq/miniconda3/envs/freqtrade311/lib/python3.11/site-packages/ccxt/async_support/base/exchange.py", line 257, in fetch
    raise ExchangeNotAvailable(details) from e
ccxt.base.errors.ExchangeNotAvailable: okx GET https://www.okx.com/api/v5/public/instruments?instType=SPOT

The above exception was the direct cause of the following exception:

Traceback (most recent call last):
  File "/Users/htq/Desktop/真正的金融/币圈/freqtrade/freqtrade/exchange/exchange.py", line 691, in reload_markets
    retrier(self._load_async_markets, retries=retries)(reload=True)
  File "/Users/htq/Desktop/真正的金融/币圈/freqtrade/freqtrade/exchange/common.py", line 187, in wrapper
    raise ex
  File "/Users/htq/Desktop/真正的金融/币圈/freqtrade/freqtrade/exchange/common.py", line 172, in wrapper
    return f(*args, **kwargs)
           ^^^^^^^^^^^^^^^^^^
  File "/Users/htq/Desktop/真正的金融/币圈/freqtrade/freqtrade/exchange/exchange.py", line 664, in _load_async_markets
    markets = self.loop.run_until_complete(self._api_reload_markets(reload=reload))
              ^^^^^^^^^^^^^^^^^^^^^^^^^^^^^^^^^^^^^^^^^^^^^^^^^^^^^^^^^^^^^^^^^^^^^
  File "/Users/htq/miniconda3/envs/freqtrade311/lib/python3.11/asyncio/base_events.py", line 650, in run_until_complete
    return future.result()
           ^^^^^^^^^^^^^^^
  File "/Users/htq/Desktop/真正的金融/币圈/freqtrade/freqtrade/exchange/exchange.py", line 655, in _api_reload_markets
    raise TemporaryError(
freqtrade.exceptions.TemporaryError: Error in reload_markets due to ExchangeNotAvailable. Message: okx GET https://www.okx.com/api/v5/public/instruments?instType=SPOT
2025-10-15 07:00:42,492 - freqtrade.exchange.exchange - INFO - Couldn't reuse watch for DOGE/USDT, 1h, falling back to REST api. False, 1760482800000, 1760475526440, 2025-10-14T23:00:00, 
2025-10-14T20:58:46 
2025-10-15 07:00:48,068 - freqtrade.exchange.exchange_ws - ERROR - Exception in continuously_async_watch_ohlcv for DOGE/USDT, 1h
Traceback (most recent call last):
  File "/Users/htq/Desktop/真正的金融/币圈/freqtrade/freqtrade/exchange/exchange_ws.py", line 176, in _continuously_async_watch_ohlcv
    data = await self._ccxt_object.watch_ohlcv(pair, timeframe)
           ^^^^^^^^^^^^^^^^^^^^^^^^^^^^^^^^^^^^^^^^^^^^^^^^^^^^
  File "/Users/htq/miniconda3/envs/freqtrade311/lib/python3.11/site-packages/ccxt/pro/okx.py", line 900, in watch_ohlcv
    ohlcv = await self.subscribe('public', name, name, symbol, params)
            ^^^^^^^^^^^^^^^^^^^^^^^^^^^^^^^^^^^^^^^^^^^^^^^^^^^^^^^^^^
  File "/Users/htq/miniconda3/envs/freqtrade311/lib/python3.11/site-packages/ccxt/pro/okx.py", line 171, in subscribe
    return await self.watch(url, messageHash, request, messageHash)
           ^^^^^^^^^^^^^^^^^^^^^^^^^^^^^^^^^^^^^^^^^^^^^^^^^^^^^^^^
ccxt.base.errors.RequestTimeout: Connection to wss://ws.okx.com:8443/ws/v5/business timed out due to a ping-pong keepalive missing on time
2025-10-15 07:00:48,071 - freqtrade.exchange.exchange_ws - INFO - DOGE/USDT, 1h, spot - Task finished - done
2025-10-15 08:01:45,150 - freqtrade.worker - INFO - Bot heartbeat. PID=55755, version='2025.8', state='RUNNING'
2025-10-15 08:01:45,354 - freqtrade.exchange.common - WARNING - _load_async_markets() returned exception: "Error in reload_markets due to ExchangeNotAvailable. Message: okx GET 
https://www.okx.com/api/v5/public/instruments?instType=SPOT". Giving up.
2025-10-15 08:01:45,354 - freqtrade.exchange.exchange - ERROR - Could not load markets.
Traceback (most recent call last):
  File "/Users/htq/miniconda3/envs/freqtrade311/lib/python3.11/site-packages/ccxt/async_support/base/exchange.py", line 217, in fetch
    async with session_method(yarl.URL(url, encoded=True),
  File "/Users/htq/miniconda3/envs/freqtrade311/lib/python3.11/site-packages/aiohttp/client.py", line 1488, in __aenter__
    self._resp: _RetType = await self._coro
                           ^^^^^^^^^^^^^^^^
  File "/Users/htq/miniconda3/envs/freqtrade311/lib/python3.11/site-packages/aiohttp/client.py", line 770, in _request
    resp = await handler(req)
           ^^^^^^^^^^^^^^^^^^
  File "/Users/htq/miniconda3/envs/freqtrade311/lib/python3.11/site-packages/aiohttp/client.py", line 748, in _connect_and_send_request
    await resp.start(conn)
  File "/Users/htq/miniconda3/envs/freqtrade311/lib/python3.11/site-packages/aiohttp/client_reqrep.py", line 532, in start
    message, payload = await protocol.read()  # type: ignore[union-attr]
                       ^^^^^^^^^^^^^^^^^^^^^
  File "/Users/htq/miniconda3/envs/freqtrade311/lib/python3.11/site-packages/aiohttp/streams.py", line 672, in read
    await self._waiter
aiohttp.client_exceptions.ServerDisconnectedError: Server disconnected

The above exception was the direct cause of the following exception:

Traceback (most recent call last):
  File "/Users/htq/Desktop/真正的金融/币圈/freqtrade/freqtrade/exchange/exchange.py", line 651, in _api_reload_markets
    await self._api_async.load_markets(reload=reload, params={})
  File "/Users/htq/miniconda3/envs/freqtrade311/lib/python3.11/site-packages/ccxt/async_support/base/exchange.py", line 338, in load_markets
    raise e
  File "/Users/htq/miniconda3/envs/freqtrade311/lib/python3.11/site-packages/ccxt/async_support/base/exchange.py", line 330, in load_markets
    result = await self.markets_loading
             ^^^^^^^^^^^^^^^^^^^^^^^^^^
  File "/Users/htq/miniconda3/envs/freqtrade311/lib/python3.11/site-packages/ccxt/async_support/base/exchange.py", line 297, in load_markets_helper
    markets = await self.fetch_markets(params)
              ^^^^^^^^^^^^^^^^^^^^^^^^^^^^^^^^
  File "/Users/htq/miniconda3/envs/freqtrade311/lib/python3.11/site-packages/ccxt/async_support/okx.py", line 1576, in fetch_markets
    promises = await asyncio.gather(*promises)
               ^^^^^^^^^^^^^^^^^^^^^^^^^^^^^^^
  File "/Users/htq/miniconda3/envs/freqtrade311/lib/python3.11/site-packages/ccxt/async_support/okx.py", line 1744, in fetch_markets_by_type
    response = await self.publicGetPublicInstruments(self.extend(request, params))
               ^^^^^^^^^^^^^^^^^^^^^^^^^^^^^^^^^^^^^^^^^^^^^^^^^^^^^^^^^^^^^^^^^^^
  File "/Users/htq/miniconda3/envs/freqtrade311/lib/python3.11/site-packages/ccxt/async_support/base/exchange.py", line 978, in request
    return await self.fetch2(path, api, method, params, headers, body, config)
           ^^^^^^^^^^^^^^^^^^^^^^^^^^^^^^^^^^^^^^^^^^^^^^^^^^^^^^^^^^^^^^^^^^^
  File "/Users/htq/miniconda3/envs/freqtrade311/lib/python3.11/site-packages/ccxt/async_support/base/exchange.py", line 972, in fetch2
    raise e
  File "/Users/htq/miniconda3/envs/freqtrade311/lib/python3.11/site-packages/ccxt/async_support/base/exchange.py", line 963, in fetch2
    return await self.fetch(request['url'], request['method'], request['headers'], request['body'])
           ^^^^^^^^^^^^^^^^^^^^^^^^^^^^^^^^^^^^^^^^^^^^^^^^^^^^^^^^^^^^^^^^^^^^^^^^^^^^^^^^^^^^^^^^
  File "/Users/htq/miniconda3/envs/freqtrade311/lib/python3.11/site-packages/ccxt/async_support/base/exchange.py", line 257, in fetch
    raise ExchangeNotAvailable(details) from e
ccxt.base.errors.ExchangeNotAvailable: okx GET https://www.okx.com/api/v5/public/instruments?instType=SPOT

The above exception was the direct cause of the following exception:

Traceback (most recent call last):
  File "/Users/htq/Desktop/真正的金融/币圈/freqtrade/freqtrade/exchange/exchange.py", line 691, in reload_markets
    retrier(self._load_async_markets, retries=retries)(reload=True)
  File "/Users/htq/Desktop/真正的金融/币圈/freqtrade/freqtrade/exchange/common.py", line 187, in wrapper
    raise ex
  File "/Users/htq/Desktop/真正的金融/币圈/freqtrade/freqtrade/exchange/common.py", line 172, in wrapper
    return f(*args, **kwargs)
           ^^^^^^^^^^^^^^^^^^
  File "/Users/htq/Desktop/真正的金融/币圈/freqtrade/freqtrade/exchange/exchange.py", line 664, in _load_async_markets
    markets = self.loop.run_until_complete(self._api_reload_markets(reload=reload))
              ^^^^^^^^^^^^^^^^^^^^^^^^^^^^^^^^^^^^^^^^^^^^^^^^^^^^^^^^^^^^^^^^^^^^^
  File "/Users/htq/miniconda3/envs/freqtrade311/lib/python3.11/asyncio/base_events.py", line 650, in run_until_complete
    return future.result()
           ^^^^^^^^^^^^^^^
  File "/Users/htq/Desktop/真正的金融/币圈/freqtrade/freqtrade/exchange/exchange.py", line 655, in _api_reload_markets
    raise TemporaryError(
freqtrade.exceptions.TemporaryError: Error in reload_markets due to ExchangeNotAvailable. Message: okx GET https://www.okx.com/api/v5/public/instruments?instType=SPOT
2025-10-15 08:01:45,364 - freqtrade.exchange.exchange - INFO - Couldn't reuse watch for DOGE/USDT, 1h, falling back to REST api. False, 1760486400000, 0, 2025-10-15T00:00:00, 1970-01-01T00:00:00 
2025-10-15 08:12:02,801 - freqtrade.exchange.exchange_ws - ERROR - Exception in continuously_async_watch_ohlcv for DOGE/USDT, 1h
Traceback (most recent call last):
  File "/Users/htq/Desktop/真正的金融/币圈/freqtrade/freqtrade/exchange/exchange_ws.py", line 176, in _continuously_async_watch_ohlcv
    data = await self._ccxt_object.watch_ohlcv(pair, timeframe)
           ^^^^^^^^^^^^^^^^^^^^^^^^^^^^^^^^^^^^^^^^^^^^^^^^^^^^
  File "/Users/htq/miniconda3/envs/freqtrade311/lib/python3.11/site-packages/ccxt/pro/okx.py", line 900, in watch_ohlcv
    ohlcv = await self.subscribe('public', name, name, symbol, params)
            ^^^^^^^^^^^^^^^^^^^^^^^^^^^^^^^^^^^^^^^^^^^^^^^^^^^^^^^^^^
  File "/Users/htq/miniconda3/envs/freqtrade311/lib/python3.11/site-packages/ccxt/pro/okx.py", line 171, in subscribe
    return await self.watch(url, messageHash, request, messageHash)
           ^^^^^^^^^^^^^^^^^^^^^^^^^^^^^^^^^^^^^^^^^^^^^^^^^^^^^^^^
ccxt.base.errors.RequestTimeout: Connection timeout
2025-10-15 08:12:02,803 - freqtrade.exchange.exchange_ws - INFO - DOGE/USDT, 1h, spot - Task finished - done
2025-10-15 08:12:02,804 - freqtrade.exchange.exchange_ws - ERROR - Exception in _unwatch_ohlcv
Traceback (most recent call last):
  File "/Users/htq/Desktop/真正的金融/币圈/freqtrade/freqtrade/exchange/exchange_ws.py", line 144, in _unwatch_ohlcv
    await self._ccxt_object.un_watch_ohlcv_for_symbols([[pair, timeframe]])
  File "/Users/htq/miniconda3/envs/freqtrade311/lib/python3.11/site-packages/ccxt/pro/okx.py", line 986, in un_watch_ohlcv_for_symbols
    return await self.watch_multiple(url, messageHashes, request, messageHashes)
           ^^^^^^^^^^^^^^^^^^^^^^^^^^^^^^^^^^^^^^^^^^^^^^^^^^^^^^^^^^^^^^^^^^^^^
  File "/Users/htq/Desktop/真正的金融/币圈/freqtrade/freqtrade/exchange/exchange_ws.py", line 176, in _continuously_async_watch_ohlcv
    data = await self._ccxt_object.watch_ohlcv(pair, timeframe)
           ^^^^^^^^^^^^^^^^^^^^^^^^^^^^^^^^^^^^^^^^^^^^^^^^^^^^
  File "/Users/htq/miniconda3/envs/freqtrade311/lib/python3.11/site-packages/ccxt/pro/okx.py", line 900, in watch_ohlcv
    ohlcv = await self.subscribe('public', name, name, symbol, params)
            ^^^^^^^^^^^^^^^^^^^^^^^^^^^^^^^^^^^^^^^^^^^^^^^^^^^^^^^^^^
  File "/Users/htq/miniconda3/envs/freqtrade311/lib/python3.11/site-packages/ccxt/pro/okx.py", line 171, in subscribe
    return await self.watch(url, messageHash, request, messageHash)
           ^^^^^^^^^^^^^^^^^^^^^^^^^^^^^^^^^^^^^^^^^^^^^^^^^^^^^^^^
ccxt.base.errors.RequestTimeout: Connection timeout
2025-10-15 08:12:04,152 - freqtrade.exchange.exchange_ws - ERROR - Exception in _unwatch_ohlcv
Traceback (most recent call last):
  File "/Users/htq/Desktop/真正的金融/币圈/freqtrade/freqtrade/exchange/exchange_ws.py", line 144, in _unwatch_ohlcv
    await self._ccxt_object.un_watch_ohlcv_for_symbols([[pair, timeframe]])
  File "/Users/htq/miniconda3/envs/freqtrade311/lib/python3.11/site-packages/ccxt/pro/okx.py", line 986, in un_watch_ohlcv_for_symbols
    return await self.watch_multiple(url, messageHashes, request, messageHashes)
           ^^^^^^^^^^^^^^^^^^^^^^^^^^^^^^^^^^^^^^^^^^^^^^^^^^^^^^^^^^^^^^^^^^^^^
ccxt.base.errors.NetworkError: Cannot connect to host ws.okx.com:8443 ssl:default [Timeout while contacting DNS servers]
2025-10-15 08:12:13,301 - freqtrade.exchange.common - WARNING - _load_async_markets() returned exception: "Error in reload_markets due to RequestTimeout. Message: okx GET 
https://www.okx.com/api/v5/public/instruments?instType=OPTION&uly=ETH-USD". Giving up.
2025-10-15 08:12:13,302 - freqtrade.exchange.exchange - ERROR - Could not load markets.
Traceback (most recent call last):
  File "/Users/htq/miniconda3/envs/freqtrade311/lib/python3.11/site-packages/aiohttp/client_reqrep.py", line 532, in start
    message, payload = await protocol.read()  # type: ignore[union-attr]
                       ^^^^^^^^^^^^^^^^^^^^^
  File "/Users/htq/miniconda3/envs/freqtrade311/lib/python3.11/site-packages/aiohttp/streams.py", line 672, in read
    await self._waiter
asyncio.exceptions.CancelledError

The above exception was the direct cause of the following exception:

Traceback (most recent call last):
  File "/Users/htq/miniconda3/envs/freqtrade311/lib/python3.11/site-packages/ccxt/async_support/base/exchange.py", line 217, in fetch
    async with session_method(yarl.URL(url, encoded=True),
  File "/Users/htq/miniconda3/envs/freqtrade311/lib/python3.11/site-packages/aiohttp/client.py", line 1488, in __aenter__
    self._resp: _RetType = await self._coro
                           ^^^^^^^^^^^^^^^^
  File "/Users/htq/miniconda3/envs/freqtrade311/lib/python3.11/site-packages/aiohttp/client.py", line 770, in _request
    resp = await handler(req)
           ^^^^^^^^^^^^^^^^^^
  File "/Users/htq/miniconda3/envs/freqtrade311/lib/python3.11/site-packages/aiohttp/client.py", line 748, in _connect_and_send_request
    await resp.start(conn)
  File "/Users/htq/miniconda3/envs/freqtrade311/lib/python3.11/site-packages/aiohttp/client_reqrep.py", line 527, in start
    with self._timer:
  File "/Users/htq/miniconda3/envs/freqtrade311/lib/python3.11/site-packages/aiohttp/helpers.py", line 685, in __exit__
    raise asyncio.TimeoutError from exc_val
TimeoutError

The above exception was the direct cause of the following exception:

Traceback (most recent call last):
  File "/Users/htq/Desktop/真正的金融/币圈/freqtrade/freqtrade/exchange/exchange.py", line 651, in _api_reload_markets
    await self._api_async.load_markets(reload=reload, params={})
  File "/Users/htq/miniconda3/envs/freqtrade311/lib/python3.11/site-packages/ccxt/async_support/base/exchange.py", line 338, in load_markets
    raise e
  File "/Users/htq/miniconda3/envs/freqtrade311/lib/python3.11/site-packages/ccxt/async_support/base/exchange.py", line 330, in load_markets
    result = await self.markets_loading
             ^^^^^^^^^^^^^^^^^^^^^^^^^^
  File "/Users/htq/miniconda3/envs/freqtrade311/lib/python3.11/site-packages/ccxt/async_support/base/exchange.py", line 297, in load_markets_helper
    markets = await self.fetch_markets(params)
              ^^^^^^^^^^^^^^^^^^^^^^^^^^^^^^^^
  File "/Users/htq/miniconda3/envs/freqtrade311/lib/python3.11/site-packages/ccxt/async_support/okx.py", line 1576, in fetch_markets
    promises = await asyncio.gather(*promises)
               ^^^^^^^^^^^^^^^^^^^^^^^^^^^^^^^
  File "/Users/htq/miniconda3/envs/freqtrade311/lib/python3.11/site-packages/ccxt/async_support/okx.py", line 1737, in fetch_markets_by_type
    promisesResult = await asyncio.gather(*promises)
                     ^^^^^^^^^^^^^^^^^^^^^^^^^^^^^^^
  File "/Users/htq/miniconda3/envs/freqtrade311/lib/python3.11/site-packages/ccxt/async_support/base/exchange.py", line 978, in request
    return await self.fetch2(path, api, method, params, headers, body, config)
           ^^^^^^^^^^^^^^^^^^^^^^^^^^^^^^^^^^^^^^^^^^^^^^^^^^^^^^^^^^^^^^^^^^^
  File "/Users/htq/miniconda3/envs/freqtrade311/lib/python3.11/site-packages/ccxt/async_support/base/exchange.py", line 972, in fetch2
    raise e
  File "/Users/htq/miniconda3/envs/freqtrade311/lib/python3.11/site-packages/ccxt/async_support/base/exchange.py", line 963, in fetch2
    return await self.fetch(request['url'], request['method'], request['headers'], request['body'])
           ^^^^^^^^^^^^^^^^^^^^^^^^^^^^^^^^^^^^^^^^^^^^^^^^^^^^^^^^^^^^^^^^^^^^^^^^^^^^^^^^^^^^^^^^
  File "/Users/htq/miniconda3/envs/freqtrade311/lib/python3.11/site-packages/ccxt/async_support/base/exchange.py", line 253, in fetch
    raise RequestTimeout(details) from e
ccxt.base.errors.RequestTimeout: okx GET https://www.okx.com/api/v5/public/instruments?instType=OPTION&uly=ETH-USD

The above exception was the direct cause of the following exception:

Traceback (most recent call last):
  File "/Users/htq/Desktop/真正的金融/币圈/freqtrade/freqtrade/exchange/exchange.py", line 691, in reload_markets
    retrier(self._load_async_markets, retries=retries)(reload=True)
  File "/Users/htq/Desktop/真正的金融/币圈/freqtrade/freqtrade/exchange/common.py", line 187, in wrapper
    raise ex
  File "/Users/htq/Desktop/真正的金融/币圈/freqtrade/freqtrade/exchange/common.py", line 172, in wrapper
    return f(*args, **kwargs)
           ^^^^^^^^^^^^^^^^^^
  File "/Users/htq/Desktop/真正的金融/币圈/freqtrade/freqtrade/exchange/exchange.py", line 664, in _load_async_markets
    markets = self.loop.run_until_complete(self._api_reload_markets(reload=reload))
              ^^^^^^^^^^^^^^^^^^^^^^^^^^^^^^^^^^^^^^^^^^^^^^^^^^^^^^^^^^^^^^^^^^^^^
  File "/Users/htq/miniconda3/envs/freqtrade311/lib/python3.11/asyncio/base_events.py", line 650, in run_until_complete
    return future.result()
           ^^^^^^^^^^^^^^^
  File "/Users/htq/Desktop/真正的金融/币圈/freqtrade/freqtrade/exchange/exchange.py", line 655, in _api_reload_markets
    raise TemporaryError(
freqtrade.exceptions.TemporaryError: Error in reload_markets due to RequestTimeout. Message: okx GET https://www.okx.com/api/v5/public/instruments?instType=OPTION&uly=ETH-USD
2025-10-15 08:12:13,323 - freqtrade.worker - INFO - Bot heartbeat. PID=55755, version='2025.8', state='RUNNING'
2025-10-15 08:12:13,738 - freqtrade.exchange.common - WARNING - _load_async_markets() returned exception: "Error in reload_markets due to ExchangeNotAvailable. Message: okx GET 
https://www.okx.com/api/v5/public/instruments?instType=OPTION&uly=BTC-USD". Giving up.
2025-10-15 08:12:13,738 - freqtrade.exchange.exchange - ERROR - Could not load markets.
Traceback (most recent call last):
  File "/Users/htq/miniconda3/envs/freqtrade311/lib/python3.11/site-packages/aiohttp/connector.py", line 1432, in _start_tls_connection
    tls_transport = await self._loop.start_tls(
                    ^^^^^^^^^^^^^^^^^^^^^^^^^^^
  File "/Users/htq/miniconda3/envs/freqtrade311/lib/python3.11/asyncio/base_events.py", line 1253, in start_tls
    await waiter
  File "/Users/htq/miniconda3/envs/freqtrade311/lib/python3.11/asyncio/selector_events.py", line 962, in _read_ready__get_buffer
    nbytes = self._sock.recv_into(buf)
             ^^^^^^^^^^^^^^^^^^^^^^^^^
ConnectionResetError: [Errno 54] Connection reset by peer

The above exception was the direct cause of the following exception:

Traceback (most recent call last):
  File "/Users/htq/miniconda3/envs/freqtrade311/lib/python3.11/site-packages/ccxt/async_support/base/exchange.py", line 217, in fetch
    async with session_method(yarl.URL(url, encoded=True),
  File "/Users/htq/miniconda3/envs/freqtrade311/lib/python3.11/site-packages/aiohttp/client.py", line 1488, in __aenter__
    self._resp: _RetType = await self._coro
                           ^^^^^^^^^^^^^^^^
  File "/Users/htq/miniconda3/envs/freqtrade311/lib/python3.11/site-packages/aiohttp/client.py", line 770, in _request
    resp = await handler(req)
           ^^^^^^^^^^^^^^^^^^
  File "/Users/htq/miniconda3/envs/freqtrade311/lib/python3.11/site-packages/aiohttp/client.py", line 725, in _connect_and_send_request
    conn = await self._connector.connect(
           ^^^^^^^^^^^^^^^^^^^^^^^^^^^^^^
  File "/Users/htq/miniconda3/envs/freqtrade311/lib/python3.11/site-packages/aiohttp/connector.py", line 642, in connect
    proto = await self._create_connection(req, traces, timeout)
            ^^^^^^^^^^^^^^^^^^^^^^^^^^^^^^^^^^^^^^^^^^^^^^^^^^^
  File "/Users/htq/miniconda3/envs/freqtrade311/lib/python3.11/site-packages/aiohttp/connector.py", line 1207, in _create_connection
    _, proto = await self._create_proxy_connection(req, traces, timeout)
               ^^^^^^^^^^^^^^^^^^^^^^^^^^^^^^^^^^^^^^^^^^^^^^^^^^^^^^^^^
  File "/Users/htq/miniconda3/envs/freqtrade311/lib/python3.11/site-packages/aiohttp/connector.py", line 1697, in _create_proxy_connection
    return await self._start_tls_connection(
           ^^^^^^^^^^^^^^^^^^^^^^^^^^^^^^^^^
  File "/Users/htq/miniconda3/envs/freqtrade311/lib/python3.11/site-packages/aiohttp/connector.py", line 1465, in _start_tls_connection
    raise client_error(req.connection_key, exc) from exc
aiohttp.client_exceptions.ClientConnectorError: Cannot connect to host www.okx.com:443 ssl:default [Connection reset by peer]

The above exception was the direct cause of the following exception:

Traceback (most recent call last):
  File "/Users/htq/Desktop/真正的金融/币圈/freqtrade/freqtrade/exchange/exchange.py", line 651, in _api_reload_markets
    await self._api_async.load_markets(reload=reload, params={})
  File "/Users/htq/miniconda3/envs/freqtrade311/lib/python3.11/site-packages/ccxt/async_support/base/exchange.py", line 338, in load_markets
    raise e
  File "/Users/htq/miniconda3/envs/freqtrade311/lib/python3.11/site-packages/ccxt/async_support/base/exchange.py", line 330, in load_markets
    result = await self.markets_loading
             ^^^^^^^^^^^^^^^^^^^^^^^^^^
  File "/Users/htq/miniconda3/envs/freqtrade311/lib/python3.11/site-packages/ccxt/async_support/base/exchange.py", line 297, in load_markets_helper
    markets = await self.fetch_markets(params)
              ^^^^^^^^^^^^^^^^^^^^^^^^^^^^^^^^
  File "/Users/htq/miniconda3/envs/freqtrade311/lib/python3.11/site-packages/ccxt/async_support/okx.py", line 1576, in fetch_markets
    promises = await asyncio.gather(*promises)
               ^^^^^^^^^^^^^^^^^^^^^^^^^^^^^^^
  File "/Users/htq/miniconda3/envs/freqtrade311/lib/python3.11/site-packages/ccxt/async_support/okx.py", line 1737, in fetch_markets_by_type
    promisesResult = await asyncio.gather(*promises)
                     ^^^^^^^^^^^^^^^^^^^^^^^^^^^^^^^
  File "/Users/htq/miniconda3/envs/freqtrade311/lib/python3.11/site-packages/ccxt/async_support/base/exchange.py", line 978, in request
    return await self.fetch2(path, api, method, params, headers, body, config)
           ^^^^^^^^^^^^^^^^^^^^^^^^^^^^^^^^^^^^^^^^^^^^^^^^^^^^^^^^^^^^^^^^^^^
  File "/Users/htq/miniconda3/envs/freqtrade311/lib/python3.11/site-packages/ccxt/async_support/base/exchange.py", line 972, in fetch2
    raise e
  File "/Users/htq/miniconda3/envs/freqtrade311/lib/python3.11/site-packages/ccxt/async_support/base/exchange.py", line 963, in fetch2
    return await self.fetch(request['url'], request['method'], request['headers'], request['body'])
           ^^^^^^^^^^^^^^^^^^^^^^^^^^^^^^^^^^^^^^^^^^^^^^^^^^^^^^^^^^^^^^^^^^^^^^^^^^^^^^^^^^^^^^^^
  File "/Users/htq/miniconda3/envs/freqtrade311/lib/python3.11/site-packages/ccxt/async_support/base/exchange.py", line 257, in fetch
    raise ExchangeNotAvailable(details) from e
ccxt.base.errors.ExchangeNotAvailable: okx GET https://www.okx.com/api/v5/public/instruments?instType=OPTION&uly=BTC-USD

The above exception was the direct cause of the following exception:

Traceback (most recent call last):
  File "/Users/htq/Desktop/真正的金融/币圈/freqtrade/freqtrade/exchange/exchange.py", line 691, in reload_markets
    retrier(self._load_async_markets, retries=retries)(reload=True)
  File "/Users/htq/Desktop/真正的金融/币圈/freqtrade/freqtrade/exchange/common.py", line 187, in wrapper
    raise ex
  File "/Users/htq/Desktop/真正的金融/币圈/freqtrade/freqtrade/exchange/common.py", line 172, in wrapper
    return f(*args, **kwargs)
           ^^^^^^^^^^^^^^^^^^
  File "/Users/htq/Desktop/真正的金融/币圈/freqtrade/freqtrade/exchange/exchange.py", line 664, in _load_async_markets
    markets = self.loop.run_until_complete(self._api_reload_markets(reload=reload))
              ^^^^^^^^^^^^^^^^^^^^^^^^^^^^^^^^^^^^^^^^^^^^^^^^^^^^^^^^^^^^^^^^^^^^^
  File "/Users/htq/miniconda3/envs/freqtrade311/lib/python3.11/asyncio/base_events.py", line 650, in run_until_complete
    return future.result()
           ^^^^^^^^^^^^^^^
  File "/Users/htq/Desktop/真正的金融/币圈/freqtrade/freqtrade/exchange/exchange.py", line 655, in _api_reload_markets
    raise TemporaryError(
freqtrade.exceptions.TemporaryError: Error in reload_markets due to ExchangeNotAvailable. Message: okx GET https://www.okx.com/api/v5/public/instruments?instType=OPTION&uly=BTC-USD
2025-10-15 08:12:18,332 - freqtrade.exchange.common - WARNING - _load_async_markets() returned exception: "Error in reload_markets due to ExchangeNotAvailable. Message: okx GET 
https://www.okx.com/api/v5/public/instruments?instType=SPOT". Giving up.
2025-10-15 08:12:18,333 - freqtrade.exchange.exchange - ERROR - Could not load markets.
Traceback (most recent call last):
  File "/Users/htq/miniconda3/envs/freqtrade311/lib/python3.11/site-packages/aiohttp/connector.py", line 1432, in _start_tls_connection
    tls_transport = await self._loop.start_tls(
                    ^^^^^^^^^^^^^^^^^^^^^^^^^^^
  File "/Users/htq/miniconda3/envs/freqtrade311/lib/python3.11/asyncio/base_events.py", line 1253, in start_tls
    await waiter
  File "/Users/htq/miniconda3/envs/freqtrade311/lib/python3.11/asyncio/selector_events.py", line 962, in _read_ready__get_buffer
    nbytes = self._sock.recv_into(buf)
             ^^^^^^^^^^^^^^^^^^^^^^^^^
ConnectionResetError: [Errno 54] Connection reset by peer

The above exception was the direct cause of the following exception:

Traceback (most recent call last):
  File "/Users/htq/miniconda3/envs/freqtrade311/lib/python3.11/site-packages/ccxt/async_support/base/exchange.py", line 217, in fetch
    async with session_method(yarl.URL(url, encoded=True),
  File "/Users/htq/miniconda3/envs/freqtrade311/lib/python3.11/site-packages/aiohttp/client.py", line 1488, in __aenter__
    self._resp: _RetType = await self._coro
                           ^^^^^^^^^^^^^^^^
  File "/Users/htq/miniconda3/envs/freqtrade311/lib/python3.11/site-packages/aiohttp/client.py", line 770, in _request
    resp = await handler(req)
           ^^^^^^^^^^^^^^^^^^
  File "/Users/htq/miniconda3/envs/freqtrade311/lib/python3.11/site-packages/aiohttp/client.py", line 725, in _connect_and_send_request
    conn = await self._connector.connect(
           ^^^^^^^^^^^^^^^^^^^^^^^^^^^^^^
  File "/Users/htq/miniconda3/envs/freqtrade311/lib/python3.11/site-packages/aiohttp/connector.py", line 642, in connect
    proto = await self._create_connection(req, traces, timeout)
            ^^^^^^^^^^^^^^^^^^^^^^^^^^^^^^^^^^^^^^^^^^^^^^^^^^^
  File "/Users/htq/miniconda3/envs/freqtrade311/lib/python3.11/site-packages/aiohttp/connector.py", line 1207, in _create_connection
    _, proto = await self._create_proxy_connection(req, traces, timeout)
               ^^^^^^^^^^^^^^^^^^^^^^^^^^^^^^^^^^^^^^^^^^^^^^^^^^^^^^^^^
  File "/Users/htq/miniconda3/envs/freqtrade311/lib/python3.11/site-packages/aiohttp/connector.py", line 1697, in _create_proxy_connection
    return await self._start_tls_connection(
           ^^^^^^^^^^^^^^^^^^^^^^^^^^^^^^^^^
  File "/Users/htq/miniconda3/envs/freqtrade311/lib/python3.11/site-packages/aiohttp/connector.py", line 1465, in _start_tls_connection
    raise client_error(req.connection_key, exc) from exc
aiohttp.client_exceptions.ClientConnectorError: Cannot connect to host www.okx.com:443 ssl:default [Connection reset by peer]

The above exception was the direct cause of the following exception:

Traceback (most recent call last):
  File "/Users/htq/Desktop/真正的金融/币圈/freqtrade/freqtrade/exchange/exchange.py", line 651, in _api_reload_markets
    await self._api_async.load_markets(reload=reload, params={})
  File "/Users/htq/miniconda3/envs/freqtrade311/lib/python3.11/site-packages/ccxt/async_support/base/exchange.py", line 338, in load_markets
    raise e
  File "/Users/htq/miniconda3/envs/freqtrade311/lib/python3.11/site-packages/ccxt/async_support/base/exchange.py", line 330, in load_markets
    result = await self.markets_loading
             ^^^^^^^^^^^^^^^^^^^^^^^^^^
  File "/Users/htq/miniconda3/envs/freqtrade311/lib/python3.11/site-packages/ccxt/async_support/base/exchange.py", line 297, in load_markets_helper
    markets = await self.fetch_markets(params)
              ^^^^^^^^^^^^^^^^^^^^^^^^^^^^^^^^
  File "/Users/htq/miniconda3/envs/freqtrade311/lib/python3.11/site-packages/ccxt/async_support/okx.py", line 1576, in fetch_markets
    promises = await asyncio.gather(*promises)
               ^^^^^^^^^^^^^^^^^^^^^^^^^^^^^^^
  File "/Users/htq/miniconda3/envs/freqtrade311/lib/python3.11/site-packages/ccxt/async_support/okx.py", line 1744, in fetch_markets_by_type
    response = await self.publicGetPublicInstruments(self.extend(request, params))
               ^^^^^^^^^^^^^^^^^^^^^^^^^^^^^^^^^^^^^^^^^^^^^^^^^^^^^^^^^^^^^^^^^^^
  File "/Users/htq/miniconda3/envs/freqtrade311/lib/python3.11/site-packages/ccxt/async_support/base/exchange.py", line 978, in request
    return await self.fetch2(path, api, method, params, headers, body, config)
           ^^^^^^^^^^^^^^^^^^^^^^^^^^^^^^^^^^^^^^^^^^^^^^^^^^^^^^^^^^^^^^^^^^^
  File "/Users/htq/miniconda3/envs/freqtrade311/lib/python3.11/site-packages/ccxt/async_support/base/exchange.py", line 972, in fetch2
    raise e
  File "/Users/htq/miniconda3/envs/freqtrade311/lib/python3.11/site-packages/ccxt/async_support/base/exchange.py", line 963, in fetch2
    return await self.fetch(request['url'], request['method'], request['headers'], request['body'])
           ^^^^^^^^^^^^^^^^^^^^^^^^^^^^^^^^^^^^^^^^^^^^^^^^^^^^^^^^^^^^^^^^^^^^^^^^^^^^^^^^^^^^^^^^
  File "/Users/htq/miniconda3/envs/freqtrade311/lib/python3.11/site-packages/ccxt/async_support/base/exchange.py", line 257, in fetch
    raise ExchangeNotAvailable(details) from e
ccxt.base.errors.ExchangeNotAvailable: okx GET https://www.okx.com/api/v5/public/instruments?instType=SPOT

The above exception was the direct cause of the following exception:

Traceback (most recent call last):
  File "/Users/htq/Desktop/真正的金融/币圈/freqtrade/freqtrade/exchange/exchange.py", line 691, in reload_markets
    retrier(self._load_async_markets, retries=retries)(reload=True)
  File "/Users/htq/Desktop/真正的金融/币圈/freqtrade/freqtrade/exchange/common.py", line 187, in wrapper
    raise ex
  File "/Users/htq/Desktop/真正的金融/币圈/freqtrade/freqtrade/exchange/common.py", line 172, in wrapper
    return f(*args, **kwargs)
           ^^^^^^^^^^^^^^^^^^
  File "/Users/htq/Desktop/真正的金融/币圈/freqtrade/freqtrade/exchange/exchange.py", line 664, in _load_async_markets
    markets = self.loop.run_until_complete(self._api_reload_markets(reload=reload))
              ^^^^^^^^^^^^^^^^^^^^^^^^^^^^^^^^^^^^^^^^^^^^^^^^^^^^^^^^^^^^^^^^^^^^^
  File "/Users/htq/miniconda3/envs/freqtrade311/lib/python3.11/asyncio/base_events.py", line 650, in run_until_complete
    return future.result()
           ^^^^^^^^^^^^^^^
  File "/Users/htq/Desktop/真正的金融/币圈/freqtrade/freqtrade/exchange/exchange.py", line 655, in _api_reload_markets
    raise TemporaryError(
freqtrade.exceptions.TemporaryError: Error in reload_markets due to ExchangeNotAvailable. Message: okx GET https://www.okx.com/api/v5/public/instruments?instType=SPOT
2025-10-15 08:12:23,649 - freqtrade.exchange.common - WARNING - _load_async_markets() returned exception: "Error in reload_markets due to ExchangeNotAvailable. Message: okx GET 
https://www.okx.com/api/v5/public/instruments?instType=SPOT". Giving up.
2025-10-15 08:12:23,649 - freqtrade.exchange.exchange - ERROR - Could not load markets.
Traceback (most recent call last):
  File "/Users/htq/miniconda3/envs/freqtrade311/lib/python3.11/site-packages/aiohttp/connector.py", line 1432, in _start_tls_connection
    tls_transport = await self._loop.start_tls(
                    ^^^^^^^^^^^^^^^^^^^^^^^^^^^
  File "/Users/htq/miniconda3/envs/freqtrade311/lib/python3.11/asyncio/base_events.py", line 1253, in start_tls
    await waiter
  File "/Users/htq/miniconda3/envs/freqtrade311/lib/python3.11/asyncio/selector_events.py", line 962, in _read_ready__get_buffer
    nbytes = self._sock.recv_into(buf)
             ^^^^^^^^^^^^^^^^^^^^^^^^^
ConnectionResetError: [Errno 54] Connection reset by peer

The above exception was the direct cause of the following exception:

Traceback (most recent call last):
  File "/Users/htq/miniconda3/envs/freqtrade311/lib/python3.11/site-packages/ccxt/async_support/base/exchange.py", line 217, in fetch
    async with session_method(yarl.URL(url, encoded=True),
  File "/Users/htq/miniconda3/envs/freqtrade311/lib/python3.11/site-packages/aiohttp/client.py", line 1488, in __aenter__
    self._resp: _RetType = await self._coro
                           ^^^^^^^^^^^^^^^^
  File "/Users/htq/miniconda3/envs/freqtrade311/lib/python3.11/site-packages/aiohttp/client.py", line 770, in _request
    resp = await handler(req)
           ^^^^^^^^^^^^^^^^^^
  File "/Users/htq/miniconda3/envs/freqtrade311/lib/python3.11/site-packages/aiohttp/client.py", line 725, in _connect_and_send_request
    conn = await self._connector.connect(
           ^^^^^^^^^^^^^^^^^^^^^^^^^^^^^^
  File "/Users/htq/miniconda3/envs/freqtrade311/lib/python3.11/site-packages/aiohttp/connector.py", line 642, in connect
    proto = await self._create_connection(req, traces, timeout)
            ^^^^^^^^^^^^^^^^^^^^^^^^^^^^^^^^^^^^^^^^^^^^^^^^^^^
  File "/Users/htq/miniconda3/envs/freqtrade311/lib/python3.11/site-packages/aiohttp/connector.py", line 1207, in _create_connection
    _, proto = await self._create_proxy_connection(req, traces, timeout)
               ^^^^^^^^^^^^^^^^^^^^^^^^^^^^^^^^^^^^^^^^^^^^^^^^^^^^^^^^^
  File "/Users/htq/miniconda3/envs/freqtrade311/lib/python3.11/site-packages/aiohttp/connector.py", line 1697, in _create_proxy_connection
    return await self._start_tls_connection(
           ^^^^^^^^^^^^^^^^^^^^^^^^^^^^^^^^^
  File "/Users/htq/miniconda3/envs/freqtrade311/lib/python3.11/site-packages/aiohttp/connector.py", line 1465, in _start_tls_connection
    raise client_error(req.connection_key, exc) from exc
aiohttp.client_exceptions.ClientConnectorError: Cannot connect to host www.okx.com:443 ssl:default [Connection reset by peer]

The above exception was the direct cause of the following exception:

Traceback (most recent call last):
  File "/Users/htq/Desktop/真正的金融/币圈/freqtrade/freqtrade/exchange/exchange.py", line 651, in _api_reload_markets
    await self._api_async.load_markets(reload=reload, params={})
  File "/Users/htq/miniconda3/envs/freqtrade311/lib/python3.11/site-packages/ccxt/async_support/base/exchange.py", line 338, in load_markets
    raise e
  File "/Users/htq/miniconda3/envs/freqtrade311/lib/python3.11/site-packages/ccxt/async_support/base/exchange.py", line 330, in load_markets
    result = await self.markets_loading
             ^^^^^^^^^^^^^^^^^^^^^^^^^^
  File "/Users/htq/miniconda3/envs/freqtrade311/lib/python3.11/site-packages/ccxt/async_support/base/exchange.py", line 297, in load_markets_helper
    markets = await self.fetch_markets(params)
              ^^^^^^^^^^^^^^^^^^^^^^^^^^^^^^^^
  File "/Users/htq/miniconda3/envs/freqtrade311/lib/python3.11/site-packages/ccxt/async_support/okx.py", line 1576, in fetch_markets
    promises = await asyncio.gather(*promises)
               ^^^^^^^^^^^^^^^^^^^^^^^^^^^^^^^
  File "/Users/htq/miniconda3/envs/freqtrade311/lib/python3.11/site-packages/ccxt/async_support/okx.py", line 1744, in fetch_markets_by_type
    response = await self.publicGetPublicInstruments(self.extend(request, params))
               ^^^^^^^^^^^^^^^^^^^^^^^^^^^^^^^^^^^^^^^^^^^^^^^^^^^^^^^^^^^^^^^^^^^
  File "/Users/htq/miniconda3/envs/freqtrade311/lib/python3.11/site-packages/ccxt/async_support/base/exchange.py", line 978, in request
    return await self.fetch2(path, api, method, params, headers, body, config)
           ^^^^^^^^^^^^^^^^^^^^^^^^^^^^^^^^^^^^^^^^^^^^^^^^^^^^^^^^^^^^^^^^^^^
  File "/Users/htq/miniconda3/envs/freqtrade311/lib/python3.11/site-packages/ccxt/async_support/base/exchange.py", line 972, in fetch2
    raise e
  File "/Users/htq/miniconda3/envs/freqtrade311/lib/python3.11/site-packages/ccxt/async_support/base/exchange.py", line 963, in fetch2
    return await self.fetch(request['url'], request['method'], request['headers'], request['body'])
           ^^^^^^^^^^^^^^^^^^^^^^^^^^^^^^^^^^^^^^^^^^^^^^^^^^^^^^^^^^^^^^^^^^^^^^^^^^^^^^^^^^^^^^^^
  File "/Users/htq/miniconda3/envs/freqtrade311/lib/python3.11/site-packages/ccxt/async_support/base/exchange.py", line 257, in fetch
    raise ExchangeNotAvailable(details) from e
ccxt.base.errors.ExchangeNotAvailable: okx GET https://www.okx.com/api/v5/public/instruments?instType=SPOT

The above exception was the direct cause of the following exception:

Traceback (most recent call last):
  File "/Users/htq/Desktop/真正的金融/币圈/freqtrade/freqtrade/exchange/exchange.py", line 691, in reload_markets
    retrier(self._load_async_markets, retries=retries)(reload=True)
  File "/Users/htq/Desktop/真正的金融/币圈/freqtrade/freqtrade/exchange/common.py", line 187, in wrapper
    raise ex
  File "/Users/htq/Desktop/真正的金融/币圈/freqtrade/freqtrade/exchange/common.py", line 172, in wrapper
    return f(*args, **kwargs)
           ^^^^^^^^^^^^^^^^^^
  File "/Users/htq/Desktop/真正的金融/币圈/freqtrade/freqtrade/exchange/exchange.py", line 664, in _load_async_markets
    markets = self.loop.run_until_complete(self._api_reload_markets(reload=reload))
              ^^^^^^^^^^^^^^^^^^^^^^^^^^^^^^^^^^^^^^^^^^^^^^^^^^^^^^^^^^^^^^^^^^^^^
  File "/Users/htq/miniconda3/envs/freqtrade311/lib/python3.11/asyncio/base_events.py", line 650, in run_until_complete
    return future.result()
           ^^^^^^^^^^^^^^^
  File "/Users/htq/Desktop/真正的金融/币圈/freqtrade/freqtrade/exchange/exchange.py", line 655, in _api_reload_markets
    raise TemporaryError(
freqtrade.exceptions.TemporaryError: Error in reload_markets due to ExchangeNotAvailable. Message: okx GET https://www.okx.com/api/v5/public/instruments?instType=SPOT
2025-10-15 09:02:46,811 - freqtrade.worker - INFO - Bot heartbeat. PID=55755, version='2025.8', state='RUNNING'
2025-10-15 09:02:47,126 - freqtrade.exchange.common - WARNING - _load_async_markets() returned exception: "Error in reload_markets due to ExchangeNotAvailable. Message: okx GET 
https://www.okx.com/api/v5/public/instruments?instType=SPOT". Giving up.
2025-10-15 09:02:47,127 - freqtrade.exchange.exchange - ERROR - Could not load markets.
Traceback (most recent call last):
  File "/Users/htq/miniconda3/envs/freqtrade311/lib/python3.11/site-packages/aiohttp/connector.py", line 1432, in _start_tls_connection
    tls_transport = await self._loop.start_tls(
                    ^^^^^^^^^^^^^^^^^^^^^^^^^^^
  File "/Users/htq/miniconda3/envs/freqtrade311/lib/python3.11/asyncio/base_events.py", line 1253, in start_tls
    await waiter
  File "/Users/htq/miniconda3/envs/freqtrade311/lib/python3.11/asyncio/selector_events.py", line 962, in _read_ready__get_buffer
    nbytes = self._sock.recv_into(buf)
             ^^^^^^^^^^^^^^^^^^^^^^^^^
ConnectionResetError: [Errno 54] Connection reset by peer

The above exception was the direct cause of the following exception:

Traceback (most recent call last):
  File "/Users/htq/miniconda3/envs/freqtrade311/lib/python3.11/site-packages/ccxt/async_support/base/exchange.py", line 217, in fetch
    async with session_method(yarl.URL(url, encoded=True),
  File "/Users/htq/miniconda3/envs/freqtrade311/lib/python3.11/site-packages/aiohttp/client.py", line 1488, in __aenter__
    self._resp: _RetType = await self._coro
                           ^^^^^^^^^^^^^^^^
  File "/Users/htq/miniconda3/envs/freqtrade311/lib/python3.11/site-packages/aiohttp/client.py", line 770, in _request
    resp = await handler(req)
           ^^^^^^^^^^^^^^^^^^
  File "/Users/htq/miniconda3/envs/freqtrade311/lib/python3.11/site-packages/aiohttp/client.py", line 725, in _connect_and_send_request
    conn = await self._connector.connect(
           ^^^^^^^^^^^^^^^^^^^^^^^^^^^^^^
  File "/Users/htq/miniconda3/envs/freqtrade311/lib/python3.11/site-packages/aiohttp/connector.py", line 642, in connect
    proto = await self._create_connection(req, traces, timeout)
            ^^^^^^^^^^^^^^^^^^^^^^^^^^^^^^^^^^^^^^^^^^^^^^^^^^^
  File "/Users/htq/miniconda3/envs/freqtrade311/lib/python3.11/site-packages/aiohttp/connector.py", line 1207, in _create_connection
    _, proto = await self._create_proxy_connection(req, traces, timeout)
               ^^^^^^^^^^^^^^^^^^^^^^^^^^^^^^^^^^^^^^^^^^^^^^^^^^^^^^^^^
  File "/Users/htq/miniconda3/envs/freqtrade311/lib/python3.11/site-packages/aiohttp/connector.py", line 1697, in _create_proxy_connection
    return await self._start_tls_connection(
           ^^^^^^^^^^^^^^^^^^^^^^^^^^^^^^^^^
  File "/Users/htq/miniconda3/envs/freqtrade311/lib/python3.11/site-packages/aiohttp/connector.py", line 1465, in _start_tls_connection
    raise client_error(req.connection_key, exc) from exc
aiohttp.client_exceptions.ClientConnectorError: Cannot connect to host www.okx.com:443 ssl:default [Connection reset by peer]

The above exception was the direct cause of the following exception:

Traceback (most recent call last):
  File "/Users/htq/Desktop/真正的金融/币圈/freqtrade/freqtrade/exchange/exchange.py", line 651, in _api_reload_markets
    await self._api_async.load_markets(reload=reload, params={})
  File "/Users/htq/miniconda3/envs/freqtrade311/lib/python3.11/site-packages/ccxt/async_support/base/exchange.py", line 338, in load_markets
    raise e
  File "/Users/htq/miniconda3/envs/freqtrade311/lib/python3.11/site-packages/ccxt/async_support/base/exchange.py", line 330, in load_markets
    result = await self.markets_loading
             ^^^^^^^^^^^^^^^^^^^^^^^^^^
  File "/Users/htq/miniconda3/envs/freqtrade311/lib/python3.11/site-packages/ccxt/async_support/base/exchange.py", line 297, in load_markets_helper
    markets = await self.fetch_markets(params)
              ^^^^^^^^^^^^^^^^^^^^^^^^^^^^^^^^
  File "/Users/htq/miniconda3/envs/freqtrade311/lib/python3.11/site-packages/ccxt/async_support/okx.py", line 1576, in fetch_markets
    promises = await asyncio.gather(*promises)
               ^^^^^^^^^^^^^^^^^^^^^^^^^^^^^^^
  File "/Users/htq/miniconda3/envs/freqtrade311/lib/python3.11/site-packages/ccxt/async_support/okx.py", line 1744, in fetch_markets_by_type
    response = await self.publicGetPublicInstruments(self.extend(request, params))
               ^^^^^^^^^^^^^^^^^^^^^^^^^^^^^^^^^^^^^^^^^^^^^^^^^^^^^^^^^^^^^^^^^^^
  File "/Users/htq/miniconda3/envs/freqtrade311/lib/python3.11/site-packages/ccxt/async_support/base/exchange.py", line 978, in request
    return await self.fetch2(path, api, method, params, headers, body, config)
           ^^^^^^^^^^^^^^^^^^^^^^^^^^^^^^^^^^^^^^^^^^^^^^^^^^^^^^^^^^^^^^^^^^^
  File "/Users/htq/miniconda3/envs/freqtrade311/lib/python3.11/site-packages/ccxt/async_support/base/exchange.py", line 972, in fetch2
    raise e
  File "/Users/htq/miniconda3/envs/freqtrade311/lib/python3.11/site-packages/ccxt/async_support/base/exchange.py", line 963, in fetch2
    return await self.fetch(request['url'], request['method'], request['headers'], request['body'])
           ^^^^^^^^^^^^^^^^^^^^^^^^^^^^^^^^^^^^^^^^^^^^^^^^^^^^^^^^^^^^^^^^^^^^^^^^^^^^^^^^^^^^^^^^
  File "/Users/htq/miniconda3/envs/freqtrade311/lib/python3.11/site-packages/ccxt/async_support/base/exchange.py", line 257, in fetch
    raise ExchangeNotAvailable(details) from e
ccxt.base.errors.ExchangeNotAvailable: okx GET https://www.okx.com/api/v5/public/instruments?instType=SPOT

The above exception was the direct cause of the following exception:

Traceback (most recent call last):
  File "/Users/htq/Desktop/真正的金融/币圈/freqtrade/freqtrade/exchange/exchange.py", line 691, in reload_markets
    retrier(self._load_async_markets, retries=retries)(reload=True)
  File "/Users/htq/Desktop/真正的金融/币圈/freqtrade/freqtrade/exchange/common.py", line 187, in wrapper
    raise ex
  File "/Users/htq/Desktop/真正的金融/币圈/freqtrade/freqtrade/exchange/common.py", line 172, in wrapper
    return f(*args, **kwargs)
           ^^^^^^^^^^^^^^^^^^
  File "/Users/htq/Desktop/真正的金融/币圈/freqtrade/freqtrade/exchange/exchange.py", line 664, in _load_async_markets
    markets = self.loop.run_until_complete(self._api_reload_markets(reload=reload))
              ^^^^^^^^^^^^^^^^^^^^^^^^^^^^^^^^^^^^^^^^^^^^^^^^^^^^^^^^^^^^^^^^^^^^^
  File "/Users/htq/miniconda3/envs/freqtrade311/lib/python3.11/asyncio/base_events.py", line 650, in run_until_complete
    return future.result()
           ^^^^^^^^^^^^^^^
  File "/Users/htq/Desktop/真正的金融/币圈/freqtrade/freqtrade/exchange/exchange.py", line 655, in _api_reload_markets
    raise TemporaryError(
freqtrade.exceptions.TemporaryError: Error in reload_markets due to ExchangeNotAvailable. Message: okx GET https://www.okx.com/api/v5/public/instruments?instType=SPOT
2025-10-15 09:02:47,146 - freqtrade.exchange.exchange - INFO - Couldn't reuse watch for DOGE/USDT, 1h, falling back to REST api. False, 1760490000000, 0, 2025-10-15T01:00:00, 1970-01-01T00:00:00 
2025-10-15 09:02:47,154 - freqtrade.exchange.exchange_ws - ERROR - Exception in continuously_async_watch_ohlcv for DOGE/USDT, 1h
Traceback (most recent call last):
  File "/Users/htq/Desktop/真正的金融/币圈/freqtrade/freqtrade/exchange/exchange_ws.py", line 176, in _continuously_async_watch_ohlcv
    data = await self._ccxt_object.watch_ohlcv(pair, timeframe)
           ^^^^^^^^^^^^^^^^^^^^^^^^^^^^^^^^^^^^^^^^^^^^^^^^^^^^
  File "/Users/htq/miniconda3/envs/freqtrade311/lib/python3.11/site-packages/ccxt/pro/okx.py", line 900, in watch_ohlcv
    ohlcv = await self.subscribe('public', name, name, symbol, params)
            ^^^^^^^^^^^^^^^^^^^^^^^^^^^^^^^^^^^^^^^^^^^^^^^^^^^^^^^^^^
  File "/Users/htq/miniconda3/envs/freqtrade311/lib/python3.11/site-packages/ccxt/pro/okx.py", line 171, in subscribe
    return await self.watch(url, messageHash, request, messageHash)
           ^^^^^^^^^^^^^^^^^^^^^^^^^^^^^^^^^^^^^^^^^^^^^^^^^^^^^^^^
ccxt.base.errors.NetworkError: Cannot connect to host ws.okx.com:8443 ssl:default [Could not contact DNS servers]
2025-10-15 09:02:47,155 - freqtrade.exchange.exchange_ws - INFO - DOGE/USDT, 1h, spot - Task finished - done
2025-10-15 09:02:47,162 - freqtrade.exchange.exchange_ws - ERROR - Exception in _unwatch_ohlcv
Traceback (most recent call last):
  File "/Users/htq/Desktop/真正的金融/币圈/freqtrade/freqtrade/exchange/exchange_ws.py", line 144, in _unwatch_ohlcv
    await self._ccxt_object.un_watch_ohlcv_for_symbols([[pair, timeframe]])
  File "/Users/htq/miniconda3/envs/freqtrade311/lib/python3.11/site-packages/ccxt/pro/okx.py", line 986, in un_watch_ohlcv_for_symbols
    return await self.watch_multiple(url, messageHashes, request, messageHashes)
           ^^^^^^^^^^^^^^^^^^^^^^^^^^^^^^^^^^^^^^^^^^^^^^^^^^^^^^^^^^^^^^^^^^^^^
ccxt.base.errors.NetworkError: Cannot connect to host ws.okx.com:8443 ssl:default [Could not contact DNS servers]
2025-10-15 09:02:47,639 - freqtrade.exchange.common - WARNING - _async_get_candle_history() returned exception: "Could not fetch historical candle (OHLCV) data for DOGE/USDT, 1h, spot due to 
ExchangeNotAvailable. Message: okx GET https://www.okx.com/api/v5/market/candles?instId=DOGE-USDT&bar=1H&limit=300". Retrying still for 4 times.
2025-10-15 09:02:47,693 - freqtrade.exchange.common - WARNING - _async_get_candle_history() returned exception: "Could not fetch historical candle (OHLCV) data for DOGE/USDT, 1h, spot due to 
ExchangeNotAvailable. Message: okx GET https://www.okx.com/api/v5/market/candles?instId=DOGE-USDT&bar=1H&limit=300". Retrying still for 3 times.
2025-10-15 09:02:47,749 - freqtrade.exchange.common - WARNING - _async_get_candle_history() returned exception: "Could not fetch historical candle (OHLCV) data for DOGE/USDT, 1h, spot due to 
ExchangeNotAvailable. Message: okx GET https://www.okx.com/api/v5/market/candles?instId=DOGE-USDT&bar=1H&limit=300". Retrying still for 2 times.
2025-10-15 09:02:47,805 - freqtrade.exchange.common - WARNING - _async_get_candle_history() returned exception: "Could not fetch historical candle (OHLCV) data for DOGE/USDT, 1h, spot due to 
ExchangeNotAvailable. Message: okx GET https://www.okx.com/api/v5/market/candles?instId=DOGE-USDT&bar=1H&limit=300". Retrying still for 1 times.
2025-10-15 09:02:47,859 - freqtrade.exchange.common - WARNING - _async_get_candle_history() returned exception: "Could not fetch historical candle (OHLCV) data for DOGE/USDT, 1h, spot due to 
ExchangeNotAvailable. Message: okx GET https://www.okx.com/api/v5/market/candles?instId=DOGE-USDT&bar=1H&limit=300". Giving up.
2025-10-15 09:02:47,859 - freqtrade.exchange.exchange - WARNING - Async code raised an exception: TemporaryError('Could not fetch historical candle (OHLCV) data for DOGE/USDT, 1h, spot due to 
ExchangeNotAvailable. Message: okx GET https://www.okx.com/api/v5/market/candles?instId=DOGE-USDT&bar=1H&limit=300')
2025-10-15 09:05:00,460 - freqtrade.worker - INFO - Bot heartbeat. PID=55755, version='2025.8', state='RUNNING'
2025-10-15 09:05:00,517 - freqtrade.exchange.common - WARNING - _load_async_markets() returned exception: "Error in reload_markets due to ExchangeNotAvailable. Message: okx GET 
https://www.okx.com/api/v5/public/instruments?instType=SPOT". Giving up.
2025-10-15 09:05:00,518 - freqtrade.exchange.exchange - ERROR - Could not load markets.
Traceback (most recent call last):
  File "/Users/htq/miniconda3/envs/freqtrade311/lib/python3.11/site-packages/aiohttp/connector.py", line 1432, in _start_tls_connection
    tls_transport = await self._loop.start_tls(
                    ^^^^^^^^^^^^^^^^^^^^^^^^^^^
  File "/Users/htq/miniconda3/envs/freqtrade311/lib/python3.11/asyncio/base_events.py", line 1253, in start_tls
    await waiter
  File "/Users/htq/miniconda3/envs/freqtrade311/lib/python3.11/asyncio/selector_events.py", line 962, in _read_ready__get_buffer
    nbytes = self._sock.recv_into(buf)
             ^^^^^^^^^^^^^^^^^^^^^^^^^
ConnectionResetError: [Errno 54] Connection reset by peer

The above exception was the direct cause of the following exception:

Traceback (most recent call last):
  File "/Users/htq/miniconda3/envs/freqtrade311/lib/python3.11/site-packages/ccxt/async_support/base/exchange.py", line 217, in fetch
    async with session_method(yarl.URL(url, encoded=True),
  File "/Users/htq/miniconda3/envs/freqtrade311/lib/python3.11/site-packages/aiohttp/client.py", line 1488, in __aenter__
    self._resp: _RetType = await self._coro
                           ^^^^^^^^^^^^^^^^
  File "/Users/htq/miniconda3/envs/freqtrade311/lib/python3.11/site-packages/aiohttp/client.py", line 770, in _request
    resp = await handler(req)
           ^^^^^^^^^^^^^^^^^^
  File "/Users/htq/miniconda3/envs/freqtrade311/lib/python3.11/site-packages/aiohttp/client.py", line 725, in _connect_and_send_request
    conn = await self._connector.connect(
           ^^^^^^^^^^^^^^^^^^^^^^^^^^^^^^
  File "/Users/htq/miniconda3/envs/freqtrade311/lib/python3.11/site-packages/aiohttp/connector.py", line 642, in connect
    proto = await self._create_connection(req, traces, timeout)
            ^^^^^^^^^^^^^^^^^^^^^^^^^^^^^^^^^^^^^^^^^^^^^^^^^^^
  File "/Users/htq/miniconda3/envs/freqtrade311/lib/python3.11/site-packages/aiohttp/connector.py", line 1207, in _create_connection
    _, proto = await self._create_proxy_connection(req, traces, timeout)
               ^^^^^^^^^^^^^^^^^^^^^^^^^^^^^^^^^^^^^^^^^^^^^^^^^^^^^^^^^
  File "/Users/htq/miniconda3/envs/freqtrade311/lib/python3.11/site-packages/aiohttp/connector.py", line 1697, in _create_proxy_connection
    return await self._start_tls_connection(
           ^^^^^^^^^^^^^^^^^^^^^^^^^^^^^^^^^
  File "/Users/htq/miniconda3/envs/freqtrade311/lib/python3.11/site-packages/aiohttp/connector.py", line 1465, in _start_tls_connection
    raise client_error(req.connection_key, exc) from exc
aiohttp.client_exceptions.ClientConnectorError: Cannot connect to host www.okx.com:443 ssl:default [Connection reset by peer]

The above exception was the direct cause of the following exception:

Traceback (most recent call last):
  File "/Users/htq/Desktop/真正的金融/币圈/freqtrade/freqtrade/exchange/exchange.py", line 651, in _api_reload_markets
    await self._api_async.load_markets(reload=reload, params={})
  File "/Users/htq/miniconda3/envs/freqtrade311/lib/python3.11/site-packages/ccxt/async_support/base/exchange.py", line 338, in load_markets
    raise e
  File "/Users/htq/miniconda3/envs/freqtrade311/lib/python3.11/site-packages/ccxt/async_support/base/exchange.py", line 330, in load_markets
    result = await self.markets_loading
             ^^^^^^^^^^^^^^^^^^^^^^^^^^
  File "/Users/htq/miniconda3/envs/freqtrade311/lib/python3.11/site-packages/ccxt/async_support/base/exchange.py", line 297, in load_markets_helper
    markets = await self.fetch_markets(params)
              ^^^^^^^^^^^^^^^^^^^^^^^^^^^^^^^^
  File "/Users/htq/miniconda3/envs/freqtrade311/lib/python3.11/site-packages/ccxt/async_support/okx.py", line 1576, in fetch_markets
    promises = await asyncio.gather(*promises)
               ^^^^^^^^^^^^^^^^^^^^^^^^^^^^^^^
  File "/Users/htq/miniconda3/envs/freqtrade311/lib/python3.11/site-packages/ccxt/async_support/okx.py", line 1744, in fetch_markets_by_type
    response = await self.publicGetPublicInstruments(self.extend(request, params))
               ^^^^^^^^^^^^^^^^^^^^^^^^^^^^^^^^^^^^^^^^^^^^^^^^^^^^^^^^^^^^^^^^^^^
  File "/Users/htq/miniconda3/envs/freqtrade311/lib/python3.11/site-packages/ccxt/async_support/base/exchange.py", line 978, in request
    return await self.fetch2(path, api, method, params, headers, body, config)
           ^^^^^^^^^^^^^^^^^^^^^^^^^^^^^^^^^^^^^^^^^^^^^^^^^^^^^^^^^^^^^^^^^^^
  File "/Users/htq/miniconda3/envs/freqtrade311/lib/python3.11/site-packages/ccxt/async_support/base/exchange.py", line 972, in fetch2
    raise e
  File "/Users/htq/miniconda3/envs/freqtrade311/lib/python3.11/site-packages/ccxt/async_support/base/exchange.py", line 963, in fetch2
    return await self.fetch(request['url'], request['method'], request['headers'], request['body'])
           ^^^^^^^^^^^^^^^^^^^^^^^^^^^^^^^^^^^^^^^^^^^^^^^^^^^^^^^^^^^^^^^^^^^^^^^^^^^^^^^^^^^^^^^^
  File "/Users/htq/miniconda3/envs/freqtrade311/lib/python3.11/site-packages/ccxt/async_support/base/exchange.py", line 257, in fetch
    raise ExchangeNotAvailable(details) from e
ccxt.base.errors.ExchangeNotAvailable: okx GET https://www.okx.com/api/v5/public/instruments?instType=SPOT

The above exception was the direct cause of the following exception:

Traceback (most recent call last):
  File "/Users/htq/Desktop/真正的金融/币圈/freqtrade/freqtrade/exchange/exchange.py", line 691, in reload_markets
    retrier(self._load_async_markets, retries=retries)(reload=True)
  File "/Users/htq/Desktop/真正的金融/币圈/freqtrade/freqtrade/exchange/common.py", line 187, in wrapper
    raise ex
  File "/Users/htq/Desktop/真正的金融/币圈/freqtrade/freqtrade/exchange/common.py", line 172, in wrapper
    return f(*args, **kwargs)
           ^^^^^^^^^^^^^^^^^^
  File "/Users/htq/Desktop/真正的金融/币圈/freqtrade/freqtrade/exchange/exchange.py", line 664, in _load_async_markets
    markets = self.loop.run_until_complete(self._api_reload_markets(reload=reload))
              ^^^^^^^^^^^^^^^^^^^^^^^^^^^^^^^^^^^^^^^^^^^^^^^^^^^^^^^^^^^^^^^^^^^^^
  File "/Users/htq/miniconda3/envs/freqtrade311/lib/python3.11/asyncio/base_events.py", line 650, in run_until_complete
    return future.result()
           ^^^^^^^^^^^^^^^
  File "/Users/htq/Desktop/真正的金融/币圈/freqtrade/freqtrade/exchange/exchange.py", line 655, in _api_reload_markets
    raise TemporaryError(
freqtrade.exceptions.TemporaryError: Error in reload_markets due to ExchangeNotAvailable. Message: okx GET https://www.okx.com/api/v5/public/instruments?instType=SPOT
2025-10-15 09:05:00,539 - freqtrade.exchange.exchange - INFO - Couldn't reuse watch for DOGE/USDT, 1h, falling back to REST api. False, 1760490000000, 0, 2025-10-15T01:00:00, 1970-01-01T00:00:00 
2025-10-15 09:05:00,548 - freqtrade.exchange.exchange_ws - ERROR - Exception in continuously_async_watch_ohlcv for DOGE/USDT, 1h
Traceback (most recent call last):
  File "/Users/htq/Desktop/真正的金融/币圈/freqtrade/freqtrade/exchange/exchange_ws.py", line 176, in _continuously_async_watch_ohlcv
    data = await self._ccxt_object.watch_ohlcv(pair, timeframe)
           ^^^^^^^^^^^^^^^^^^^^^^^^^^^^^^^^^^^^^^^^^^^^^^^^^^^^
  File "/Users/htq/miniconda3/envs/freqtrade311/lib/python3.11/site-packages/ccxt/pro/okx.py", line 900, in watch_ohlcv
    ohlcv = await self.subscribe('public', name, name, symbol, params)
            ^^^^^^^^^^^^^^^^^^^^^^^^^^^^^^^^^^^^^^^^^^^^^^^^^^^^^^^^^^
  File "/Users/htq/miniconda3/envs/freqtrade311/lib/python3.11/site-packages/ccxt/pro/okx.py", line 171, in subscribe
    return await self.watch(url, messageHash, request, messageHash)
           ^^^^^^^^^^^^^^^^^^^^^^^^^^^^^^^^^^^^^^^^^^^^^^^^^^^^^^^^
ccxt.base.errors.NetworkError: Cannot connect to host ws.okx.com:8443 ssl:default [Could not contact DNS servers]
2025-10-15 09:05:00,550 - freqtrade.exchange.exchange_ws - INFO - DOGE/USDT, 1h, spot - Task finished - done
2025-10-15 09:05:00,562 - freqtrade.exchange.exchange_ws - ERROR - Exception in _unwatch_ohlcv
Traceback (most recent call last):
  File "/Users/htq/Desktop/真正的金融/币圈/freqtrade/freqtrade/exchange/exchange_ws.py", line 144, in _unwatch_ohlcv
    await self._ccxt_object.un_watch_ohlcv_for_symbols([[pair, timeframe]])
  File "/Users/htq/miniconda3/envs/freqtrade311/lib/python3.11/site-packages/ccxt/pro/okx.py", line 986, in un_watch_ohlcv_for_symbols
    return await self.watch_multiple(url, messageHashes, request, messageHashes)
           ^^^^^^^^^^^^^^^^^^^^^^^^^^^^^^^^^^^^^^^^^^^^^^^^^^^^^^^^^^^^^^^^^^^^^
ccxt.base.errors.NetworkError: Cannot connect to host ws.okx.com:8443 ssl:default [Could not contact DNS servers]
2025-10-15 09:05:01,031 - freqtrade.exchange.common - WARNING - _async_get_candle_history() returned exception: "Could not fetch historical candle (OHLCV) data for DOGE/USDT, 1h, spot due to 
ExchangeNotAvailable. Message: okx GET https://www.okx.com/api/v5/market/candles?instId=DOGE-USDT&bar=1H&limit=300". Retrying still for 4 times.
2025-10-15 09:05:01,086 - freqtrade.exchange.common - WARNING - _async_get_candle_history() returned exception: "Could not fetch historical candle (OHLCV) data for DOGE/USDT, 1h, spot due to 
ExchangeNotAvailable. Message: okx GET https://www.okx.com/api/v5/market/candles?instId=DOGE-USDT&bar=1H&limit=300". Retrying still for 3 times.
2025-10-15 09:05:01,143 - freqtrade.exchange.common - WARNING - _async_get_candle_history() returned exception: "Could not fetch historical candle (OHLCV) data for DOGE/USDT, 1h, spot due to 
ExchangeNotAvailable. Message: okx GET https://www.okx.com/api/v5/market/candles?instId=DOGE-USDT&bar=1H&limit=300". Retrying still for 2 times.
2025-10-15 09:05:01,196 - freqtrade.exchange.common - WARNING - _async_get_candle_history() returned exception: "Could not fetch historical candle (OHLCV) data for DOGE/USDT, 1h, spot due to 
ExchangeNotAvailable. Message: okx GET https://www.okx.com/api/v5/market/candles?instId=DOGE-USDT&bar=1H&limit=300". Retrying still for 1 times.
2025-10-15 09:05:01,251 - freqtrade.exchange.common - WARNING - _async_get_candle_history() returned exception: "Could not fetch historical candle (OHLCV) data for DOGE/USDT, 1h, spot due to 
ExchangeNotAvailable. Message: okx GET https://www.okx.com/api/v5/market/candles?instId=DOGE-USDT&bar=1H&limit=300". Giving up.
2025-10-15 09:05:01,252 - freqtrade.exchange.exchange - WARNING - Async code raised an exception: TemporaryError('Could not fetch historical candle (OHLCV) data for DOGE/USDT, 1h, spot due to 
ExchangeNotAvailable. Message: okx GET https://www.okx.com/api/v5/market/candles?instId=DOGE-USDT&bar=1H&limit=300')
2025-10-15 09:05:01,257 - freqtrade.strategy.interface - WARNING - Outdated history for pair DOGE/USDT. Last tick is 125 minutes old
2025-10-15 09:05:04,004 - uvicorn.error - INFO - connection closed
2025-10-15 09:05:04,006 - freqtrade.rpc.api_server.ws.channel - INFO - Disconnected from channel - WebSocketChannel(a506bca0, ('127.0.0.1', 58468))
2025-10-15 09:05:05,525 - freqtrade.exchange.common - WARNING - _load_async_markets() returned exception: "Error in reload_markets due to ExchangeNotAvailable. Message: okx GET 
https://www.okx.com/api/v5/public/instruments?instType=SPOT". Giving up.
2025-10-15 09:05:05,526 - freqtrade.exchange.exchange - ERROR - Could not load markets.
Traceback (most recent call last):
  File "/Users/htq/miniconda3/envs/freqtrade311/lib/python3.11/site-packages/aiohttp/connector.py", line 1432, in _start_tls_connection
    tls_transport = await self._loop.start_tls(
                    ^^^^^^^^^^^^^^^^^^^^^^^^^^^
  File "/Users/htq/miniconda3/envs/freqtrade311/lib/python3.11/asyncio/base_events.py", line 1253, in start_tls
    await waiter
  File "/Users/htq/miniconda3/envs/freqtrade311/lib/python3.11/asyncio/selector_events.py", line 962, in _read_ready__get_buffer
    nbytes = self._sock.recv_into(buf)
             ^^^^^^^^^^^^^^^^^^^^^^^^^
ConnectionResetError: [Errno 54] Connection reset by peer

The above exception was the direct cause of the following exception:

Traceback (most recent call last):
  File "/Users/htq/miniconda3/envs/freqtrade311/lib/python3.11/site-packages/ccxt/async_support/base/exchange.py", line 217, in fetch
    async with session_method(yarl.URL(url, encoded=True),
  File "/Users/htq/miniconda3/envs/freqtrade311/lib/python3.11/site-packages/aiohttp/client.py", line 1488, in __aenter__
    self._resp: _RetType = await self._coro
                           ^^^^^^^^^^^^^^^^
  File "/Users/htq/miniconda3/envs/freqtrade311/lib/python3.11/site-packages/aiohttp/client.py", line 770, in _request
    resp = await handler(req)
           ^^^^^^^^^^^^^^^^^^
  File "/Users/htq/miniconda3/envs/freqtrade311/lib/python3.11/site-packages/aiohttp/client.py", line 725, in _connect_and_send_request
    conn = await self._connector.connect(
           ^^^^^^^^^^^^^^^^^^^^^^^^^^^^^^
  File "/Users/htq/miniconda3/envs/freqtrade311/lib/python3.11/site-packages/aiohttp/connector.py", line 642, in connect
    proto = await self._create_connection(req, traces, timeout)
            ^^^^^^^^^^^^^^^^^^^^^^^^^^^^^^^^^^^^^^^^^^^^^^^^^^^
  File "/Users/htq/miniconda3/envs/freqtrade311/lib/python3.11/site-packages/aiohttp/connector.py", line 1207, in _create_connection
    _, proto = await self._create_proxy_connection(req, traces, timeout)
               ^^^^^^^^^^^^^^^^^^^^^^^^^^^^^^^^^^^^^^^^^^^^^^^^^^^^^^^^^
  File "/Users/htq/miniconda3/envs/freqtrade311/lib/python3.11/site-packages/aiohttp/connector.py", line 1697, in _create_proxy_connection
    return await self._start_tls_connection(
           ^^^^^^^^^^^^^^^^^^^^^^^^^^^^^^^^^
  File "/Users/htq/miniconda3/envs/freqtrade311/lib/python3.11/site-packages/aiohttp/connector.py", line 1465, in _start_tls_connection
    raise client_error(req.connection_key, exc) from exc
aiohttp.client_exceptions.ClientConnectorError: Cannot connect to host www.okx.com:443 ssl:default [Connection reset by peer]

The above exception was the direct cause of the following exception:

Traceback (most recent call last):
  File "/Users/htq/Desktop/真正的金融/币圈/freqtrade/freqtrade/exchange/exchange.py", line 651, in _api_reload_markets
    await self._api_async.load_markets(reload=reload, params={})
  File "/Users/htq/miniconda3/envs/freqtrade311/lib/python3.11/site-packages/ccxt/async_support/base/exchange.py", line 338, in load_markets
    raise e
  File "/Users/htq/miniconda3/envs/freqtrade311/lib/python3.11/site-packages/ccxt/async_support/base/exchange.py", line 330, in load_markets
    result = await self.markets_loading
             ^^^^^^^^^^^^^^^^^^^^^^^^^^
  File "/Users/htq/miniconda3/envs/freqtrade311/lib/python3.11/site-packages/ccxt/async_support/base/exchange.py", line 297, in load_markets_helper
    markets = await self.fetch_markets(params)
              ^^^^^^^^^^^^^^^^^^^^^^^^^^^^^^^^
  File "/Users/htq/miniconda3/envs/freqtrade311/lib/python3.11/site-packages/ccxt/async_support/okx.py", line 1576, in fetch_markets
    promises = await asyncio.gather(*promises)
               ^^^^^^^^^^^^^^^^^^^^^^^^^^^^^^^
  File "/Users/htq/miniconda3/envs/freqtrade311/lib/python3.11/site-packages/ccxt/async_support/okx.py", line 1744, in fetch_markets_by_type
    response = await self.publicGetPublicInstruments(self.extend(request, params))
               ^^^^^^^^^^^^^^^^^^^^^^^^^^^^^^^^^^^^^^^^^^^^^^^^^^^^^^^^^^^^^^^^^^^
  File "/Users/htq/miniconda3/envs/freqtrade311/lib/python3.11/site-packages/ccxt/async_support/base/exchange.py", line 978, in request
    return await self.fetch2(path, api, method, params, headers, body, config)
           ^^^^^^^^^^^^^^^^^^^^^^^^^^^^^^^^^^^^^^^^^^^^^^^^^^^^^^^^^^^^^^^^^^^
  File "/Users/htq/miniconda3/envs/freqtrade311/lib/python3.11/site-packages/ccxt/async_support/base/exchange.py", line 972, in fetch2
    raise e
  File "/Users/htq/miniconda3/envs/freqtrade311/lib/python3.11/site-packages/ccxt/async_support/base/exchange.py", line 963, in fetch2
    return await self.fetch(request['url'], request['method'], request['headers'], request['body'])
           ^^^^^^^^^^^^^^^^^^^^^^^^^^^^^^^^^^^^^^^^^^^^^^^^^^^^^^^^^^^^^^^^^^^^^^^^^^^^^^^^^^^^^^^^
  File "/Users/htq/miniconda3/envs/freqtrade311/lib/python3.11/site-packages/ccxt/async_support/base/exchange.py", line 257, in fetch
    raise ExchangeNotAvailable(details) from e
ccxt.base.errors.ExchangeNotAvailable: okx GET https://www.okx.com/api/v5/public/instruments?instType=SPOT

The above exception was the direct cause of the following exception:

Traceback (most recent call last):
  File "/Users/htq/Desktop/真正的金融/币圈/freqtrade/freqtrade/exchange/exchange.py", line 691, in reload_markets
    retrier(self._load_async_markets, retries=retries)(reload=True)
  File "/Users/htq/Desktop/真正的金融/币圈/freqtrade/freqtrade/exchange/common.py", line 187, in wrapper
    raise ex
  File "/Users/htq/Desktop/真正的金融/币圈/freqtrade/freqtrade/exchange/common.py", line 172, in wrapper
    return f(*args, **kwargs)
           ^^^^^^^^^^^^^^^^^^
  File "/Users/htq/Desktop/真正的金融/币圈/freqtrade/freqtrade/exchange/exchange.py", line 664, in _load_async_markets
    markets = self.loop.run_until_complete(self._api_reload_markets(reload=reload))
              ^^^^^^^^^^^^^^^^^^^^^^^^^^^^^^^^^^^^^^^^^^^^^^^^^^^^^^^^^^^^^^^^^^^^^
  File "/Users/htq/miniconda3/envs/freqtrade311/lib/python3.11/asyncio/base_events.py", line 650, in run_until_complete
    return future.result()
           ^^^^^^^^^^^^^^^
  File "/Users/htq/Desktop/真正的金融/币圈/freqtrade/freqtrade/exchange/exchange.py", line 655, in _api_reload_markets
    raise TemporaryError(
freqtrade.exceptions.TemporaryError: Error in reload_markets due to ExchangeNotAvailable. Message: okx GET https://www.okx.com/api/v5/public/instruments?instType=SPOT
2025-10-15 09:05:05,537 - freqtrade.exchange.exchange - INFO - Couldn't reuse watch for DOGE/USDT, 1h, falling back to REST api. False, 1760490000000, 0, 2025-10-15T01:00:00, 1970-01-01T00:00:00 
2025-10-15 09:05:05,543 - freqtrade.exchange.exchange_ws - ERROR - Exception in continuously_async_watch_ohlcv for DOGE/USDT, 1h
Traceback (most recent call last):
  File "/Users/htq/Desktop/真正的金融/币圈/freqtrade/freqtrade/exchange/exchange_ws.py", line 176, in _continuously_async_watch_ohlcv
    data = await self._ccxt_object.watch_ohlcv(pair, timeframe)
           ^^^^^^^^^^^^^^^^^^^^^^^^^^^^^^^^^^^^^^^^^^^^^^^^^^^^
  File "/Users/htq/miniconda3/envs/freqtrade311/lib/python3.11/site-packages/ccxt/pro/okx.py", line 900, in watch_ohlcv
    ohlcv = await self.subscribe('public', name, name, symbol, params)
            ^^^^^^^^^^^^^^^^^^^^^^^^^^^^^^^^^^^^^^^^^^^^^^^^^^^^^^^^^^
  File "/Users/htq/miniconda3/envs/freqtrade311/lib/python3.11/site-packages/ccxt/pro/okx.py", line 171, in subscribe
    return await self.watch(url, messageHash, request, messageHash)
           ^^^^^^^^^^^^^^^^^^^^^^^^^^^^^^^^^^^^^^^^^^^^^^^^^^^^^^^^
ccxt.base.errors.NetworkError: Cannot connect to host ws.okx.com:8443 ssl:default [Could not contact DNS servers]
2025-10-15 09:05:05,544 - freqtrade.exchange.exchange_ws - INFO - DOGE/USDT, 1h, spot - Task finished - done
2025-10-15 09:05:05,550 - freqtrade.exchange.exchange_ws - ERROR - Exception in _unwatch_ohlcv
Traceback (most recent call last):
  File "/Users/htq/Desktop/真正的金融/币圈/freqtrade/freqtrade/exchange/exchange_ws.py", line 144, in _unwatch_ohlcv
    await self._ccxt_object.un_watch_ohlcv_for_symbols([[pair, timeframe]])
  File "/Users/htq/miniconda3/envs/freqtrade311/lib/python3.11/site-packages/ccxt/pro/okx.py", line 986, in un_watch_ohlcv_for_symbols
    return await self.watch_multiple(url, messageHashes, request, messageHashes)
           ^^^^^^^^^^^^^^^^^^^^^^^^^^^^^^^^^^^^^^^^^^^^^^^^^^^^^^^^^^^^^^^^^^^^^
ccxt.base.errors.NetworkError: Cannot connect to host ws.okx.com:8443 ssl:default [Could not contact DNS servers]
2025-10-15 09:05:06,042 - freqtrade.exchange.common - WARNING - _async_get_candle_history() returned exception: "Could not fetch historical candle (OHLCV) data for DOGE/USDT, 1h, spot due to 
ExchangeNotAvailable. Message: okx GET https://www.okx.com/api/v5/market/candles?instId=DOGE-USDT&bar=1H&limit=300". Retrying still for 4 times.
2025-10-15 09:05:06,096 - freqtrade.exchange.common - WARNING - _async_get_candle_history() returned exception: "Could not fetch historical candle (OHLCV) data for DOGE/USDT, 1h, spot due to 
ExchangeNotAvailable. Message: okx GET https://www.okx.com/api/v5/market/candles?instId=DOGE-USDT&bar=1H&limit=300". Retrying still for 3 times.
2025-10-15 09:05:06,149 - freqtrade.exchange.common - WARNING - _async_get_candle_history() returned exception: "Could not fetch historical candle (OHLCV) data for DOGE/USDT, 1h, spot due to 
ExchangeNotAvailable. Message: okx GET https://www.okx.com/api/v5/market/candles?instId=DOGE-USDT&bar=1H&limit=300". Retrying still for 2 times.
2025-10-15 09:05:06,204 - freqtrade.exchange.common - WARNING - _async_get_candle_history() returned exception: "Could not fetch historical candle (OHLCV) data for DOGE/USDT, 1h, spot due to 
ExchangeNotAvailable. Message: okx GET https://www.okx.com/api/v5/market/candles?instId=DOGE-USDT&bar=1H&limit=300". Retrying still for 1 times.
2025-10-15 09:05:06,262 - freqtrade.exchange.common - WARNING - _async_get_candle_history() returned exception: "Could not fetch historical candle (OHLCV) data for DOGE/USDT, 1h, spot due to 
ExchangeNotAvailable. Message: okx GET https://www.okx.com/api/v5/market/candles?instId=DOGE-USDT&bar=1H&limit=300". Giving up.
2025-10-15 09:05:06,268 - freqtrade.exchange.exchange - WARNING - Async code raised an exception: TemporaryError('Could not fetch historical candle (OHLCV) data for DOGE/USDT, 1h, spot due to 
ExchangeNotAvailable. Message: okx GET https://www.okx.com/api/v5/market/candles?instId=DOGE-USDT&bar=1H&limit=300')
2025-10-15 09:05:06,274 - freqtrade.strategy.interface - WARNING - Outdated history for pair DOGE/USDT. Last tick is 125 minutes old
2025-10-15 09:05:10,534 - freqtrade.exchange.common - WARNING - _load_async_markets() returned exception: "Error in reload_markets due to ExchangeNotAvailable. Message: okx GET 
https://www.okx.com/api/v5/public/instruments?instType=SPOT". Giving up.
2025-10-15 09:05:10,535 - freqtrade.exchange.exchange - ERROR - Could not load markets.
Traceback (most recent call last):
  File "/Users/htq/miniconda3/envs/freqtrade311/lib/python3.11/site-packages/aiohttp/connector.py", line 1432, in _start_tls_connection
    tls_transport = await self._loop.start_tls(
                    ^^^^^^^^^^^^^^^^^^^^^^^^^^^
  File "/Users/htq/miniconda3/envs/freqtrade311/lib/python3.11/asyncio/base_events.py", line 1253, in start_tls
    await waiter
  File "/Users/htq/miniconda3/envs/freqtrade311/lib/python3.11/asyncio/selector_events.py", line 962, in _read_ready__get_buffer
    nbytes = self._sock.recv_into(buf)
             ^^^^^^^^^^^^^^^^^^^^^^^^^
ConnectionResetError: [Errno 54] Connection reset by peer

The above exception was the direct cause of the following exception:

Traceback (most recent call last):
  File "/Users/htq/miniconda3/envs/freqtrade311/lib/python3.11/site-packages/ccxt/async_support/base/exchange.py", line 217, in fetch
    async with session_method(yarl.URL(url, encoded=True),
  File "/Users/htq/miniconda3/envs/freqtrade311/lib/python3.11/site-packages/aiohttp/client.py", line 1488, in __aenter__
    self._resp: _RetType = await self._coro
                           ^^^^^^^^^^^^^^^^
  File "/Users/htq/miniconda3/envs/freqtrade311/lib/python3.11/site-packages/aiohttp/client.py", line 770, in _request
    resp = await handler(req)
           ^^^^^^^^^^^^^^^^^^
  File "/Users/htq/miniconda3/envs/freqtrade311/lib/python3.11/site-packages/aiohttp/client.py", line 725, in _connect_and_send_request
    conn = await self._connector.connect(
           ^^^^^^^^^^^^^^^^^^^^^^^^^^^^^^
  File "/Users/htq/miniconda3/envs/freqtrade311/lib/python3.11/site-packages/aiohttp/connector.py", line 642, in connect
    proto = await self._create_connection(req, traces, timeout)
            ^^^^^^^^^^^^^^^^^^^^^^^^^^^^^^^^^^^^^^^^^^^^^^^^^^^
  File "/Users/htq/miniconda3/envs/freqtrade311/lib/python3.11/site-packages/aiohttp/connector.py", line 1207, in _create_connection
    _, proto = await self._create_proxy_connection(req, traces, timeout)
               ^^^^^^^^^^^^^^^^^^^^^^^^^^^^^^^^^^^^^^^^^^^^^^^^^^^^^^^^^
  File "/Users/htq/miniconda3/envs/freqtrade311/lib/python3.11/site-packages/aiohttp/connector.py", line 1697, in _create_proxy_connection
    return await self._start_tls_connection(
           ^^^^^^^^^^^^^^^^^^^^^^^^^^^^^^^^^
  File "/Users/htq/miniconda3/envs/freqtrade311/lib/python3.11/site-packages/aiohttp/connector.py", line 1465, in _start_tls_connection
    raise client_error(req.connection_key, exc) from exc
aiohttp.client_exceptions.ClientConnectorError: Cannot connect to host www.okx.com:443 ssl:default [Connection reset by peer]

The above exception was the direct cause of the following exception:

Traceback (most recent call last):
  File "/Users/htq/Desktop/真正的金融/币圈/freqtrade/freqtrade/exchange/exchange.py", line 651, in _api_reload_markets
    await self._api_async.load_markets(reload=reload, params={})
  File "/Users/htq/miniconda3/envs/freqtrade311/lib/python3.11/site-packages/ccxt/async_support/base/exchange.py", line 338, in load_markets
    raise e
  File "/Users/htq/miniconda3/envs/freqtrade311/lib/python3.11/site-packages/ccxt/async_support/base/exchange.py", line 330, in load_markets
    result = await self.markets_loading
             ^^^^^^^^^^^^^^^^^^^^^^^^^^
  File "/Users/htq/miniconda3/envs/freqtrade311/lib/python3.11/site-packages/ccxt/async_support/base/exchange.py", line 297, in load_markets_helper
    markets = await self.fetch_markets(params)
              ^^^^^^^^^^^^^^^^^^^^^^^^^^^^^^^^
  File "/Users/htq/miniconda3/envs/freqtrade311/lib/python3.11/site-packages/ccxt/async_support/okx.py", line 1576, in fetch_markets
    promises = await asyncio.gather(*promises)
               ^^^^^^^^^^^^^^^^^^^^^^^^^^^^^^^
  File "/Users/htq/miniconda3/envs/freqtrade311/lib/python3.11/site-packages/ccxt/async_support/okx.py", line 1744, in fetch_markets_by_type
    response = await self.publicGetPublicInstruments(self.extend(request, params))
               ^^^^^^^^^^^^^^^^^^^^^^^^^^^^^^^^^^^^^^^^^^^^^^^^^^^^^^^^^^^^^^^^^^^
  File "/Users/htq/miniconda3/envs/freqtrade311/lib/python3.11/site-packages/ccxt/async_support/base/exchange.py", line 978, in request
    return await self.fetch2(path, api, method, params, headers, body, config)
           ^^^^^^^^^^^^^^^^^^^^^^^^^^^^^^^^^^^^^^^^^^^^^^^^^^^^^^^^^^^^^^^^^^^
  File "/Users/htq/miniconda3/envs/freqtrade311/lib/python3.11/site-packages/ccxt/async_support/base/exchange.py", line 972, in fetch2
    raise e
  File "/Users/htq/miniconda3/envs/freqtrade311/lib/python3.11/site-packages/ccxt/async_support/base/exchange.py", line 963, in fetch2
    return await self.fetch(request['url'], request['method'], request['headers'], request['body'])
           ^^^^^^^^^^^^^^^^^^^^^^^^^^^^^^^^^^^^^^^^^^^^^^^^^^^^^^^^^^^^^^^^^^^^^^^^^^^^^^^^^^^^^^^^
  File "/Users/htq/miniconda3/envs/freqtrade311/lib/python3.11/site-packages/ccxt/async_support/base/exchange.py", line 257, in fetch
    raise ExchangeNotAvailable(details) from e
ccxt.base.errors.ExchangeNotAvailable: okx GET https://www.okx.com/api/v5/public/instruments?instType=SPOT

The above exception was the direct cause of the following exception:

Traceback (most recent call last):
  File "/Users/htq/Desktop/真正的金融/币圈/freqtrade/freqtrade/exchange/exchange.py", line 691, in reload_markets
    retrier(self._load_async_markets, retries=retries)(reload=True)
  File "/Users/htq/Desktop/真正的金融/币圈/freqtrade/freqtrade/exchange/common.py", line 187, in wrapper
    raise ex
  File "/Users/htq/Desktop/真正的金融/币圈/freqtrade/freqtrade/exchange/common.py", line 172, in wrapper
    return f(*args, **kwargs)
           ^^^^^^^^^^^^^^^^^^
  File "/Users/htq/Desktop/真正的金融/币圈/freqtrade/freqtrade/exchange/exchange.py", line 664, in _load_async_markets
    markets = self.loop.run_until_complete(self._api_reload_markets(reload=reload))
              ^^^^^^^^^^^^^^^^^^^^^^^^^^^^^^^^^^^^^^^^^^^^^^^^^^^^^^^^^^^^^^^^^^^^^
  File "/Users/htq/miniconda3/envs/freqtrade311/lib/python3.11/asyncio/base_events.py", line 650, in run_until_complete
    return future.result()
           ^^^^^^^^^^^^^^^
  File "/Users/htq/Desktop/真正的金融/币圈/freqtrade/freqtrade/exchange/exchange.py", line 655, in _api_reload_markets
    raise TemporaryError(
freqtrade.exceptions.TemporaryError: Error in reload_markets due to ExchangeNotAvailable. Message: okx GET https://www.okx.com/api/v5/public/instruments?instType=SPOT
2025-10-15 09:05:10,546 - freqtrade.exchange.exchange - INFO - Couldn't reuse watch for DOGE/USDT, 1h, falling back to REST api. False, 1760490000000, 0, 2025-10-15T01:00:00, 1970-01-01T00:00:00 
2025-10-15 09:05:10,552 - freqtrade.exchange.exchange_ws - ERROR - Exception in continuously_async_watch_ohlcv for DOGE/USDT, 1h
Traceback (most recent call last):
  File "/Users/htq/Desktop/真正的金融/币圈/freqtrade/freqtrade/exchange/exchange_ws.py", line 176, in _continuously_async_watch_ohlcv
    data = await self._ccxt_object.watch_ohlcv(pair, timeframe)
           ^^^^^^^^^^^^^^^^^^^^^^^^^^^^^^^^^^^^^^^^^^^^^^^^^^^^
  File "/Users/htq/miniconda3/envs/freqtrade311/lib/python3.11/site-packages/ccxt/pro/okx.py", line 900, in watch_ohlcv
    ohlcv = await self.subscribe('public', name, name, symbol, params)
            ^^^^^^^^^^^^^^^^^^^^^^^^^^^^^^^^^^^^^^^^^^^^^^^^^^^^^^^^^^
  File "/Users/htq/miniconda3/envs/freqtrade311/lib/python3.11/site-packages/ccxt/pro/okx.py", line 171, in subscribe
    return await self.watch(url, messageHash, request, messageHash)
           ^^^^^^^^^^^^^^^^^^^^^^^^^^^^^^^^^^^^^^^^^^^^^^^^^^^^^^^^
ccxt.base.errors.NetworkError: Cannot connect to host ws.okx.com:8443 ssl:default [Could not contact DNS servers]
2025-10-15 09:05:10,553 - freqtrade.exchange.exchange_ws - INFO - DOGE/USDT, 1h, spot - Task finished - done
2025-10-15 09:05:10,559 - freqtrade.exchange.exchange_ws - ERROR - Exception in _unwatch_ohlcv
Traceback (most recent call last):
  File "/Users/htq/Desktop/真正的金融/币圈/freqtrade/freqtrade/exchange/exchange_ws.py", line 144, in _unwatch_ohlcv
    await self._ccxt_object.un_watch_ohlcv_for_symbols([[pair, timeframe]])
  File "/Users/htq/miniconda3/envs/freqtrade311/lib/python3.11/site-packages/ccxt/pro/okx.py", line 986, in un_watch_ohlcv_for_symbols
    return await self.watch_multiple(url, messageHashes, request, messageHashes)
           ^^^^^^^^^^^^^^^^^^^^^^^^^^^^^^^^^^^^^^^^^^^^^^^^^^^^^^^^^^^^^^^^^^^^^
ccxt.base.errors.NetworkError: Cannot connect to host ws.okx.com:8443 ssl:default [Could not contact DNS servers]
2025-10-15 09:05:11,049 - freqtrade.exchange.common - WARNING - _async_get_candle_history() returned exception: "Could not fetch historical candle (OHLCV) data for DOGE/USDT, 1h, spot due to 
ExchangeNotAvailable. Message: okx GET https://www.okx.com/api/v5/market/candles?instId=DOGE-USDT&bar=1H&limit=300". Retrying still for 4 times.
2025-10-15 09:05:11,107 - freqtrade.exchange.common - WARNING - _async_get_candle_history() returned exception: "Could not fetch historical candle (OHLCV) data for DOGE/USDT, 1h, spot due to 
ExchangeNotAvailable. Message: okx GET https://www.okx.com/api/v5/market/candles?instId=DOGE-USDT&bar=1H&limit=300". Retrying still for 3 times.
2025-10-15 09:05:11,163 - freqtrade.exchange.common - WARNING - _async_get_candle_history() returned exception: "Could not fetch historical candle (OHLCV) data for DOGE/USDT, 1h, spot due to 
ExchangeNotAvailable. Message: okx GET https://www.okx.com/api/v5/market/candles?instId=DOGE-USDT&bar=1H&limit=300". Retrying still for 2 times.
2025-10-15 09:05:11,220 - freqtrade.exchange.common - WARNING - _async_get_candle_history() returned exception: "Could not fetch historical candle (OHLCV) data for DOGE/USDT, 1h, spot due to 
ExchangeNotAvailable. Message: okx GET https://www.okx.com/api/v5/market/candles?instId=DOGE-USDT&bar=1H&limit=300". Retrying still for 1 times.
2025-10-15 09:05:11,282 - freqtrade.exchange.common - WARNING - _async_get_candle_history() returned exception: "Could not fetch historical candle (OHLCV) data for DOGE/USDT, 1h, spot due to 
ExchangeNotAvailable. Message: okx GET https://www.okx.com/api/v5/market/candles?instId=DOGE-USDT&bar=1H&limit=300". Giving up.
2025-10-15 09:05:11,284 - freqtrade.exchange.exchange - WARNING - Async code raised an exception: TemporaryError('Could not fetch historical candle (OHLCV) data for DOGE/USDT, 1h, spot due to 
ExchangeNotAvailable. Message: okx GET https://www.okx.com/api/v5/market/candles?instId=DOGE-USDT&bar=1H&limit=300')
2025-10-15 09:05:11,292 - freqtrade.strategy.interface - WARNING - Outdated history for pair DOGE/USDT. Last tick is 125 minutes old
2025-10-15 09:05:14,409 - uvicorn.error - INFO - 127.0.0.1:63431 - "WebSocket 
/api/v1/message/ws?token=eyJhbGciOiJIUzI1NiIsInR5cCI6IkpXVCJ9.eyJpZGVudGl0eSI6eyJ1IjoiRnJlcXRyYWRlciJ9LCJleHAiOjE3NjA0NjUzNTEsImlhdCI6MTc2MDQ2NDQ1MSwidHlwZSI6ImFjY2VzcyJ9.UEpBR0Lja3FjlCskB9op70agqftkE
4YoisvLsDVnWmI" 403
2025-10-15 09:05:14,411 - uvicorn.error - INFO - connection rejected (403 Forbidden)
2025-10-15 09:05:14,412 - uvicorn.error - INFO - connection closed
2025-10-15 09:05:15,545 - freqtrade.exchange.common - WARNING - _load_async_markets() returned exception: "Error in reload_markets due to ExchangeNotAvailable. Message: okx GET 
https://www.okx.com/api/v5/public/instruments?instType=SPOT". Giving up.
2025-10-15 09:05:15,545 - freqtrade.exchange.exchange - ERROR - Could not load markets.
Traceback (most recent call last):
  File "/Users/htq/miniconda3/envs/freqtrade311/lib/python3.11/site-packages/aiohttp/connector.py", line 1432, in _start_tls_connection
    tls_transport = await self._loop.start_tls(
                    ^^^^^^^^^^^^^^^^^^^^^^^^^^^
  File "/Users/htq/miniconda3/envs/freqtrade311/lib/python3.11/asyncio/base_events.py", line 1253, in start_tls
    await waiter
  File "/Users/htq/miniconda3/envs/freqtrade311/lib/python3.11/asyncio/selector_events.py", line 962, in _read_ready__get_buffer
    nbytes = self._sock.recv_into(buf)
             ^^^^^^^^^^^^^^^^^^^^^^^^^
ConnectionResetError: [Errno 54] Connection reset by peer

The above exception was the direct cause of the following exception:

Traceback (most recent call last):
  File "/Users/htq/miniconda3/envs/freqtrade311/lib/python3.11/site-packages/ccxt/async_support/base/exchange.py", line 217, in fetch
    async with session_method(yarl.URL(url, encoded=True),
  File "/Users/htq/miniconda3/envs/freqtrade311/lib/python3.11/site-packages/aiohttp/client.py", line 1488, in __aenter__
    self._resp: _RetType = await self._coro
                           ^^^^^^^^^^^^^^^^
  File "/Users/htq/miniconda3/envs/freqtrade311/lib/python3.11/site-packages/aiohttp/client.py", line 770, in _request
    resp = await handler(req)
           ^^^^^^^^^^^^^^^^^^
  File "/Users/htq/miniconda3/envs/freqtrade311/lib/python3.11/site-packages/aiohttp/client.py", line 725, in _connect_and_send_request
    conn = await self._connector.connect(
           ^^^^^^^^^^^^^^^^^^^^^^^^^^^^^^
  File "/Users/htq/miniconda3/envs/freqtrade311/lib/python3.11/site-packages/aiohttp/connector.py", line 642, in connect
    proto = await self._create_connection(req, traces, timeout)
            ^^^^^^^^^^^^^^^^^^^^^^^^^^^^^^^^^^^^^^^^^^^^^^^^^^^
  File "/Users/htq/miniconda3/envs/freqtrade311/lib/python3.11/site-packages/aiohttp/connector.py", line 1207, in _create_connection
    _, proto = await self._create_proxy_connection(req, traces, timeout)
               ^^^^^^^^^^^^^^^^^^^^^^^^^^^^^^^^^^^^^^^^^^^^^^^^^^^^^^^^^
  File "/Users/htq/miniconda3/envs/freqtrade311/lib/python3.11/site-packages/aiohttp/connector.py", line 1697, in _create_proxy_connection
    return await self._start_tls_connection(
           ^^^^^^^^^^^^^^^^^^^^^^^^^^^^^^^^^
  File "/Users/htq/miniconda3/envs/freqtrade311/lib/python3.11/site-packages/aiohttp/connector.py", line 1465, in _start_tls_connection
    raise client_error(req.connection_key, exc) from exc
aiohttp.client_exceptions.ClientConnectorError: Cannot connect to host www.okx.com:443 ssl:default [Connection reset by peer]

The above exception was the direct cause of the following exception:

Traceback (most recent call last):
  File "/Users/htq/Desktop/真正的金融/币圈/freqtrade/freqtrade/exchange/exchange.py", line 651, in _api_reload_markets
    await self._api_async.load_markets(reload=reload, params={})
  File "/Users/htq/miniconda3/envs/freqtrade311/lib/python3.11/site-packages/ccxt/async_support/base/exchange.py", line 338, in load_markets
    raise e
  File "/Users/htq/miniconda3/envs/freqtrade311/lib/python3.11/site-packages/ccxt/async_support/base/exchange.py", line 330, in load_markets
    result = await self.markets_loading
             ^^^^^^^^^^^^^^^^^^^^^^^^^^
  File "/Users/htq/miniconda3/envs/freqtrade311/lib/python3.11/site-packages/ccxt/async_support/base/exchange.py", line 297, in load_markets_helper
    markets = await self.fetch_markets(params)
              ^^^^^^^^^^^^^^^^^^^^^^^^^^^^^^^^
  File "/Users/htq/miniconda3/envs/freqtrade311/lib/python3.11/site-packages/ccxt/async_support/okx.py", line 1576, in fetch_markets
    promises = await asyncio.gather(*promises)
               ^^^^^^^^^^^^^^^^^^^^^^^^^^^^^^^
  File "/Users/htq/miniconda3/envs/freqtrade311/lib/python3.11/site-packages/ccxt/async_support/okx.py", line 1744, in fetch_markets_by_type
    response = await self.publicGetPublicInstruments(self.extend(request, params))
               ^^^^^^^^^^^^^^^^^^^^^^^^^^^^^^^^^^^^^^^^^^^^^^^^^^^^^^^^^^^^^^^^^^^
  File "/Users/htq/miniconda3/envs/freqtrade311/lib/python3.11/site-packages/ccxt/async_support/base/exchange.py", line 978, in request
    return await self.fetch2(path, api, method, params, headers, body, config)
           ^^^^^^^^^^^^^^^^^^^^^^^^^^^^^^^^^^^^^^^^^^^^^^^^^^^^^^^^^^^^^^^^^^^
  File "/Users/htq/miniconda3/envs/freqtrade311/lib/python3.11/site-packages/ccxt/async_support/base/exchange.py", line 972, in fetch2
    raise e
  File "/Users/htq/miniconda3/envs/freqtrade311/lib/python3.11/site-packages/ccxt/async_support/base/exchange.py", line 963, in fetch2
    return await self.fetch(request['url'], request['method'], request['headers'], request['body'])
           ^^^^^^^^^^^^^^^^^^^^^^^^^^^^^^^^^^^^^^^^^^^^^^^^^^^^^^^^^^^^^^^^^^^^^^^^^^^^^^^^^^^^^^^^
  File "/Users/htq/miniconda3/envs/freqtrade311/lib/python3.11/site-packages/ccxt/async_support/base/exchange.py", line 257, in fetch
    raise ExchangeNotAvailable(details) from e
ccxt.base.errors.ExchangeNotAvailable: okx GET https://www.okx.com/api/v5/public/instruments?instType=SPOT

The above exception was the direct cause of the following exception:

Traceback (most recent call last):
  File "/Users/htq/Desktop/真正的金融/币圈/freqtrade/freqtrade/exchange/exchange.py", line 691, in reload_markets
    retrier(self._load_async_markets, retries=retries)(reload=True)
  File "/Users/htq/Desktop/真正的金融/币圈/freqtrade/freqtrade/exchange/common.py", line 187, in wrapper
    raise ex
  File "/Users/htq/Desktop/真正的金融/币圈/freqtrade/freqtrade/exchange/common.py", line 172, in wrapper
    return f(*args, **kwargs)
           ^^^^^^^^^^^^^^^^^^
  File "/Users/htq/Desktop/真正的金融/币圈/freqtrade/freqtrade/exchange/exchange.py", line 664, in _load_async_markets
    markets = self.loop.run_until_complete(self._api_reload_markets(reload=reload))
              ^^^^^^^^^^^^^^^^^^^^^^^^^^^^^^^^^^^^^^^^^^^^^^^^^^^^^^^^^^^^^^^^^^^^^
  File "/Users/htq/miniconda3/envs/freqtrade311/lib/python3.11/asyncio/base_events.py", line 650, in run_until_complete
    return future.result()
           ^^^^^^^^^^^^^^^
  File "/Users/htq/Desktop/真正的金融/币圈/freqtrade/freqtrade/exchange/exchange.py", line 655, in _api_reload_markets
    raise TemporaryError(
freqtrade.exceptions.TemporaryError: Error in reload_markets due to ExchangeNotAvailable. Message: okx GET https://www.okx.com/api/v5/public/instruments?instType=SPOT
2025-10-15 09:05:15,556 - freqtrade.exchange.exchange - INFO - Couldn't reuse watch for DOGE/USDT, 1h, falling back to REST api. False, 1760490000000, 0, 2025-10-15T01:00:00, 1970-01-01T00:00:00 
2025-10-15 09:05:15,562 - freqtrade.exchange.exchange_ws - ERROR - Exception in continuously_async_watch_ohlcv for DOGE/USDT, 1h
Traceback (most recent call last):
  File "/Users/htq/Desktop/真正的金融/币圈/freqtrade/freqtrade/exchange/exchange_ws.py", line 176, in _continuously_async_watch_ohlcv
    data = await self._ccxt_object.watch_ohlcv(pair, timeframe)
           ^^^^^^^^^^^^^^^^^^^^^^^^^^^^^^^^^^^^^^^^^^^^^^^^^^^^
  File "/Users/htq/miniconda3/envs/freqtrade311/lib/python3.11/site-packages/ccxt/pro/okx.py", line 900, in watch_ohlcv
    ohlcv = await self.subscribe('public', name, name, symbol, params)
            ^^^^^^^^^^^^^^^^^^^^^^^^^^^^^^^^^^^^^^^^^^^^^^^^^^^^^^^^^^
  File "/Users/htq/miniconda3/envs/freqtrade311/lib/python3.11/site-packages/ccxt/pro/okx.py", line 171, in subscribe
    return await self.watch(url, messageHash, request, messageHash)
           ^^^^^^^^^^^^^^^^^^^^^^^^^^^^^^^^^^^^^^^^^^^^^^^^^^^^^^^^
ccxt.base.errors.NetworkError: Cannot connect to host ws.okx.com:8443 ssl:default [Could not contact DNS servers]
2025-10-15 09:05:15,563 - freqtrade.exchange.exchange_ws - INFO - DOGE/USDT, 1h, spot - Task finished - done
2025-10-15 09:05:15,569 - freqtrade.exchange.exchange_ws - ERROR - Exception in _unwatch_ohlcv
Traceback (most recent call last):
  File "/Users/htq/Desktop/真正的金融/币圈/freqtrade/freqtrade/exchange/exchange_ws.py", line 144, in _unwatch_ohlcv
    await self._ccxt_object.un_watch_ohlcv_for_symbols([[pair, timeframe]])
  File "/Users/htq/miniconda3/envs/freqtrade311/lib/python3.11/site-packages/ccxt/pro/okx.py", line 986, in un_watch_ohlcv_for_symbols
    return await self.watch_multiple(url, messageHashes, request, messageHashes)
           ^^^^^^^^^^^^^^^^^^^^^^^^^^^^^^^^^^^^^^^^^^^^^^^^^^^^^^^^^^^^^^^^^^^^^
ccxt.base.errors.NetworkError: Cannot connect to host ws.okx.com:8443 ssl:default [Could not contact DNS servers]
2025-10-15 09:05:16,063 - freqtrade.exchange.common - WARNING - _async_get_candle_history() returned exception: "Could not fetch historical candle (OHLCV) data for DOGE/USDT, 1h, spot due to 
ExchangeNotAvailable. Message: okx GET https://www.okx.com/api/v5/market/candles?instId=DOGE-USDT&bar=1H&limit=300". Retrying still for 4 times.
2025-10-15 09:05:16,124 - freqtrade.exchange.common - WARNING - _async_get_candle_history() returned exception: "Could not fetch historical candle (OHLCV) data for DOGE/USDT, 1h, spot due to 
ExchangeNotAvailable. Message: okx GET https://www.okx.com/api/v5/market/candles?instId=DOGE-USDT&bar=1H&limit=300". Retrying still for 3 times.
2025-10-15 09:05:16,187 - freqtrade.exchange.common - WARNING - _async_get_candle_history() returned exception: "Could not fetch historical candle (OHLCV) data for DOGE/USDT, 1h, spot due to 
ExchangeNotAvailable. Message: okx GET https://www.okx.com/api/v5/market/candles?instId=DOGE-USDT&bar=1H&limit=300". Retrying still for 2 times.
2025-10-15 09:05:16,249 - freqtrade.exchange.common - WARNING - _async_get_candle_history() returned exception: "Could not fetch historical candle (OHLCV) data for DOGE/USDT, 1h, spot due to 
ExchangeNotAvailable. Message: okx GET https://www.okx.com/api/v5/market/candles?instId=DOGE-USDT&bar=1H&limit=300". Retrying still for 1 times.
2025-10-15 09:05:16,308 - freqtrade.exchange.common - WARNING - _async_get_candle_history() returned exception: "Could not fetch historical candle (OHLCV) data for DOGE/USDT, 1h, spot due to 
ExchangeNotAvailable. Message: okx GET https://www.okx.com/api/v5/market/candles?instId=DOGE-USDT&bar=1H&limit=300". Giving up.
2025-10-15 09:05:16,310 - freqtrade.exchange.exchange - WARNING - Async code raised an exception: TemporaryError('Could not fetch historical candle (OHLCV) data for DOGE/USDT, 1h, spot due to 
ExchangeNotAvailable. Message: okx GET https://www.okx.com/api/v5/market/candles?instId=DOGE-USDT&bar=1H&limit=300')
2025-10-15 09:05:16,322 - freqtrade.strategy.interface - WARNING - Outdated history for pair DOGE/USDT. Last tick is 125 minutes old
2025-10-15 09:05:20,551 - freqtrade.exchange.common - WARNING - _load_async_markets() returned exception: "Error in reload_markets due to ExchangeNotAvailable. Message: okx GET 
https://www.okx.com/api/v5/public/instruments?instType=SPOT". Giving up.
2025-10-15 09:05:20,552 - freqtrade.exchange.exchange - ERROR - Could not load markets.
Traceback (most recent call last):
  File "/Users/htq/miniconda3/envs/freqtrade311/lib/python3.11/site-packages/aiohttp/connector.py", line 1432, in _start_tls_connection
    tls_transport = await self._loop.start_tls(
                    ^^^^^^^^^^^^^^^^^^^^^^^^^^^
  File "/Users/htq/miniconda3/envs/freqtrade311/lib/python3.11/asyncio/base_events.py", line 1253, in start_tls
    await waiter
  File "/Users/htq/miniconda3/envs/freqtrade311/lib/python3.11/asyncio/selector_events.py", line 962, in _read_ready__get_buffer
    nbytes = self._sock.recv_into(buf)
             ^^^^^^^^^^^^^^^^^^^^^^^^^
ConnectionResetError: [Errno 54] Connection reset by peer

The above exception was the direct cause of the following exception:

Traceback (most recent call last):
  File "/Users/htq/miniconda3/envs/freqtrade311/lib/python3.11/site-packages/ccxt/async_support/base/exchange.py", line 217, in fetch
    async with session_method(yarl.URL(url, encoded=True),
  File "/Users/htq/miniconda3/envs/freqtrade311/lib/python3.11/site-packages/aiohttp/client.py", line 1488, in __aenter__
    self._resp: _RetType = await self._coro
                           ^^^^^^^^^^^^^^^^
  File "/Users/htq/miniconda3/envs/freqtrade311/lib/python3.11/site-packages/aiohttp/client.py", line 770, in _request
    resp = await handler(req)
           ^^^^^^^^^^^^^^^^^^
  File "/Users/htq/miniconda3/envs/freqtrade311/lib/python3.11/site-packages/aiohttp/client.py", line 725, in _connect_and_send_request
    conn = await self._connector.connect(
           ^^^^^^^^^^^^^^^^^^^^^^^^^^^^^^
  File "/Users/htq/miniconda3/envs/freqtrade311/lib/python3.11/site-packages/aiohttp/connector.py", line 642, in connect
    proto = await self._create_connection(req, traces, timeout)
            ^^^^^^^^^^^^^^^^^^^^^^^^^^^^^^^^^^^^^^^^^^^^^^^^^^^
  File "/Users/htq/miniconda3/envs/freqtrade311/lib/python3.11/site-packages/aiohttp/connector.py", line 1207, in _create_connection
    _, proto = await self._create_proxy_connection(req, traces, timeout)
               ^^^^^^^^^^^^^^^^^^^^^^^^^^^^^^^^^^^^^^^^^^^^^^^^^^^^^^^^^
  File "/Users/htq/miniconda3/envs/freqtrade311/lib/python3.11/site-packages/aiohttp/connector.py", line 1697, in _create_proxy_connection
    return await self._start_tls_connection(
           ^^^^^^^^^^^^^^^^^^^^^^^^^^^^^^^^^
  File "/Users/htq/miniconda3/envs/freqtrade311/lib/python3.11/site-packages/aiohttp/connector.py", line 1465, in _start_tls_connection
    raise client_error(req.connection_key, exc) from exc
aiohttp.client_exceptions.ClientConnectorError: Cannot connect to host www.okx.com:443 ssl:default [Connection reset by peer]

The above exception was the direct cause of the following exception:

Traceback (most recent call last):
  File "/Users/htq/Desktop/真正的金融/币圈/freqtrade/freqtrade/exchange/exchange.py", line 651, in _api_reload_markets
    await self._api_async.load_markets(reload=reload, params={})
  File "/Users/htq/miniconda3/envs/freqtrade311/lib/python3.11/site-packages/ccxt/async_support/base/exchange.py", line 338, in load_markets
    raise e
  File "/Users/htq/miniconda3/envs/freqtrade311/lib/python3.11/site-packages/ccxt/async_support/base/exchange.py", line 330, in load_markets
    result = await self.markets_loading
             ^^^^^^^^^^^^^^^^^^^^^^^^^^
  File "/Users/htq/miniconda3/envs/freqtrade311/lib/python3.11/site-packages/ccxt/async_support/base/exchange.py", line 297, in load_markets_helper
    markets = await self.fetch_markets(params)
              ^^^^^^^^^^^^^^^^^^^^^^^^^^^^^^^^
  File "/Users/htq/miniconda3/envs/freqtrade311/lib/python3.11/site-packages/ccxt/async_support/okx.py", line 1576, in fetch_markets
    promises = await asyncio.gather(*promises)
               ^^^^^^^^^^^^^^^^^^^^^^^^^^^^^^^
  File "/Users/htq/miniconda3/envs/freqtrade311/lib/python3.11/site-packages/ccxt/async_support/okx.py", line 1744, in fetch_markets_by_type
    response = await self.publicGetPublicInstruments(self.extend(request, params))
               ^^^^^^^^^^^^^^^^^^^^^^^^^^^^^^^^^^^^^^^^^^^^^^^^^^^^^^^^^^^^^^^^^^^
  File "/Users/htq/miniconda3/envs/freqtrade311/lib/python3.11/site-packages/ccxt/async_support/base/exchange.py", line 978, in request
    return await self.fetch2(path, api, method, params, headers, body, config)
           ^^^^^^^^^^^^^^^^^^^^^^^^^^^^^^^^^^^^^^^^^^^^^^^^^^^^^^^^^^^^^^^^^^^
  File "/Users/htq/miniconda3/envs/freqtrade311/lib/python3.11/site-packages/ccxt/async_support/base/exchange.py", line 972, in fetch2
    raise e
  File "/Users/htq/miniconda3/envs/freqtrade311/lib/python3.11/site-packages/ccxt/async_support/base/exchange.py", line 963, in fetch2
    return await self.fetch(request['url'], request['method'], request['headers'], request['body'])
           ^^^^^^^^^^^^^^^^^^^^^^^^^^^^^^^^^^^^^^^^^^^^^^^^^^^^^^^^^^^^^^^^^^^^^^^^^^^^^^^^^^^^^^^^
  File "/Users/htq/miniconda3/envs/freqtrade311/lib/python3.11/site-packages/ccxt/async_support/base/exchange.py", line 257, in fetch
    raise ExchangeNotAvailable(details) from e
ccxt.base.errors.ExchangeNotAvailable: okx GET https://www.okx.com/api/v5/public/instruments?instType=SPOT

The above exception was the direct cause of the following exception:

Traceback (most recent call last):
  File "/Users/htq/Desktop/真正的金融/币圈/freqtrade/freqtrade/exchange/exchange.py", line 691, in reload_markets
    retrier(self._load_async_markets, retries=retries)(reload=True)
  File "/Users/htq/Desktop/真正的金融/币圈/freqtrade/freqtrade/exchange/common.py", line 187, in wrapper
    raise ex
  File "/Users/htq/Desktop/真正的金融/币圈/freqtrade/freqtrade/exchange/common.py", line 172, in wrapper
    return f(*args, **kwargs)
           ^^^^^^^^^^^^^^^^^^
  File "/Users/htq/Desktop/真正的金融/币圈/freqtrade/freqtrade/exchange/exchange.py", line 664, in _load_async_markets
    markets = self.loop.run_until_complete(self._api_reload_markets(reload=reload))
              ^^^^^^^^^^^^^^^^^^^^^^^^^^^^^^^^^^^^^^^^^^^^^^^^^^^^^^^^^^^^^^^^^^^^^
  File "/Users/htq/miniconda3/envs/freqtrade311/lib/python3.11/asyncio/base_events.py", line 650, in run_until_complete
    return future.result()
           ^^^^^^^^^^^^^^^
  File "/Users/htq/Desktop/真正的金融/币圈/freqtrade/freqtrade/exchange/exchange.py", line 655, in _api_reload_markets
    raise TemporaryError(
freqtrade.exceptions.TemporaryError: Error in reload_markets due to ExchangeNotAvailable. Message: okx GET https://www.okx.com/api/v5/public/instruments?instType=SPOT
2025-10-15 09:05:20,562 - freqtrade.exchange.exchange - INFO - Couldn't reuse watch for DOGE/USDT, 1h, falling back to REST api. False, 1760490000000, 0, 2025-10-15T01:00:00, 1970-01-01T00:00:00 
2025-10-15 09:05:20,568 - freqtrade.exchange.exchange_ws - ERROR - Exception in continuously_async_watch_ohlcv for DOGE/USDT, 1h
Traceback (most recent call last):
  File "/Users/htq/Desktop/真正的金融/币圈/freqtrade/freqtrade/exchange/exchange_ws.py", line 176, in _continuously_async_watch_ohlcv
    data = await self._ccxt_object.watch_ohlcv(pair, timeframe)
           ^^^^^^^^^^^^^^^^^^^^^^^^^^^^^^^^^^^^^^^^^^^^^^^^^^^^
  File "/Users/htq/miniconda3/envs/freqtrade311/lib/python3.11/site-packages/ccxt/pro/okx.py", line 900, in watch_ohlcv
    ohlcv = await self.subscribe('public', name, name, symbol, params)
            ^^^^^^^^^^^^^^^^^^^^^^^^^^^^^^^^^^^^^^^^^^^^^^^^^^^^^^^^^^
  File "/Users/htq/miniconda3/envs/freqtrade311/lib/python3.11/site-packages/ccxt/pro/okx.py", line 171, in subscribe
    return await self.watch(url, messageHash, request, messageHash)
           ^^^^^^^^^^^^^^^^^^^^^^^^^^^^^^^^^^^^^^^^^^^^^^^^^^^^^^^^
ccxt.base.errors.NetworkError: Cannot connect to host ws.okx.com:8443 ssl:default [Could not contact DNS servers]
2025-10-15 09:05:20,569 - freqtrade.exchange.exchange_ws - INFO - DOGE/USDT, 1h, spot - Task finished - done
2025-10-15 09:05:20,575 - freqtrade.exchange.exchange_ws - ERROR - Exception in _unwatch_ohlcv
Traceback (most recent call last):
  File "/Users/htq/Desktop/真正的金融/币圈/freqtrade/freqtrade/exchange/exchange_ws.py", line 144, in _unwatch_ohlcv
    await self._ccxt_object.un_watch_ohlcv_for_symbols([[pair, timeframe]])
  File "/Users/htq/miniconda3/envs/freqtrade311/lib/python3.11/site-packages/ccxt/pro/okx.py", line 986, in un_watch_ohlcv_for_symbols
    return await self.watch_multiple(url, messageHashes, request, messageHashes)
           ^^^^^^^^^^^^^^^^^^^^^^^^^^^^^^^^^^^^^^^^^^^^^^^^^^^^^^^^^^^^^^^^^^^^^
ccxt.base.errors.NetworkError: Cannot connect to host ws.okx.com:8443 ssl:default [Could not contact DNS servers]
2025-10-15 09:05:21,068 - freqtrade.exchange.common - WARNING - _async_get_candle_history() returned exception: "Could not fetch historical candle (OHLCV) data for DOGE/USDT, 1h, spot due to 
ExchangeNotAvailable. Message: okx GET https://www.okx.com/api/v5/market/candles?instId=DOGE-USDT&bar=1H&limit=300". Retrying still for 4 times.
2025-10-15 09:05:21,125 - freqtrade.exchange.common - WARNING - _async_get_candle_history() returned exception: "Could not fetch historical candle (OHLCV) data for DOGE/USDT, 1h, spot due to 
ExchangeNotAvailable. Message: okx GET https://www.okx.com/api/v5/market/candles?instId=DOGE-USDT&bar=1H&limit=300". Retrying still for 3 times.
2025-10-15 09:05:21,186 - freqtrade.exchange.common - WARNING - _async_get_candle_history() returned exception: "Could not fetch historical candle (OHLCV) data for DOGE/USDT, 1h, spot due to 
ExchangeNotAvailable. Message: okx GET https://www.okx.com/api/v5/market/candles?instId=DOGE-USDT&bar=1H&limit=300". Retrying still for 2 times.
2025-10-15 09:05:21,250 - freqtrade.exchange.common - WARNING - _async_get_candle_history() returned exception: "Could not fetch historical candle (OHLCV) data for DOGE/USDT, 1h, spot due to 
ExchangeNotAvailable. Message: okx GET https://www.okx.com/api/v5/market/candles?instId=DOGE-USDT&bar=1H&limit=300". Retrying still for 1 times.
2025-10-15 09:05:21,307 - freqtrade.exchange.common - WARNING - _async_get_candle_history() returned exception: "Could not fetch historical candle (OHLCV) data for DOGE/USDT, 1h, spot due to 
ExchangeNotAvailable. Message: okx GET https://www.okx.com/api/v5/market/candles?instId=DOGE-USDT&bar=1H&limit=300". Giving up.
2025-10-15 09:05:21,307 - freqtrade.exchange.exchange - WARNING - Async code raised an exception: TemporaryError('Could not fetch historical candle (OHLCV) data for DOGE/USDT, 1h, spot due to 
ExchangeNotAvailable. Message: okx GET https://www.okx.com/api/v5/market/candles?instId=DOGE-USDT&bar=1H&limit=300')
2025-10-15 09:05:21,311 - freqtrade.strategy.interface - WARNING - Outdated history for pair DOGE/USDT. Last tick is 125 minutes old
2025-10-15 09:05:25,561 - freqtrade.exchange.common - WARNING - _load_async_markets() returned exception: "Error in reload_markets due to ExchangeNotAvailable. Message: okx GET 
https://www.okx.com/api/v5/public/instruments?instType=SPOT". Giving up.
2025-10-15 09:05:25,561 - freqtrade.exchange.exchange - ERROR - Could not load markets.
Traceback (most recent call last):
  File "/Users/htq/miniconda3/envs/freqtrade311/lib/python3.11/site-packages/aiohttp/connector.py", line 1432, in _start_tls_connection
    tls_transport = await self._loop.start_tls(
                    ^^^^^^^^^^^^^^^^^^^^^^^^^^^
  File "/Users/htq/miniconda3/envs/freqtrade311/lib/python3.11/asyncio/base_events.py", line 1253, in start_tls
    await waiter
  File "/Users/htq/miniconda3/envs/freqtrade311/lib/python3.11/asyncio/selector_events.py", line 962, in _read_ready__get_buffer
    nbytes = self._sock.recv_into(buf)
             ^^^^^^^^^^^^^^^^^^^^^^^^^
ConnectionResetError: [Errno 54] Connection reset by peer

The above exception was the direct cause of the following exception:

Traceback (most recent call last):
  File "/Users/htq/miniconda3/envs/freqtrade311/lib/python3.11/site-packages/ccxt/async_support/base/exchange.py", line 217, in fetch
    async with session_method(yarl.URL(url, encoded=True),
  File "/Users/htq/miniconda3/envs/freqtrade311/lib/python3.11/site-packages/aiohttp/client.py", line 1488, in __aenter__
    self._resp: _RetType = await self._coro
                           ^^^^^^^^^^^^^^^^
  File "/Users/htq/miniconda3/envs/freqtrade311/lib/python3.11/site-packages/aiohttp/client.py", line 770, in _request
    resp = await handler(req)
           ^^^^^^^^^^^^^^^^^^
  File "/Users/htq/miniconda3/envs/freqtrade311/lib/python3.11/site-packages/aiohttp/client.py", line 725, in _connect_and_send_request
    conn = await self._connector.connect(
           ^^^^^^^^^^^^^^^^^^^^^^^^^^^^^^
  File "/Users/htq/miniconda3/envs/freqtrade311/lib/python3.11/site-packages/aiohttp/connector.py", line 642, in connect
    proto = await self._create_connection(req, traces, timeout)
            ^^^^^^^^^^^^^^^^^^^^^^^^^^^^^^^^^^^^^^^^^^^^^^^^^^^
  File "/Users/htq/miniconda3/envs/freqtrade311/lib/python3.11/site-packages/aiohttp/connector.py", line 1207, in _create_connection
    _, proto = await self._create_proxy_connection(req, traces, timeout)
               ^^^^^^^^^^^^^^^^^^^^^^^^^^^^^^^^^^^^^^^^^^^^^^^^^^^^^^^^^
  File "/Users/htq/miniconda3/envs/freqtrade311/lib/python3.11/site-packages/aiohttp/connector.py", line 1697, in _create_proxy_connection
    return await self._start_tls_connection(
           ^^^^^^^^^^^^^^^^^^^^^^^^^^^^^^^^^
  File "/Users/htq/miniconda3/envs/freqtrade311/lib/python3.11/site-packages/aiohttp/connector.py", line 1465, in _start_tls_connection
    raise client_error(req.connection_key, exc) from exc
aiohttp.client_exceptions.ClientConnectorError: Cannot connect to host www.okx.com:443 ssl:default [Connection reset by peer]

The above exception was the direct cause of the following exception:

Traceback (most recent call last):
  File "/Users/htq/Desktop/真正的金融/币圈/freqtrade/freqtrade/exchange/exchange.py", line 651, in _api_reload_markets
    await self._api_async.load_markets(reload=reload, params={})
  File "/Users/htq/miniconda3/envs/freqtrade311/lib/python3.11/site-packages/ccxt/async_support/base/exchange.py", line 338, in load_markets
    raise e
  File "/Users/htq/miniconda3/envs/freqtrade311/lib/python3.11/site-packages/ccxt/async_support/base/exchange.py", line 330, in load_markets
    result = await self.markets_loading
             ^^^^^^^^^^^^^^^^^^^^^^^^^^
  File "/Users/htq/miniconda3/envs/freqtrade311/lib/python3.11/site-packages/ccxt/async_support/base/exchange.py", line 297, in load_markets_helper
    markets = await self.fetch_markets(params)
              ^^^^^^^^^^^^^^^^^^^^^^^^^^^^^^^^
  File "/Users/htq/miniconda3/envs/freqtrade311/lib/python3.11/site-packages/ccxt/async_support/okx.py", line 1576, in fetch_markets
    promises = await asyncio.gather(*promises)
               ^^^^^^^^^^^^^^^^^^^^^^^^^^^^^^^
  File "/Users/htq/miniconda3/envs/freqtrade311/lib/python3.11/site-packages/ccxt/async_support/okx.py", line 1744, in fetch_markets_by_type
    response = await self.publicGetPublicInstruments(self.extend(request, params))
               ^^^^^^^^^^^^^^^^^^^^^^^^^^^^^^^^^^^^^^^^^^^^^^^^^^^^^^^^^^^^^^^^^^^
  File "/Users/htq/miniconda3/envs/freqtrade311/lib/python3.11/site-packages/ccxt/async_support/base/exchange.py", line 978, in request
    return await self.fetch2(path, api, method, params, headers, body, config)
           ^^^^^^^^^^^^^^^^^^^^^^^^^^^^^^^^^^^^^^^^^^^^^^^^^^^^^^^^^^^^^^^^^^^
  File "/Users/htq/miniconda3/envs/freqtrade311/lib/python3.11/site-packages/ccxt/async_support/base/exchange.py", line 972, in fetch2
    raise e
  File "/Users/htq/miniconda3/envs/freqtrade311/lib/python3.11/site-packages/ccxt/async_support/base/exchange.py", line 963, in fetch2
    return await self.fetch(request['url'], request['method'], request['headers'], request['body'])
           ^^^^^^^^^^^^^^^^^^^^^^^^^^^^^^^^^^^^^^^^^^^^^^^^^^^^^^^^^^^^^^^^^^^^^^^^^^^^^^^^^^^^^^^^
  File "/Users/htq/miniconda3/envs/freqtrade311/lib/python3.11/site-packages/ccxt/async_support/base/exchange.py", line 257, in fetch
    raise ExchangeNotAvailable(details) from e
ccxt.base.errors.ExchangeNotAvailable: okx GET https://www.okx.com/api/v5/public/instruments?instType=SPOT

The above exception was the direct cause of the following exception:

Traceback (most recent call last):
  File "/Users/htq/Desktop/真正的金融/币圈/freqtrade/freqtrade/exchange/exchange.py", line 691, in reload_markets
    retrier(self._load_async_markets, retries=retries)(reload=True)
  File "/Users/htq/Desktop/真正的金融/币圈/freqtrade/freqtrade/exchange/common.py", line 187, in wrapper
    raise ex
  File "/Users/htq/Desktop/真正的金融/币圈/freqtrade/freqtrade/exchange/common.py", line 172, in wrapper
    return f(*args, **kwargs)
           ^^^^^^^^^^^^^^^^^^
  File "/Users/htq/Desktop/真正的金融/币圈/freqtrade/freqtrade/exchange/exchange.py", line 664, in _load_async_markets
    markets = self.loop.run_until_complete(self._api_reload_markets(reload=reload))
              ^^^^^^^^^^^^^^^^^^^^^^^^^^^^^^^^^^^^^^^^^^^^^^^^^^^^^^^^^^^^^^^^^^^^^
  File "/Users/htq/miniconda3/envs/freqtrade311/lib/python3.11/asyncio/base_events.py", line 650, in run_until_complete
    return future.result()
           ^^^^^^^^^^^^^^^
  File "/Users/htq/Desktop/真正的金融/币圈/freqtrade/freqtrade/exchange/exchange.py", line 655, in _api_reload_markets
    raise TemporaryError(
freqtrade.exceptions.TemporaryError: Error in reload_markets due to ExchangeNotAvailable. Message: okx GET https://www.okx.com/api/v5/public/instruments?instType=SPOT
2025-10-15 09:05:25,573 - freqtrade.exchange.exchange - INFO - Couldn't reuse watch for DOGE/USDT, 1h, falling back to REST api. False, 1760490000000, 0, 2025-10-15T01:00:00, 1970-01-01T00:00:00 
2025-10-15 09:05:25,579 - freqtrade.exchange.exchange_ws - ERROR - Exception in continuously_async_watch_ohlcv for DOGE/USDT, 1h
Traceback (most recent call last):
  File "/Users/htq/Desktop/真正的金融/币圈/freqtrade/freqtrade/exchange/exchange_ws.py", line 176, in _continuously_async_watch_ohlcv
    data = await self._ccxt_object.watch_ohlcv(pair, timeframe)
           ^^^^^^^^^^^^^^^^^^^^^^^^^^^^^^^^^^^^^^^^^^^^^^^^^^^^
  File "/Users/htq/miniconda3/envs/freqtrade311/lib/python3.11/site-packages/ccxt/pro/okx.py", line 900, in watch_ohlcv
    ohlcv = await self.subscribe('public', name, name, symbol, params)
            ^^^^^^^^^^^^^^^^^^^^^^^^^^^^^^^^^^^^^^^^^^^^^^^^^^^^^^^^^^
  File "/Users/htq/miniconda3/envs/freqtrade311/lib/python3.11/site-packages/ccxt/pro/okx.py", line 171, in subscribe
    return await self.watch(url, messageHash, request, messageHash)
           ^^^^^^^^^^^^^^^^^^^^^^^^^^^^^^^^^^^^^^^^^^^^^^^^^^^^^^^^
ccxt.base.errors.NetworkError: Cannot connect to host ws.okx.com:8443 ssl:default [Could not contact DNS servers]
2025-10-15 09:05:25,580 - freqtrade.exchange.exchange_ws - INFO - DOGE/USDT, 1h, spot - Task finished - done
2025-10-15 09:05:25,586 - freqtrade.exchange.exchange_ws - ERROR - Exception in _unwatch_ohlcv
Traceback (most recent call last):
  File "/Users/htq/Desktop/真正的金融/币圈/freqtrade/freqtrade/exchange/exchange_ws.py", line 144, in _unwatch_ohlcv
    await self._ccxt_object.un_watch_ohlcv_for_symbols([[pair, timeframe]])
  File "/Users/htq/miniconda3/envs/freqtrade311/lib/python3.11/site-packages/ccxt/pro/okx.py", line 986, in un_watch_ohlcv_for_symbols
    return await self.watch_multiple(url, messageHashes, request, messageHashes)
           ^^^^^^^^^^^^^^^^^^^^^^^^^^^^^^^^^^^^^^^^^^^^^^^^^^^^^^^^^^^^^^^^^^^^^
ccxt.base.errors.NetworkError: Cannot connect to host ws.okx.com:8443 ssl:default [Could not contact DNS servers]
2025-10-15 09:05:26,079 - freqtrade.exchange.common - WARNING - _async_get_candle_history() returned exception: "Could not fetch historical candle (OHLCV) data for DOGE/USDT, 1h, spot due to 
ExchangeNotAvailable. Message: okx GET https://www.okx.com/api/v5/market/candles?instId=DOGE-USDT&bar=1H&limit=300". Retrying still for 4 times.
2025-10-15 09:05:26,137 - freqtrade.exchange.common - WARNING - _async_get_candle_history() returned exception: "Could not fetch historical candle (OHLCV) data for DOGE/USDT, 1h, spot due to 
ExchangeNotAvailable. Message: okx GET https://www.okx.com/api/v5/market/candles?instId=DOGE-USDT&bar=1H&limit=300". Retrying still for 3 times.
2025-10-15 09:05:26,202 - freqtrade.exchange.common - WARNING - _async_get_candle_history() returned exception: "Could not fetch historical candle (OHLCV) data for DOGE/USDT, 1h, spot due to 
ExchangeNotAvailable. Message: okx GET https://www.okx.com/api/v5/market/candles?instId=DOGE-USDT&bar=1H&limit=300". Retrying still for 2 times.
2025-10-15 09:05:26,260 - freqtrade.exchange.common - WARNING - _async_get_candle_history() returned exception: "Could not fetch historical candle (OHLCV) data for DOGE/USDT, 1h, spot due to 
ExchangeNotAvailable. Message: okx GET https://www.okx.com/api/v5/market/candles?instId=DOGE-USDT&bar=1H&limit=300". Retrying still for 1 times.
2025-10-15 09:05:26,324 - freqtrade.exchange.common - WARNING - _async_get_candle_history() returned exception: "Could not fetch historical candle (OHLCV) data for DOGE/USDT, 1h, spot due to 
ExchangeNotAvailable. Message: okx GET https://www.okx.com/api/v5/market/candles?instId=DOGE-USDT&bar=1H&limit=300". Giving up.
2025-10-15 09:05:26,328 - freqtrade.exchange.exchange - WARNING - Async code raised an exception: TemporaryError('Could not fetch historical candle (OHLCV) data for DOGE/USDT, 1h, spot due to 
ExchangeNotAvailable. Message: okx GET https://www.okx.com/api/v5/market/candles?instId=DOGE-USDT&bar=1H&limit=300')
2025-10-15 09:05:26,337 - freqtrade.strategy.interface - WARNING - Outdated history for pair DOGE/USDT. Last tick is 125 minutes old
2025-10-15 09:05:30,561 - freqtrade.exchange.common - WARNING - _load_async_markets() returned exception: "Error in reload_markets due to ExchangeNotAvailable. Message: okx GET 
https://www.okx.com/api/v5/public/instruments?instType=SPOT". Giving up.
2025-10-15 09:05:30,561 - freqtrade.exchange.exchange - ERROR - Could not load markets.
Traceback (most recent call last):
  File "/Users/htq/miniconda3/envs/freqtrade311/lib/python3.11/site-packages/aiohttp/connector.py", line 1432, in _start_tls_connection
    tls_transport = await self._loop.start_tls(
                    ^^^^^^^^^^^^^^^^^^^^^^^^^^^
  File "/Users/htq/miniconda3/envs/freqtrade311/lib/python3.11/asyncio/base_events.py", line 1253, in start_tls
    await waiter
  File "/Users/htq/miniconda3/envs/freqtrade311/lib/python3.11/asyncio/selector_events.py", line 962, in _read_ready__get_buffer
    nbytes = self._sock.recv_into(buf)
             ^^^^^^^^^^^^^^^^^^^^^^^^^
ConnectionResetError: [Errno 54] Connection reset by peer

The above exception was the direct cause of the following exception:

Traceback (most recent call last):
  File "/Users/htq/miniconda3/envs/freqtrade311/lib/python3.11/site-packages/ccxt/async_support/base/exchange.py", line 217, in fetch
    async with session_method(yarl.URL(url, encoded=True),
  File "/Users/htq/miniconda3/envs/freqtrade311/lib/python3.11/site-packages/aiohttp/client.py", line 1488, in __aenter__
    self._resp: _RetType = await self._coro
                           ^^^^^^^^^^^^^^^^
  File "/Users/htq/miniconda3/envs/freqtrade311/lib/python3.11/site-packages/aiohttp/client.py", line 770, in _request
    resp = await handler(req)
           ^^^^^^^^^^^^^^^^^^
  File "/Users/htq/miniconda3/envs/freqtrade311/lib/python3.11/site-packages/aiohttp/client.py", line 725, in _connect_and_send_request
    conn = await self._connector.connect(
           ^^^^^^^^^^^^^^^^^^^^^^^^^^^^^^
  File "/Users/htq/miniconda3/envs/freqtrade311/lib/python3.11/site-packages/aiohttp/connector.py", line 642, in connect
    proto = await self._create_connection(req, traces, timeout)
            ^^^^^^^^^^^^^^^^^^^^^^^^^^^^^^^^^^^^^^^^^^^^^^^^^^^
  File "/Users/htq/miniconda3/envs/freqtrade311/lib/python3.11/site-packages/aiohttp/connector.py", line 1207, in _create_connection
    _, proto = await self._create_proxy_connection(req, traces, timeout)
               ^^^^^^^^^^^^^^^^^^^^^^^^^^^^^^^^^^^^^^^^^^^^^^^^^^^^^^^^^
  File "/Users/htq/miniconda3/envs/freqtrade311/lib/python3.11/site-packages/aiohttp/connector.py", line 1697, in _create_proxy_connection
    return await self._start_tls_connection(
           ^^^^^^^^^^^^^^^^^^^^^^^^^^^^^^^^^
  File "/Users/htq/miniconda3/envs/freqtrade311/lib/python3.11/site-packages/aiohttp/connector.py", line 1465, in _start_tls_connection
    raise client_error(req.connection_key, exc) from exc
aiohttp.client_exceptions.ClientConnectorError: Cannot connect to host www.okx.com:443 ssl:default [Connection reset by peer]

The above exception was the direct cause of the following exception:

Traceback (most recent call last):
  File "/Users/htq/Desktop/真正的金融/币圈/freqtrade/freqtrade/exchange/exchange.py", line 651, in _api_reload_markets
    await self._api_async.load_markets(reload=reload, params={})
  File "/Users/htq/miniconda3/envs/freqtrade311/lib/python3.11/site-packages/ccxt/async_support/base/exchange.py", line 338, in load_markets
    raise e
  File "/Users/htq/miniconda3/envs/freqtrade311/lib/python3.11/site-packages/ccxt/async_support/base/exchange.py", line 330, in load_markets
    result = await self.markets_loading
             ^^^^^^^^^^^^^^^^^^^^^^^^^^
  File "/Users/htq/miniconda3/envs/freqtrade311/lib/python3.11/site-packages/ccxt/async_support/base/exchange.py", line 297, in load_markets_helper
    markets = await self.fetch_markets(params)
              ^^^^^^^^^^^^^^^^^^^^^^^^^^^^^^^^
  File "/Users/htq/miniconda3/envs/freqtrade311/lib/python3.11/site-packages/ccxt/async_support/okx.py", line 1576, in fetch_markets
    promises = await asyncio.gather(*promises)
               ^^^^^^^^^^^^^^^^^^^^^^^^^^^^^^^
  File "/Users/htq/miniconda3/envs/freqtrade311/lib/python3.11/site-packages/ccxt/async_support/okx.py", line 1744, in fetch_markets_by_type
    response = await self.publicGetPublicInstruments(self.extend(request, params))
               ^^^^^^^^^^^^^^^^^^^^^^^^^^^^^^^^^^^^^^^^^^^^^^^^^^^^^^^^^^^^^^^^^^^
  File "/Users/htq/miniconda3/envs/freqtrade311/lib/python3.11/site-packages/ccxt/async_support/base/exchange.py", line 978, in request
    return await self.fetch2(path, api, method, params, headers, body, config)
           ^^^^^^^^^^^^^^^^^^^^^^^^^^^^^^^^^^^^^^^^^^^^^^^^^^^^^^^^^^^^^^^^^^^
  File "/Users/htq/miniconda3/envs/freqtrade311/lib/python3.11/site-packages/ccxt/async_support/base/exchange.py", line 972, in fetch2
    raise e
  File "/Users/htq/miniconda3/envs/freqtrade311/lib/python3.11/site-packages/ccxt/async_support/base/exchange.py", line 963, in fetch2
    return await self.fetch(request['url'], request['method'], request['headers'], request['body'])
           ^^^^^^^^^^^^^^^^^^^^^^^^^^^^^^^^^^^^^^^^^^^^^^^^^^^^^^^^^^^^^^^^^^^^^^^^^^^^^^^^^^^^^^^^
  File "/Users/htq/miniconda3/envs/freqtrade311/lib/python3.11/site-packages/ccxt/async_support/base/exchange.py", line 257, in fetch
    raise ExchangeNotAvailable(details) from e
ccxt.base.errors.ExchangeNotAvailable: okx GET https://www.okx.com/api/v5/public/instruments?instType=SPOT

The above exception was the direct cause of the following exception:

Traceback (most recent call last):
  File "/Users/htq/Desktop/真正的金融/币圈/freqtrade/freqtrade/exchange/exchange.py", line 691, in reload_markets
    retrier(self._load_async_markets, retries=retries)(reload=True)
  File "/Users/htq/Desktop/真正的金融/币圈/freqtrade/freqtrade/exchange/common.py", line 187, in wrapper
    raise ex
  File "/Users/htq/Desktop/真正的金融/币圈/freqtrade/freqtrade/exchange/common.py", line 172, in wrapper
    return f(*args, **kwargs)
           ^^^^^^^^^^^^^^^^^^
  File "/Users/htq/Desktop/真正的金融/币圈/freqtrade/freqtrade/exchange/exchange.py", line 664, in _load_async_markets
    markets = self.loop.run_until_complete(self._api_reload_markets(reload=reload))
              ^^^^^^^^^^^^^^^^^^^^^^^^^^^^^^^^^^^^^^^^^^^^^^^^^^^^^^^^^^^^^^^^^^^^^
  File "/Users/htq/miniconda3/envs/freqtrade311/lib/python3.11/asyncio/base_events.py", line 650, in run_until_complete
    return future.result()
           ^^^^^^^^^^^^^^^
  File "/Users/htq/Desktop/真正的金融/币圈/freqtrade/freqtrade/exchange/exchange.py", line 655, in _api_reload_markets
    raise TemporaryError(
freqtrade.exceptions.TemporaryError: Error in reload_markets due to ExchangeNotAvailable. Message: okx GET https://www.okx.com/api/v5/public/instruments?instType=SPOT
2025-10-15 09:05:30,572 - freqtrade.exchange.exchange - INFO - Couldn't reuse watch for DOGE/USDT, 1h, falling back to REST api. False, 1760490000000, 0, 2025-10-15T01:00:00, 1970-01-01T00:00:00 
2025-10-15 09:05:30,579 - freqtrade.exchange.exchange_ws - ERROR - Exception in continuously_async_watch_ohlcv for DOGE/USDT, 1h
Traceback (most recent call last):
  File "/Users/htq/Desktop/真正的金融/币圈/freqtrade/freqtrade/exchange/exchange_ws.py", line 176, in _continuously_async_watch_ohlcv
    data = await self._ccxt_object.watch_ohlcv(pair, timeframe)
           ^^^^^^^^^^^^^^^^^^^^^^^^^^^^^^^^^^^^^^^^^^^^^^^^^^^^
  File "/Users/htq/miniconda3/envs/freqtrade311/lib/python3.11/site-packages/ccxt/pro/okx.py", line 900, in watch_ohlcv
    ohlcv = await self.subscribe('public', name, name, symbol, params)
            ^^^^^^^^^^^^^^^^^^^^^^^^^^^^^^^^^^^^^^^^^^^^^^^^^^^^^^^^^^
  File "/Users/htq/miniconda3/envs/freqtrade311/lib/python3.11/site-packages/ccxt/pro/okx.py", line 171, in subscribe
    return await self.watch(url, messageHash, request, messageHash)
           ^^^^^^^^^^^^^^^^^^^^^^^^^^^^^^^^^^^^^^^^^^^^^^^^^^^^^^^^
ccxt.base.errors.NetworkError: Cannot connect to host ws.okx.com:8443 ssl:default [Could not contact DNS servers]
2025-10-15 09:05:30,580 - freqtrade.exchange.exchange_ws - INFO - DOGE/USDT, 1h, spot - Task finished - done
2025-10-15 09:05:30,586 - freqtrade.exchange.exchange_ws - ERROR - Exception in _unwatch_ohlcv
Traceback (most recent call last):
  File "/Users/htq/Desktop/真正的金融/币圈/freqtrade/freqtrade/exchange/exchange_ws.py", line 144, in _unwatch_ohlcv
    await self._ccxt_object.un_watch_ohlcv_for_symbols([[pair, timeframe]])
  File "/Users/htq/miniconda3/envs/freqtrade311/lib/python3.11/site-packages/ccxt/pro/okx.py", line 986, in un_watch_ohlcv_for_symbols
    return await self.watch_multiple(url, messageHashes, request, messageHashes)
           ^^^^^^^^^^^^^^^^^^^^^^^^^^^^^^^^^^^^^^^^^^^^^^^^^^^^^^^^^^^^^^^^^^^^^
ccxt.base.errors.NetworkError: Cannot connect to host ws.okx.com:8443 ssl:default [Could not contact DNS servers]
2025-10-15 09:05:31,077 - freqtrade.exchange.common - WARNING - _async_get_candle_history() returned exception: "Could not fetch historical candle (OHLCV) data for DOGE/USDT, 1h, spot due to 
ExchangeNotAvailable. Message: okx GET https://www.okx.com/api/v5/market/candles?instId=DOGE-USDT&bar=1H&limit=300". Retrying still for 4 times.
2025-10-15 09:05:31,137 - freqtrade.exchange.common - WARNING - _async_get_candle_history() returned exception: "Could not fetch historical candle (OHLCV) data for DOGE/USDT, 1h, spot due to 
ExchangeNotAvailable. Message: okx GET https://www.okx.com/api/v5/market/candles?instId=DOGE-USDT&bar=1H&limit=300". Retrying still for 3 times.
2025-10-15 09:05:31,194 - freqtrade.exchange.common - WARNING - _async_get_candle_history() returned exception: "Could not fetch historical candle (OHLCV) data for DOGE/USDT, 1h, spot due to 
ExchangeNotAvailable. Message: okx GET https://www.okx.com/api/v5/market/candles?instId=DOGE-USDT&bar=1H&limit=300". Retrying still for 2 times.
2025-10-15 09:05:31,248 - freqtrade.exchange.common - WARNING - _async_get_candle_history() returned exception: "Could not fetch historical candle (OHLCV) data for DOGE/USDT, 1h, spot due to 
ExchangeNotAvailable. Message: okx GET https://www.okx.com/api/v5/market/candles?instId=DOGE-USDT&bar=1H&limit=300". Retrying still for 1 times.
2025-10-15 09:05:31,303 - freqtrade.exchange.common - WARNING - _async_get_candle_history() returned exception: "Could not fetch historical candle (OHLCV) data for DOGE/USDT, 1h, spot due to 
ExchangeNotAvailable. Message: okx GET https://www.okx.com/api/v5/market/candles?instId=DOGE-USDT&bar=1H&limit=300". Giving up.
2025-10-15 09:05:31,303 - freqtrade.exchange.exchange - WARNING - Async code raised an exception: TemporaryError('Could not fetch historical candle (OHLCV) data for DOGE/USDT, 1h, spot due to 
ExchangeNotAvailable. Message: okx GET https://www.okx.com/api/v5/market/candles?instId=DOGE-USDT&bar=1H&limit=300')
2025-10-15 09:05:31,307 - freqtrade.strategy.interface - WARNING - Outdated history for pair DOGE/USDT. Last tick is 125 minutes old
2025-10-15 09:05:35,571 - freqtrade.exchange.common - WARNING - _load_async_markets() returned exception: "Error in reload_markets due to ExchangeNotAvailable. Message: okx GET 
https://www.okx.com/api/v5/public/instruments?instType=SPOT". Giving up.
2025-10-15 09:05:35,571 - freqtrade.exchange.exchange - ERROR - Could not load markets.
Traceback (most recent call last):
  File "/Users/htq/miniconda3/envs/freqtrade311/lib/python3.11/site-packages/aiohttp/connector.py", line 1432, in _start_tls_connection
    tls_transport = await self._loop.start_tls(
                    ^^^^^^^^^^^^^^^^^^^^^^^^^^^
  File "/Users/htq/miniconda3/envs/freqtrade311/lib/python3.11/asyncio/base_events.py", line 1253, in start_tls
    await waiter
  File "/Users/htq/miniconda3/envs/freqtrade311/lib/python3.11/asyncio/selector_events.py", line 962, in _read_ready__get_buffer
    nbytes = self._sock.recv_into(buf)
             ^^^^^^^^^^^^^^^^^^^^^^^^^
ConnectionResetError: [Errno 54] Connection reset by peer

The above exception was the direct cause of the following exception:

Traceback (most recent call last):
  File "/Users/htq/miniconda3/envs/freqtrade311/lib/python3.11/site-packages/ccxt/async_support/base/exchange.py", line 217, in fetch
    async with session_method(yarl.URL(url, encoded=True),
  File "/Users/htq/miniconda3/envs/freqtrade311/lib/python3.11/site-packages/aiohttp/client.py", line 1488, in __aenter__
    self._resp: _RetType = await self._coro
                           ^^^^^^^^^^^^^^^^
  File "/Users/htq/miniconda3/envs/freqtrade311/lib/python3.11/site-packages/aiohttp/client.py", line 770, in _request
    resp = await handler(req)
           ^^^^^^^^^^^^^^^^^^
  File "/Users/htq/miniconda3/envs/freqtrade311/lib/python3.11/site-packages/aiohttp/client.py", line 725, in _connect_and_send_request
    conn = await self._connector.connect(
           ^^^^^^^^^^^^^^^^^^^^^^^^^^^^^^
  File "/Users/htq/miniconda3/envs/freqtrade311/lib/python3.11/site-packages/aiohttp/connector.py", line 642, in connect
    proto = await self._create_connection(req, traces, timeout)
            ^^^^^^^^^^^^^^^^^^^^^^^^^^^^^^^^^^^^^^^^^^^^^^^^^^^
  File "/Users/htq/miniconda3/envs/freqtrade311/lib/python3.11/site-packages/aiohttp/connector.py", line 1207, in _create_connection
    _, proto = await self._create_proxy_connection(req, traces, timeout)
               ^^^^^^^^^^^^^^^^^^^^^^^^^^^^^^^^^^^^^^^^^^^^^^^^^^^^^^^^^
  File "/Users/htq/miniconda3/envs/freqtrade311/lib/python3.11/site-packages/aiohttp/connector.py", line 1697, in _create_proxy_connection
    return await self._start_tls_connection(
           ^^^^^^^^^^^^^^^^^^^^^^^^^^^^^^^^^
  File "/Users/htq/miniconda3/envs/freqtrade311/lib/python3.11/site-packages/aiohttp/connector.py", line 1465, in _start_tls_connection
    raise client_error(req.connection_key, exc) from exc
aiohttp.client_exceptions.ClientConnectorError: Cannot connect to host www.okx.com:443 ssl:default [Connection reset by peer]

The above exception was the direct cause of the following exception:

Traceback (most recent call last):
  File "/Users/htq/Desktop/真正的金融/币圈/freqtrade/freqtrade/exchange/exchange.py", line 651, in _api_reload_markets
    await self._api_async.load_markets(reload=reload, params={})
  File "/Users/htq/miniconda3/envs/freqtrade311/lib/python3.11/site-packages/ccxt/async_support/base/exchange.py", line 338, in load_markets
    raise e
  File "/Users/htq/miniconda3/envs/freqtrade311/lib/python3.11/site-packages/ccxt/async_support/base/exchange.py", line 330, in load_markets
    result = await self.markets_loading
             ^^^^^^^^^^^^^^^^^^^^^^^^^^
  File "/Users/htq/miniconda3/envs/freqtrade311/lib/python3.11/site-packages/ccxt/async_support/base/exchange.py", line 297, in load_markets_helper
    markets = await self.fetch_markets(params)
              ^^^^^^^^^^^^^^^^^^^^^^^^^^^^^^^^
  File "/Users/htq/miniconda3/envs/freqtrade311/lib/python3.11/site-packages/ccxt/async_support/okx.py", line 1576, in fetch_markets
    promises = await asyncio.gather(*promises)
               ^^^^^^^^^^^^^^^^^^^^^^^^^^^^^^^
  File "/Users/htq/miniconda3/envs/freqtrade311/lib/python3.11/site-packages/ccxt/async_support/okx.py", line 1744, in fetch_markets_by_type
    response = await self.publicGetPublicInstruments(self.extend(request, params))
               ^^^^^^^^^^^^^^^^^^^^^^^^^^^^^^^^^^^^^^^^^^^^^^^^^^^^^^^^^^^^^^^^^^^
  File "/Users/htq/miniconda3/envs/freqtrade311/lib/python3.11/site-packages/ccxt/async_support/base/exchange.py", line 978, in request
    return await self.fetch2(path, api, method, params, headers, body, config)
           ^^^^^^^^^^^^^^^^^^^^^^^^^^^^^^^^^^^^^^^^^^^^^^^^^^^^^^^^^^^^^^^^^^^
  File "/Users/htq/miniconda3/envs/freqtrade311/lib/python3.11/site-packages/ccxt/async_support/base/exchange.py", line 972, in fetch2
    raise e
  File "/Users/htq/miniconda3/envs/freqtrade311/lib/python3.11/site-packages/ccxt/async_support/base/exchange.py", line 963, in fetch2
    return await self.fetch(request['url'], request['method'], request['headers'], request['body'])
           ^^^^^^^^^^^^^^^^^^^^^^^^^^^^^^^^^^^^^^^^^^^^^^^^^^^^^^^^^^^^^^^^^^^^^^^^^^^^^^^^^^^^^^^^
  File "/Users/htq/miniconda3/envs/freqtrade311/lib/python3.11/site-packages/ccxt/async_support/base/exchange.py", line 257, in fetch
    raise ExchangeNotAvailable(details) from e
ccxt.base.errors.ExchangeNotAvailable: okx GET https://www.okx.com/api/v5/public/instruments?instType=SPOT

The above exception was the direct cause of the following exception:

Traceback (most recent call last):
  File "/Users/htq/Desktop/真正的金融/币圈/freqtrade/freqtrade/exchange/exchange.py", line 691, in reload_markets
    retrier(self._load_async_markets, retries=retries)(reload=True)
  File "/Users/htq/Desktop/真正的金融/币圈/freqtrade/freqtrade/exchange/common.py", line 187, in wrapper
    raise ex
  File "/Users/htq/Desktop/真正的金融/币圈/freqtrade/freqtrade/exchange/common.py", line 172, in wrapper
    return f(*args, **kwargs)
           ^^^^^^^^^^^^^^^^^^
  File "/Users/htq/Desktop/真正的金融/币圈/freqtrade/freqtrade/exchange/exchange.py", line 664, in _load_async_markets
    markets = self.loop.run_until_complete(self._api_reload_markets(reload=reload))
              ^^^^^^^^^^^^^^^^^^^^^^^^^^^^^^^^^^^^^^^^^^^^^^^^^^^^^^^^^^^^^^^^^^^^^
  File "/Users/htq/miniconda3/envs/freqtrade311/lib/python3.11/asyncio/base_events.py", line 650, in run_until_complete
    return future.result()
           ^^^^^^^^^^^^^^^
  File "/Users/htq/Desktop/真正的金融/币圈/freqtrade/freqtrade/exchange/exchange.py", line 655, in _api_reload_markets
    raise TemporaryError(
freqtrade.exceptions.TemporaryError: Error in reload_markets due to ExchangeNotAvailable. Message: okx GET https://www.okx.com/api/v5/public/instruments?instType=SPOT
2025-10-15 09:05:35,585 - freqtrade.exchange.exchange - INFO - Couldn't reuse watch for DOGE/USDT, 1h, falling back to REST api. False, 1760490000000, 0, 2025-10-15T01:00:00, 1970-01-01T00:00:00 
2025-10-15 09:05:35,591 - freqtrade.exchange.exchange_ws - ERROR - Exception in continuously_async_watch_ohlcv for DOGE/USDT, 1h
Traceback (most recent call last):
  File "/Users/htq/Desktop/真正的金融/币圈/freqtrade/freqtrade/exchange/exchange_ws.py", line 176, in _continuously_async_watch_ohlcv
    data = await self._ccxt_object.watch_ohlcv(pair, timeframe)
           ^^^^^^^^^^^^^^^^^^^^^^^^^^^^^^^^^^^^^^^^^^^^^^^^^^^^
  File "/Users/htq/miniconda3/envs/freqtrade311/lib/python3.11/site-packages/ccxt/pro/okx.py", line 900, in watch_ohlcv
    ohlcv = await self.subscribe('public', name, name, symbol, params)
            ^^^^^^^^^^^^^^^^^^^^^^^^^^^^^^^^^^^^^^^^^^^^^^^^^^^^^^^^^^
  File "/Users/htq/miniconda3/envs/freqtrade311/lib/python3.11/site-packages/ccxt/pro/okx.py", line 171, in subscribe
    return await self.watch(url, messageHash, request, messageHash)
           ^^^^^^^^^^^^^^^^^^^^^^^^^^^^^^^^^^^^^^^^^^^^^^^^^^^^^^^^
ccxt.base.errors.NetworkError: Cannot connect to host ws.okx.com:8443 ssl:default [Could not contact DNS servers]
2025-10-15 09:05:35,592 - freqtrade.exchange.exchange_ws - INFO - DOGE/USDT, 1h, spot - Task finished - done
2025-10-15 09:05:35,598 - freqtrade.exchange.exchange_ws - ERROR - Exception in _unwatch_ohlcv
Traceback (most recent call last):
  File "/Users/htq/Desktop/真正的金融/币圈/freqtrade/freqtrade/exchange/exchange_ws.py", line 144, in _unwatch_ohlcv
    await self._ccxt_object.un_watch_ohlcv_for_symbols([[pair, timeframe]])
  File "/Users/htq/miniconda3/envs/freqtrade311/lib/python3.11/site-packages/ccxt/pro/okx.py", line 986, in un_watch_ohlcv_for_symbols
    return await self.watch_multiple(url, messageHashes, request, messageHashes)
           ^^^^^^^^^^^^^^^^^^^^^^^^^^^^^^^^^^^^^^^^^^^^^^^^^^^^^^^^^^^^^^^^^^^^^
ccxt.base.errors.NetworkError: Cannot connect to host ws.okx.com:8443 ssl:default [Could not contact DNS servers]
2025-10-15 09:05:36,088 - freqtrade.exchange.common - WARNING - _async_get_candle_history() returned exception: "Could not fetch historical candle (OHLCV) data for DOGE/USDT, 1h, spot due to 
ExchangeNotAvailable. Message: okx GET https://www.okx.com/api/v5/market/candles?instId=DOGE-USDT&bar=1H&limit=300". Retrying still for 4 times.
2025-10-15 09:05:36,144 - freqtrade.exchange.common - WARNING - _async_get_candle_history() returned exception: "Could not fetch historical candle (OHLCV) data for DOGE/USDT, 1h, spot due to 
ExchangeNotAvailable. Message: okx GET https://www.okx.com/api/v5/market/candles?instId=DOGE-USDT&bar=1H&limit=300". Retrying still for 3 times.
2025-10-15 09:05:36,202 - freqtrade.exchange.common - WARNING - _async_get_candle_history() returned exception: "Could not fetch historical candle (OHLCV) data for DOGE/USDT, 1h, spot due to 
ExchangeNotAvailable. Message: okx GET https://www.okx.com/api/v5/market/candles?instId=DOGE-USDT&bar=1H&limit=300". Retrying still for 2 times.
2025-10-15 09:05:36,258 - freqtrade.exchange.common - WARNING - _async_get_candle_history() returned exception: "Could not fetch historical candle (OHLCV) data for DOGE/USDT, 1h, spot due to 
ExchangeNotAvailable. Message: okx GET https://www.okx.com/api/v5/market/candles?instId=DOGE-USDT&bar=1H&limit=300". Retrying still for 1 times.
2025-10-15 09:05:36,316 - freqtrade.exchange.common - WARNING - _async_get_candle_history() returned exception: "Could not fetch historical candle (OHLCV) data for DOGE/USDT, 1h, spot due to 
ExchangeNotAvailable. Message: okx GET https://www.okx.com/api/v5/market/candles?instId=DOGE-USDT&bar=1H&limit=300". Giving up.
2025-10-15 09:05:36,317 - freqtrade.exchange.exchange - WARNING - Async code raised an exception: TemporaryError('Could not fetch historical candle (OHLCV) data for DOGE/USDT, 1h, spot due to 
ExchangeNotAvailable. Message: okx GET https://www.okx.com/api/v5/market/candles?instId=DOGE-USDT&bar=1H&limit=300')
2025-10-15 09:05:36,326 - freqtrade.strategy.interface - WARNING - Outdated history for pair DOGE/USDT. Last tick is 125 minutes old
2025-10-15 09:05:40,580 - freqtrade.exchange.common - WARNING - _load_async_markets() returned exception: "Error in reload_markets due to ExchangeNotAvailable. Message: okx GET 
https://www.okx.com/api/v5/public/instruments?instType=SPOT". Giving up.
2025-10-15 09:05:40,581 - freqtrade.exchange.exchange - ERROR - Could not load markets.
Traceback (most recent call last):
  File "/Users/htq/miniconda3/envs/freqtrade311/lib/python3.11/site-packages/aiohttp/connector.py", line 1432, in _start_tls_connection
    tls_transport = await self._loop.start_tls(
                    ^^^^^^^^^^^^^^^^^^^^^^^^^^^
  File "/Users/htq/miniconda3/envs/freqtrade311/lib/python3.11/asyncio/base_events.py", line 1253, in start_tls
    await waiter
  File "/Users/htq/miniconda3/envs/freqtrade311/lib/python3.11/asyncio/selector_events.py", line 962, in _read_ready__get_buffer
    nbytes = self._sock.recv_into(buf)
             ^^^^^^^^^^^^^^^^^^^^^^^^^
ConnectionResetError: [Errno 54] Connection reset by peer

The above exception was the direct cause of the following exception:

Traceback (most recent call last):
  File "/Users/htq/miniconda3/envs/freqtrade311/lib/python3.11/site-packages/ccxt/async_support/base/exchange.py", line 217, in fetch
    async with session_method(yarl.URL(url, encoded=True),
  File "/Users/htq/miniconda3/envs/freqtrade311/lib/python3.11/site-packages/aiohttp/client.py", line 1488, in __aenter__
    self._resp: _RetType = await self._coro
                           ^^^^^^^^^^^^^^^^
  File "/Users/htq/miniconda3/envs/freqtrade311/lib/python3.11/site-packages/aiohttp/client.py", line 770, in _request
    resp = await handler(req)
           ^^^^^^^^^^^^^^^^^^
  File "/Users/htq/miniconda3/envs/freqtrade311/lib/python3.11/site-packages/aiohttp/client.py", line 725, in _connect_and_send_request
    conn = await self._connector.connect(
           ^^^^^^^^^^^^^^^^^^^^^^^^^^^^^^
  File "/Users/htq/miniconda3/envs/freqtrade311/lib/python3.11/site-packages/aiohttp/connector.py", line 642, in connect
    proto = await self._create_connection(req, traces, timeout)
            ^^^^^^^^^^^^^^^^^^^^^^^^^^^^^^^^^^^^^^^^^^^^^^^^^^^
  File "/Users/htq/miniconda3/envs/freqtrade311/lib/python3.11/site-packages/aiohttp/connector.py", line 1207, in _create_connection
    _, proto = await self._create_proxy_connection(req, traces, timeout)
               ^^^^^^^^^^^^^^^^^^^^^^^^^^^^^^^^^^^^^^^^^^^^^^^^^^^^^^^^^
  File "/Users/htq/miniconda3/envs/freqtrade311/lib/python3.11/site-packages/aiohttp/connector.py", line 1697, in _create_proxy_connection
    return await self._start_tls_connection(
           ^^^^^^^^^^^^^^^^^^^^^^^^^^^^^^^^^
  File "/Users/htq/miniconda3/envs/freqtrade311/lib/python3.11/site-packages/aiohttp/connector.py", line 1465, in _start_tls_connection
    raise client_error(req.connection_key, exc) from exc
aiohttp.client_exceptions.ClientConnectorError: Cannot connect to host www.okx.com:443 ssl:default [Connection reset by peer]

The above exception was the direct cause of the following exception:

Traceback (most recent call last):
  File "/Users/htq/Desktop/真正的金融/币圈/freqtrade/freqtrade/exchange/exchange.py", line 651, in _api_reload_markets
    await self._api_async.load_markets(reload=reload, params={})
  File "/Users/htq/miniconda3/envs/freqtrade311/lib/python3.11/site-packages/ccxt/async_support/base/exchange.py", line 338, in load_markets
    raise e
  File "/Users/htq/miniconda3/envs/freqtrade311/lib/python3.11/site-packages/ccxt/async_support/base/exchange.py", line 330, in load_markets
    result = await self.markets_loading
             ^^^^^^^^^^^^^^^^^^^^^^^^^^
  File "/Users/htq/miniconda3/envs/freqtrade311/lib/python3.11/site-packages/ccxt/async_support/base/exchange.py", line 297, in load_markets_helper
    markets = await self.fetch_markets(params)
              ^^^^^^^^^^^^^^^^^^^^^^^^^^^^^^^^
  File "/Users/htq/miniconda3/envs/freqtrade311/lib/python3.11/site-packages/ccxt/async_support/okx.py", line 1576, in fetch_markets
    promises = await asyncio.gather(*promises)
               ^^^^^^^^^^^^^^^^^^^^^^^^^^^^^^^
  File "/Users/htq/miniconda3/envs/freqtrade311/lib/python3.11/site-packages/ccxt/async_support/okx.py", line 1744, in fetch_markets_by_type
    response = await self.publicGetPublicInstruments(self.extend(request, params))
               ^^^^^^^^^^^^^^^^^^^^^^^^^^^^^^^^^^^^^^^^^^^^^^^^^^^^^^^^^^^^^^^^^^^
  File "/Users/htq/miniconda3/envs/freqtrade311/lib/python3.11/site-packages/ccxt/async_support/base/exchange.py", line 978, in request
    return await self.fetch2(path, api, method, params, headers, body, config)
           ^^^^^^^^^^^^^^^^^^^^^^^^^^^^^^^^^^^^^^^^^^^^^^^^^^^^^^^^^^^^^^^^^^^
  File "/Users/htq/miniconda3/envs/freqtrade311/lib/python3.11/site-packages/ccxt/async_support/base/exchange.py", line 972, in fetch2
    raise e
  File "/Users/htq/miniconda3/envs/freqtrade311/lib/python3.11/site-packages/ccxt/async_support/base/exchange.py", line 963, in fetch2
    return await self.fetch(request['url'], request['method'], request['headers'], request['body'])
           ^^^^^^^^^^^^^^^^^^^^^^^^^^^^^^^^^^^^^^^^^^^^^^^^^^^^^^^^^^^^^^^^^^^^^^^^^^^^^^^^^^^^^^^^
  File "/Users/htq/miniconda3/envs/freqtrade311/lib/python3.11/site-packages/ccxt/async_support/base/exchange.py", line 257, in fetch
    raise ExchangeNotAvailable(details) from e
ccxt.base.errors.ExchangeNotAvailable: okx GET https://www.okx.com/api/v5/public/instruments?instType=SPOT

The above exception was the direct cause of the following exception:

Traceback (most recent call last):
  File "/Users/htq/Desktop/真正的金融/币圈/freqtrade/freqtrade/exchange/exchange.py", line 691, in reload_markets
    retrier(self._load_async_markets, retries=retries)(reload=True)
  File "/Users/htq/Desktop/真正的金融/币圈/freqtrade/freqtrade/exchange/common.py", line 187, in wrapper
    raise ex
  File "/Users/htq/Desktop/真正的金融/币圈/freqtrade/freqtrade/exchange/common.py", line 172, in wrapper
    return f(*args, **kwargs)
           ^^^^^^^^^^^^^^^^^^
  File "/Users/htq/Desktop/真正的金融/币圈/freqtrade/freqtrade/exchange/exchange.py", line 664, in _load_async_markets
    markets = self.loop.run_until_complete(self._api_reload_markets(reload=reload))
              ^^^^^^^^^^^^^^^^^^^^^^^^^^^^^^^^^^^^^^^^^^^^^^^^^^^^^^^^^^^^^^^^^^^^^
  File "/Users/htq/miniconda3/envs/freqtrade311/lib/python3.11/asyncio/base_events.py", line 650, in run_until_complete
    return future.result()
           ^^^^^^^^^^^^^^^
  File "/Users/htq/Desktop/真正的金融/币圈/freqtrade/freqtrade/exchange/exchange.py", line 655, in _api_reload_markets
    raise TemporaryError(
freqtrade.exceptions.TemporaryError: Error in reload_markets due to ExchangeNotAvailable. Message: okx GET https://www.okx.com/api/v5/public/instruments?instType=SPOT
2025-10-15 09:05:40,591 - freqtrade.exchange.exchange - INFO - Couldn't reuse watch for DOGE/USDT, 1h, falling back to REST api. False, 1760490000000, 0, 2025-10-15T01:00:00, 1970-01-01T00:00:00 
2025-10-15 09:05:40,598 - freqtrade.exchange.exchange_ws - ERROR - Exception in continuously_async_watch_ohlcv for DOGE/USDT, 1h
Traceback (most recent call last):
  File "/Users/htq/Desktop/真正的金融/币圈/freqtrade/freqtrade/exchange/exchange_ws.py", line 176, in _continuously_async_watch_ohlcv
    data = await self._ccxt_object.watch_ohlcv(pair, timeframe)
           ^^^^^^^^^^^^^^^^^^^^^^^^^^^^^^^^^^^^^^^^^^^^^^^^^^^^
  File "/Users/htq/miniconda3/envs/freqtrade311/lib/python3.11/site-packages/ccxt/pro/okx.py", line 900, in watch_ohlcv
    ohlcv = await self.subscribe('public', name, name, symbol, params)
            ^^^^^^^^^^^^^^^^^^^^^^^^^^^^^^^^^^^^^^^^^^^^^^^^^^^^^^^^^^
  File "/Users/htq/miniconda3/envs/freqtrade311/lib/python3.11/site-packages/ccxt/pro/okx.py", line 171, in subscribe
    return await self.watch(url, messageHash, request, messageHash)
           ^^^^^^^^^^^^^^^^^^^^^^^^^^^^^^^^^^^^^^^^^^^^^^^^^^^^^^^^
ccxt.base.errors.NetworkError: Cannot connect to host ws.okx.com:8443 ssl:default [Could not contact DNS servers]
2025-10-15 09:05:40,599 - freqtrade.exchange.exchange_ws - INFO - DOGE/USDT, 1h, spot - Task finished - done
2025-10-15 09:05:40,605 - freqtrade.exchange.exchange_ws - ERROR - Exception in _unwatch_ohlcv
Traceback (most recent call last):
  File "/Users/htq/Desktop/真正的金融/币圈/freqtrade/freqtrade/exchange/exchange_ws.py", line 144, in _unwatch_ohlcv
    await self._ccxt_object.un_watch_ohlcv_for_symbols([[pair, timeframe]])
  File "/Users/htq/miniconda3/envs/freqtrade311/lib/python3.11/site-packages/ccxt/pro/okx.py", line 986, in un_watch_ohlcv_for_symbols
    return await self.watch_multiple(url, messageHashes, request, messageHashes)
           ^^^^^^^^^^^^^^^^^^^^^^^^^^^^^^^^^^^^^^^^^^^^^^^^^^^^^^^^^^^^^^^^^^^^^
ccxt.base.errors.NetworkError: Cannot connect to host ws.okx.com:8443 ssl:default [Could not contact DNS servers]
2025-10-15 09:05:41,094 - freqtrade.exchange.common - WARNING - _async_get_candle_history() returned exception: "Could not fetch historical candle (OHLCV) data for DOGE/USDT, 1h, spot due to 
ExchangeNotAvailable. Message: okx GET https://www.okx.com/api/v5/market/candles?instId=DOGE-USDT&bar=1H&limit=300". Retrying still for 4 times.
2025-10-15 09:05:41,151 - freqtrade.exchange.common - WARNING - _async_get_candle_history() returned exception: "Could not fetch historical candle (OHLCV) data for DOGE/USDT, 1h, spot due to 
ExchangeNotAvailable. Message: okx GET https://www.okx.com/api/v5/market/candles?instId=DOGE-USDT&bar=1H&limit=300". Retrying still for 3 times.
2025-10-15 09:05:41,204 - freqtrade.exchange.common - WARNING - _async_get_candle_history() returned exception: "Could not fetch historical candle (OHLCV) data for DOGE/USDT, 1h, spot due to 
ExchangeNotAvailable. Message: okx GET https://www.okx.com/api/v5/market/candles?instId=DOGE-USDT&bar=1H&limit=300". Retrying still for 2 times.
2025-10-15 09:05:41,259 - freqtrade.exchange.common - WARNING - _async_get_candle_history() returned exception: "Could not fetch historical candle (OHLCV) data for DOGE/USDT, 1h, spot due to 
ExchangeNotAvailable. Message: okx GET https://www.okx.com/api/v5/market/candles?instId=DOGE-USDT&bar=1H&limit=300". Retrying still for 1 times.
2025-10-15 09:05:41,314 - freqtrade.exchange.common - WARNING - _async_get_candle_history() returned exception: "Could not fetch historical candle (OHLCV) data for DOGE/USDT, 1h, spot due to 
ExchangeNotAvailable. Message: okx GET https://www.okx.com/api/v5/market/candles?instId=DOGE-USDT&bar=1H&limit=300". Giving up.
2025-10-15 09:05:41,315 - freqtrade.exchange.exchange - WARNING - Async code raised an exception: TemporaryError('Could not fetch historical candle (OHLCV) data for DOGE/USDT, 1h, spot due to 
ExchangeNotAvailable. Message: okx GET https://www.okx.com/api/v5/market/candles?instId=DOGE-USDT&bar=1H&limit=300')
2025-10-15 09:05:41,321 - freqtrade.strategy.interface - WARNING - Outdated history for pair DOGE/USDT. Last tick is 125 minutes old
2025-10-15 09:05:45,590 - freqtrade.exchange.common - WARNING - _load_async_markets() returned exception: "Error in reload_markets due to ExchangeNotAvailable. Message: okx GET 
https://www.okx.com/api/v5/public/instruments?instType=SPOT". Giving up.
2025-10-15 09:05:45,591 - freqtrade.exchange.exchange - ERROR - Could not load markets.
Traceback (most recent call last):
  File "/Users/htq/miniconda3/envs/freqtrade311/lib/python3.11/site-packages/aiohttp/connector.py", line 1432, in _start_tls_connection
    tls_transport = await self._loop.start_tls(
                    ^^^^^^^^^^^^^^^^^^^^^^^^^^^
  File "/Users/htq/miniconda3/envs/freqtrade311/lib/python3.11/asyncio/base_events.py", line 1253, in start_tls
    await waiter
  File "/Users/htq/miniconda3/envs/freqtrade311/lib/python3.11/asyncio/selector_events.py", line 962, in _read_ready__get_buffer
    nbytes = self._sock.recv_into(buf)
             ^^^^^^^^^^^^^^^^^^^^^^^^^
ConnectionResetError: [Errno 54] Connection reset by peer

The above exception was the direct cause of the following exception:

Traceback (most recent call last):
  File "/Users/htq/miniconda3/envs/freqtrade311/lib/python3.11/site-packages/ccxt/async_support/base/exchange.py", line 217, in fetch
    async with session_method(yarl.URL(url, encoded=True),
  File "/Users/htq/miniconda3/envs/freqtrade311/lib/python3.11/site-packages/aiohttp/client.py", line 1488, in __aenter__
    self._resp: _RetType = await self._coro
                           ^^^^^^^^^^^^^^^^
  File "/Users/htq/miniconda3/envs/freqtrade311/lib/python3.11/site-packages/aiohttp/client.py", line 770, in _request
    resp = await handler(req)
           ^^^^^^^^^^^^^^^^^^
  File "/Users/htq/miniconda3/envs/freqtrade311/lib/python3.11/site-packages/aiohttp/client.py", line 725, in _connect_and_send_request
    conn = await self._connector.connect(
           ^^^^^^^^^^^^^^^^^^^^^^^^^^^^^^
  File "/Users/htq/miniconda3/envs/freqtrade311/lib/python3.11/site-packages/aiohttp/connector.py", line 642, in connect
    proto = await self._create_connection(req, traces, timeout)
            ^^^^^^^^^^^^^^^^^^^^^^^^^^^^^^^^^^^^^^^^^^^^^^^^^^^
  File "/Users/htq/miniconda3/envs/freqtrade311/lib/python3.11/site-packages/aiohttp/connector.py", line 1207, in _create_connection
    _, proto = await self._create_proxy_connection(req, traces, timeout)
               ^^^^^^^^^^^^^^^^^^^^^^^^^^^^^^^^^^^^^^^^^^^^^^^^^^^^^^^^^
  File "/Users/htq/miniconda3/envs/freqtrade311/lib/python3.11/site-packages/aiohttp/connector.py", line 1697, in _create_proxy_connection
    return await self._start_tls_connection(
           ^^^^^^^^^^^^^^^^^^^^^^^^^^^^^^^^^
  File "/Users/htq/miniconda3/envs/freqtrade311/lib/python3.11/site-packages/aiohttp/connector.py", line 1465, in _start_tls_connection
    raise client_error(req.connection_key, exc) from exc
aiohttp.client_exceptions.ClientConnectorError: Cannot connect to host www.okx.com:443 ssl:default [Connection reset by peer]

The above exception was the direct cause of the following exception:

Traceback (most recent call last):
  File "/Users/htq/Desktop/真正的金融/币圈/freqtrade/freqtrade/exchange/exchange.py", line 651, in _api_reload_markets
    await self._api_async.load_markets(reload=reload, params={})
  File "/Users/htq/miniconda3/envs/freqtrade311/lib/python3.11/site-packages/ccxt/async_support/base/exchange.py", line 338, in load_markets
    raise e
  File "/Users/htq/miniconda3/envs/freqtrade311/lib/python3.11/site-packages/ccxt/async_support/base/exchange.py", line 330, in load_markets
    result = await self.markets_loading
             ^^^^^^^^^^^^^^^^^^^^^^^^^^
  File "/Users/htq/miniconda3/envs/freqtrade311/lib/python3.11/site-packages/ccxt/async_support/base/exchange.py", line 297, in load_markets_helper
    markets = await self.fetch_markets(params)
              ^^^^^^^^^^^^^^^^^^^^^^^^^^^^^^^^
  File "/Users/htq/miniconda3/envs/freqtrade311/lib/python3.11/site-packages/ccxt/async_support/okx.py", line 1576, in fetch_markets
    promises = await asyncio.gather(*promises)
               ^^^^^^^^^^^^^^^^^^^^^^^^^^^^^^^
  File "/Users/htq/miniconda3/envs/freqtrade311/lib/python3.11/site-packages/ccxt/async_support/okx.py", line 1744, in fetch_markets_by_type
    response = await self.publicGetPublicInstruments(self.extend(request, params))
               ^^^^^^^^^^^^^^^^^^^^^^^^^^^^^^^^^^^^^^^^^^^^^^^^^^^^^^^^^^^^^^^^^^^
  File "/Users/htq/miniconda3/envs/freqtrade311/lib/python3.11/site-packages/ccxt/async_support/base/exchange.py", line 978, in request
    return await self.fetch2(path, api, method, params, headers, body, config)
           ^^^^^^^^^^^^^^^^^^^^^^^^^^^^^^^^^^^^^^^^^^^^^^^^^^^^^^^^^^^^^^^^^^^
  File "/Users/htq/miniconda3/envs/freqtrade311/lib/python3.11/site-packages/ccxt/async_support/base/exchange.py", line 972, in fetch2
    raise e
  File "/Users/htq/miniconda3/envs/freqtrade311/lib/python3.11/site-packages/ccxt/async_support/base/exchange.py", line 963, in fetch2
    return await self.fetch(request['url'], request['method'], request['headers'], request['body'])
           ^^^^^^^^^^^^^^^^^^^^^^^^^^^^^^^^^^^^^^^^^^^^^^^^^^^^^^^^^^^^^^^^^^^^^^^^^^^^^^^^^^^^^^^^
  File "/Users/htq/miniconda3/envs/freqtrade311/lib/python3.11/site-packages/ccxt/async_support/base/exchange.py", line 257, in fetch
    raise ExchangeNotAvailable(details) from e
ccxt.base.errors.ExchangeNotAvailable: okx GET https://www.okx.com/api/v5/public/instruments?instType=SPOT

The above exception was the direct cause of the following exception:

Traceback (most recent call last):
  File "/Users/htq/Desktop/真正的金融/币圈/freqtrade/freqtrade/exchange/exchange.py", line 691, in reload_markets
    retrier(self._load_async_markets, retries=retries)(reload=True)
  File "/Users/htq/Desktop/真正的金融/币圈/freqtrade/freqtrade/exchange/common.py", line 187, in wrapper
    raise ex
  File "/Users/htq/Desktop/真正的金融/币圈/freqtrade/freqtrade/exchange/common.py", line 172, in wrapper
    return f(*args, **kwargs)
           ^^^^^^^^^^^^^^^^^^
  File "/Users/htq/Desktop/真正的金融/币圈/freqtrade/freqtrade/exchange/exchange.py", line 664, in _load_async_markets
    markets = self.loop.run_until_complete(self._api_reload_markets(reload=reload))
              ^^^^^^^^^^^^^^^^^^^^^^^^^^^^^^^^^^^^^^^^^^^^^^^^^^^^^^^^^^^^^^^^^^^^^
  File "/Users/htq/miniconda3/envs/freqtrade311/lib/python3.11/asyncio/base_events.py", line 650, in run_until_complete
    return future.result()
           ^^^^^^^^^^^^^^^
  File "/Users/htq/Desktop/真正的金融/币圈/freqtrade/freqtrade/exchange/exchange.py", line 655, in _api_reload_markets
    raise TemporaryError(
freqtrade.exceptions.TemporaryError: Error in reload_markets due to ExchangeNotAvailable. Message: okx GET https://www.okx.com/api/v5/public/instruments?instType=SPOT
2025-10-15 09:05:45,601 - freqtrade.exchange.exchange - INFO - Couldn't reuse watch for DOGE/USDT, 1h, falling back to REST api. False, 1760490000000, 0, 2025-10-15T01:00:00, 1970-01-01T00:00:00 
2025-10-15 09:05:45,607 - freqtrade.exchange.exchange_ws - ERROR - Exception in continuously_async_watch_ohlcv for DOGE/USDT, 1h
Traceback (most recent call last):
  File "/Users/htq/Desktop/真正的金融/币圈/freqtrade/freqtrade/exchange/exchange_ws.py", line 176, in _continuously_async_watch_ohlcv
    data = await self._ccxt_object.watch_ohlcv(pair, timeframe)
           ^^^^^^^^^^^^^^^^^^^^^^^^^^^^^^^^^^^^^^^^^^^^^^^^^^^^
  File "/Users/htq/miniconda3/envs/freqtrade311/lib/python3.11/site-packages/ccxt/pro/okx.py", line 900, in watch_ohlcv
    ohlcv = await self.subscribe('public', name, name, symbol, params)
            ^^^^^^^^^^^^^^^^^^^^^^^^^^^^^^^^^^^^^^^^^^^^^^^^^^^^^^^^^^
  File "/Users/htq/miniconda3/envs/freqtrade311/lib/python3.11/site-packages/ccxt/pro/okx.py", line 171, in subscribe
    return await self.watch(url, messageHash, request, messageHash)
           ^^^^^^^^^^^^^^^^^^^^^^^^^^^^^^^^^^^^^^^^^^^^^^^^^^^^^^^^
ccxt.base.errors.NetworkError: Cannot connect to host ws.okx.com:8443 ssl:default [Could not contact DNS servers]
2025-10-15 09:05:45,608 - freqtrade.exchange.exchange_ws - INFO - DOGE/USDT, 1h, spot - Task finished - done
2025-10-15 09:05:45,614 - freqtrade.exchange.exchange_ws - ERROR - Exception in _unwatch_ohlcv
Traceback (most recent call last):
  File "/Users/htq/Desktop/真正的金融/币圈/freqtrade/freqtrade/exchange/exchange_ws.py", line 144, in _unwatch_ohlcv
    await self._ccxt_object.un_watch_ohlcv_for_symbols([[pair, timeframe]])
  File "/Users/htq/miniconda3/envs/freqtrade311/lib/python3.11/site-packages/ccxt/pro/okx.py", line 986, in un_watch_ohlcv_for_symbols
    return await self.watch_multiple(url, messageHashes, request, messageHashes)
           ^^^^^^^^^^^^^^^^^^^^^^^^^^^^^^^^^^^^^^^^^^^^^^^^^^^^^^^^^^^^^^^^^^^^^
ccxt.base.errors.NetworkError: Cannot connect to host ws.okx.com:8443 ssl:default [Could not contact DNS servers]
2025-10-15 09:06:44,093 - freqtrade.exchange.common - WARNING - _async_get_candle_history() returned exception: "Could not fetch historical candle (OHLCV) data for DOGE/USDT, 1h, spot due to 
ExchangeNotAvailable. Message: okx GET https://www.okx.com/api/v5/market/candles?instId=DOGE-USDT&bar=1H&limit=300". Retrying still for 4 times.
2025-10-15 09:06:44,155 - freqtrade.exchange.common - WARNING - _async_get_candle_history() returned exception: "Could not fetch historical candle (OHLCV) data for DOGE/USDT, 1h, spot due to 
ExchangeNotAvailable. Message: okx GET https://www.okx.com/api/v5/market/candles?instId=DOGE-USDT&bar=1H&limit=300". Retrying still for 3 times.
2025-10-15 09:06:44,230 - freqtrade.exchange.common - WARNING - _async_get_candle_history() returned exception: "Could not fetch historical candle (OHLCV) data for DOGE/USDT, 1h, spot due to 
ExchangeNotAvailable. Message: okx GET https://www.okx.com/api/v5/market/candles?instId=DOGE-USDT&bar=1H&limit=300". Retrying still for 2 times.
2025-10-15 09:06:44,283 - freqtrade.exchange.common - WARNING - _async_get_candle_history() returned exception: "Could not fetch historical candle (OHLCV) data for DOGE/USDT, 1h, spot due to 
ExchangeNotAvailable. Message: okx GET https://www.okx.com/api/v5/market/candles?instId=DOGE-USDT&bar=1H&limit=300". Retrying still for 1 times.
2025-10-15 09:06:44,338 - freqtrade.exchange.common - WARNING - _async_get_candle_history() returned exception: "Could not fetch historical candle (OHLCV) data for DOGE/USDT, 1h, spot due to 
ExchangeNotAvailable. Message: okx GET https://www.okx.com/api/v5/market/candles?instId=DOGE-USDT&bar=1H&limit=300". Giving up.
2025-10-15 09:06:44,340 - freqtrade.exchange.exchange - WARNING - Async code raised an exception: TemporaryError('Could not fetch historical candle (OHLCV) data for DOGE/USDT, 1h, spot due to 
ExchangeNotAvailable. Message: okx GET https://www.okx.com/api/v5/market/candles?instId=DOGE-USDT&bar=1H&limit=300')
2025-10-15 09:06:44,350 - freqtrade.strategy.interface - WARNING - Outdated history for pair DOGE/USDT. Last tick is 126 minutes old
2025-10-15 09:06:44,350 - freqtrade.worker - INFO - Bot heartbeat. PID=55755, version='2025.8', state='RUNNING'
2025-10-15 09:06:44,413 - freqtrade.exchange.common - WARNING - _load_async_markets() returned exception: "Error in reload_markets due to ExchangeNotAvailable. Message: okx GET 
https://www.okx.com/api/v5/public/instruments?instType=SPOT". Giving up.
2025-10-15 09:06:44,414 - freqtrade.exchange.exchange - ERROR - Could not load markets.
Traceback (most recent call last):
  File "/Users/htq/miniconda3/envs/freqtrade311/lib/python3.11/site-packages/aiohttp/connector.py", line 1432, in _start_tls_connection
    tls_transport = await self._loop.start_tls(
                    ^^^^^^^^^^^^^^^^^^^^^^^^^^^
  File "/Users/htq/miniconda3/envs/freqtrade311/lib/python3.11/asyncio/base_events.py", line 1253, in start_tls
    await waiter
  File "/Users/htq/miniconda3/envs/freqtrade311/lib/python3.11/asyncio/selector_events.py", line 962, in _read_ready__get_buffer
    nbytes = self._sock.recv_into(buf)
             ^^^^^^^^^^^^^^^^^^^^^^^^^
ConnectionResetError: [Errno 54] Connection reset by peer

The above exception was the direct cause of the following exception:

Traceback (most recent call last):
  File "/Users/htq/miniconda3/envs/freqtrade311/lib/python3.11/site-packages/ccxt/async_support/base/exchange.py", line 217, in fetch
    async with session_method(yarl.URL(url, encoded=True),
  File "/Users/htq/miniconda3/envs/freqtrade311/lib/python3.11/site-packages/aiohttp/client.py", line 1488, in __aenter__
    self._resp: _RetType = await self._coro
                           ^^^^^^^^^^^^^^^^
  File "/Users/htq/miniconda3/envs/freqtrade311/lib/python3.11/site-packages/aiohttp/client.py", line 770, in _request
    resp = await handler(req)
           ^^^^^^^^^^^^^^^^^^
  File "/Users/htq/miniconda3/envs/freqtrade311/lib/python3.11/site-packages/aiohttp/client.py", line 725, in _connect_and_send_request
    conn = await self._connector.connect(
           ^^^^^^^^^^^^^^^^^^^^^^^^^^^^^^
  File "/Users/htq/miniconda3/envs/freqtrade311/lib/python3.11/site-packages/aiohttp/connector.py", line 642, in connect
    proto = await self._create_connection(req, traces, timeout)
            ^^^^^^^^^^^^^^^^^^^^^^^^^^^^^^^^^^^^^^^^^^^^^^^^^^^
  File "/Users/htq/miniconda3/envs/freqtrade311/lib/python3.11/site-packages/aiohttp/connector.py", line 1207, in _create_connection
    _, proto = await self._create_proxy_connection(req, traces, timeout)
               ^^^^^^^^^^^^^^^^^^^^^^^^^^^^^^^^^^^^^^^^^^^^^^^^^^^^^^^^^
  File "/Users/htq/miniconda3/envs/freqtrade311/lib/python3.11/site-packages/aiohttp/connector.py", line 1697, in _create_proxy_connection
    return await self._start_tls_connection(
           ^^^^^^^^^^^^^^^^^^^^^^^^^^^^^^^^^
  File "/Users/htq/miniconda3/envs/freqtrade311/lib/python3.11/site-packages/aiohttp/connector.py", line 1465, in _start_tls_connection
    raise client_error(req.connection_key, exc) from exc
aiohttp.client_exceptions.ClientConnectorError: Cannot connect to host www.okx.com:443 ssl:default [Connection reset by peer]

The above exception was the direct cause of the following exception:

Traceback (most recent call last):
  File "/Users/htq/Desktop/真正的金融/币圈/freqtrade/freqtrade/exchange/exchange.py", line 651, in _api_reload_markets
    await self._api_async.load_markets(reload=reload, params={})
  File "/Users/htq/miniconda3/envs/freqtrade311/lib/python3.11/site-packages/ccxt/async_support/base/exchange.py", line 338, in load_markets
    raise e
  File "/Users/htq/miniconda3/envs/freqtrade311/lib/python3.11/site-packages/ccxt/async_support/base/exchange.py", line 330, in load_markets
    result = await self.markets_loading
             ^^^^^^^^^^^^^^^^^^^^^^^^^^
  File "/Users/htq/miniconda3/envs/freqtrade311/lib/python3.11/site-packages/ccxt/async_support/base/exchange.py", line 297, in load_markets_helper
    markets = await self.fetch_markets(params)
              ^^^^^^^^^^^^^^^^^^^^^^^^^^^^^^^^
  File "/Users/htq/miniconda3/envs/freqtrade311/lib/python3.11/site-packages/ccxt/async_support/okx.py", line 1576, in fetch_markets
    promises = await asyncio.gather(*promises)
               ^^^^^^^^^^^^^^^^^^^^^^^^^^^^^^^
  File "/Users/htq/miniconda3/envs/freqtrade311/lib/python3.11/site-packages/ccxt/async_support/okx.py", line 1744, in fetch_markets_by_type
    response = await self.publicGetPublicInstruments(self.extend(request, params))
               ^^^^^^^^^^^^^^^^^^^^^^^^^^^^^^^^^^^^^^^^^^^^^^^^^^^^^^^^^^^^^^^^^^^
  File "/Users/htq/miniconda3/envs/freqtrade311/lib/python3.11/site-packages/ccxt/async_support/base/exchange.py", line 978, in request
    return await self.fetch2(path, api, method, params, headers, body, config)
           ^^^^^^^^^^^^^^^^^^^^^^^^^^^^^^^^^^^^^^^^^^^^^^^^^^^^^^^^^^^^^^^^^^^
  File "/Users/htq/miniconda3/envs/freqtrade311/lib/python3.11/site-packages/ccxt/async_support/base/exchange.py", line 972, in fetch2
    raise e
  File "/Users/htq/miniconda3/envs/freqtrade311/lib/python3.11/site-packages/ccxt/async_support/base/exchange.py", line 963, in fetch2
    return await self.fetch(request['url'], request['method'], request['headers'], request['body'])
           ^^^^^^^^^^^^^^^^^^^^^^^^^^^^^^^^^^^^^^^^^^^^^^^^^^^^^^^^^^^^^^^^^^^^^^^^^^^^^^^^^^^^^^^^
  File "/Users/htq/miniconda3/envs/freqtrade311/lib/python3.11/site-packages/ccxt/async_support/base/exchange.py", line 257, in fetch
    raise ExchangeNotAvailable(details) from e
ccxt.base.errors.ExchangeNotAvailable: okx GET https://www.okx.com/api/v5/public/instruments?instType=SPOT

The above exception was the direct cause of the following exception:

Traceback (most recent call last):
  File "/Users/htq/Desktop/真正的金融/币圈/freqtrade/freqtrade/exchange/exchange.py", line 691, in reload_markets
    retrier(self._load_async_markets, retries=retries)(reload=True)
  File "/Users/htq/Desktop/真正的金融/币圈/freqtrade/freqtrade/exchange/common.py", line 187, in wrapper
    raise ex
  File "/Users/htq/Desktop/真正的金融/币圈/freqtrade/freqtrade/exchange/common.py", line 172, in wrapper
    return f(*args, **kwargs)
           ^^^^^^^^^^^^^^^^^^
  File "/Users/htq/Desktop/真正的金融/币圈/freqtrade/freqtrade/exchange/exchange.py", line 664, in _load_async_markets
    markets = self.loop.run_until_complete(self._api_reload_markets(reload=reload))
              ^^^^^^^^^^^^^^^^^^^^^^^^^^^^^^^^^^^^^^^^^^^^^^^^^^^^^^^^^^^^^^^^^^^^^
  File "/Users/htq/miniconda3/envs/freqtrade311/lib/python3.11/asyncio/base_events.py", line 650, in run_until_complete
    return future.result()
           ^^^^^^^^^^^^^^^
  File "/Users/htq/Desktop/真正的金融/币圈/freqtrade/freqtrade/exchange/exchange.py", line 655, in _api_reload_markets
    raise TemporaryError(
freqtrade.exceptions.TemporaryError: Error in reload_markets due to ExchangeNotAvailable. Message: okx GET https://www.okx.com/api/v5/public/instruments?instType=SPOT
2025-10-15 09:06:44,446 - freqtrade.exchange.exchange - INFO - Couldn't reuse watch for DOGE/USDT, 1h, falling back to REST api. False, 1760490000000, 0, 2025-10-15T01:00:00, 1970-01-01T00:00:00 
2025-10-15 09:06:44,467 - freqtrade.exchange.exchange_ws - ERROR - Exception in continuously_async_watch_ohlcv for DOGE/USDT, 1h
Traceback (most recent call last):
  File "/Users/htq/Desktop/真正的金融/币圈/freqtrade/freqtrade/exchange/exchange_ws.py", line 176, in _continuously_async_watch_ohlcv
    data = await self._ccxt_object.watch_ohlcv(pair, timeframe)
           ^^^^^^^^^^^^^^^^^^^^^^^^^^^^^^^^^^^^^^^^^^^^^^^^^^^^
  File "/Users/htq/miniconda3/envs/freqtrade311/lib/python3.11/site-packages/ccxt/pro/okx.py", line 900, in watch_ohlcv
    ohlcv = await self.subscribe('public', name, name, symbol, params)
            ^^^^^^^^^^^^^^^^^^^^^^^^^^^^^^^^^^^^^^^^^^^^^^^^^^^^^^^^^^
  File "/Users/htq/miniconda3/envs/freqtrade311/lib/python3.11/site-packages/ccxt/pro/okx.py", line 171, in subscribe
    return await self.watch(url, messageHash, request, messageHash)
           ^^^^^^^^^^^^^^^^^^^^^^^^^^^^^^^^^^^^^^^^^^^^^^^^^^^^^^^^
ccxt.base.errors.NetworkError: Cannot connect to host ws.okx.com:8443 ssl:default [Could not contact DNS servers]
2025-10-15 09:06:44,470 - freqtrade.exchange.exchange_ws - INFO - DOGE/USDT, 1h, spot - Task finished - done
2025-10-15 09:06:44,479 - freqtrade.exchange.exchange_ws - ERROR - Exception in _unwatch_ohlcv
Traceback (most recent call last):
  File "/Users/htq/Desktop/真正的金融/币圈/freqtrade/freqtrade/exchange/exchange_ws.py", line 144, in _unwatch_ohlcv
    await self._ccxt_object.un_watch_ohlcv_for_symbols([[pair, timeframe]])
  File "/Users/htq/miniconda3/envs/freqtrade311/lib/python3.11/site-packages/ccxt/pro/okx.py", line 986, in un_watch_ohlcv_for_symbols
    return await self.watch_multiple(url, messageHashes, request, messageHashes)
           ^^^^^^^^^^^^^^^^^^^^^^^^^^^^^^^^^^^^^^^^^^^^^^^^^^^^^^^^^^^^^^^^^^^^^
ccxt.base.errors.NetworkError: Cannot connect to host ws.okx.com:8443 ssl:default [Could not contact DNS servers]
2025-10-15 09:06:44,928 - freqtrade.exchange.common - WARNING - _async_get_candle_history() returned exception: "Could not fetch historical candle (OHLCV) data for DOGE/USDT, 1h, spot due to 
ExchangeNotAvailable. Message: okx GET https://www.okx.com/api/v5/market/candles?instId=DOGE-USDT&bar=1H&limit=300". Retrying still for 4 times.
2025-10-15 09:06:44,983 - freqtrade.exchange.common - WARNING - _async_get_candle_history() returned exception: "Could not fetch historical candle (OHLCV) data for DOGE/USDT, 1h, spot due to 
ExchangeNotAvailable. Message: okx GET https://www.okx.com/api/v5/market/candles?instId=DOGE-USDT&bar=1H&limit=300". Retrying still for 3 times.
2025-10-15 09:06:45,041 - freqtrade.exchange.common - WARNING - _async_get_candle_history() returned exception: "Could not fetch historical candle (OHLCV) data for DOGE/USDT, 1h, spot due to 
ExchangeNotAvailable. Message: okx GET https://www.okx.com/api/v5/market/candles?instId=DOGE-USDT&bar=1H&limit=300". Retrying still for 2 times.
2025-10-15 09:06:45,097 - freqtrade.exchange.common - WARNING - _async_get_candle_history() returned exception: "Could not fetch historical candle (OHLCV) data for DOGE/USDT, 1h, spot due to 
ExchangeNotAvailable. Message: okx GET https://www.okx.com/api/v5/market/candles?instId=DOGE-USDT&bar=1H&limit=300". Retrying still for 1 times.
2025-10-15 09:06:45,163 - freqtrade.exchange.common - WARNING - _async_get_candle_history() returned exception: "Could not fetch historical candle (OHLCV) data for DOGE/USDT, 1h, spot due to 
ExchangeNotAvailable. Message: okx GET https://www.okx.com/api/v5/market/candles?instId=DOGE-USDT&bar=1H&limit=300". Giving up.
2025-10-15 09:06:45,165 - freqtrade.exchange.exchange - WARNING - Async code raised an exception: TemporaryError('Could not fetch historical candle (OHLCV) data for DOGE/USDT, 1h, spot due to 
ExchangeNotAvailable. Message: okx GET https://www.okx.com/api/v5/market/candles?instId=DOGE-USDT&bar=1H&limit=300')
2025-10-15 09:06:45,172 - freqtrade.strategy.interface - WARNING - Outdated history for pair DOGE/USDT. Last tick is 126 minutes old
2025-10-15 09:06:49,413 - freqtrade.exchange.common - WARNING - _load_async_markets() returned exception: "Error in reload_markets due to ExchangeNotAvailable. Message: okx GET 
https://www.okx.com/api/v5/public/instruments?instType=SPOT". Giving up.
2025-10-15 09:06:49,414 - freqtrade.exchange.exchange - ERROR - Could not load markets.
Traceback (most recent call last):
  File "/Users/htq/miniconda3/envs/freqtrade311/lib/python3.11/site-packages/aiohttp/connector.py", line 1432, in _start_tls_connection
    tls_transport = await self._loop.start_tls(
                    ^^^^^^^^^^^^^^^^^^^^^^^^^^^
  File "/Users/htq/miniconda3/envs/freqtrade311/lib/python3.11/asyncio/base_events.py", line 1253, in start_tls
    await waiter
  File "/Users/htq/miniconda3/envs/freqtrade311/lib/python3.11/asyncio/selector_events.py", line 962, in _read_ready__get_buffer
    nbytes = self._sock.recv_into(buf)
             ^^^^^^^^^^^^^^^^^^^^^^^^^
ConnectionResetError: [Errno 54] Connection reset by peer

The above exception was the direct cause of the following exception:

Traceback (most recent call last):
  File "/Users/htq/miniconda3/envs/freqtrade311/lib/python3.11/site-packages/ccxt/async_support/base/exchange.py", line 217, in fetch
    async with session_method(yarl.URL(url, encoded=True),
  File "/Users/htq/miniconda3/envs/freqtrade311/lib/python3.11/site-packages/aiohttp/client.py", line 1488, in __aenter__
    self._resp: _RetType = await self._coro
                           ^^^^^^^^^^^^^^^^
  File "/Users/htq/miniconda3/envs/freqtrade311/lib/python3.11/site-packages/aiohttp/client.py", line 770, in _request
    resp = await handler(req)
           ^^^^^^^^^^^^^^^^^^
  File "/Users/htq/miniconda3/envs/freqtrade311/lib/python3.11/site-packages/aiohttp/client.py", line 725, in _connect_and_send_request
    conn = await self._connector.connect(
           ^^^^^^^^^^^^^^^^^^^^^^^^^^^^^^
  File "/Users/htq/miniconda3/envs/freqtrade311/lib/python3.11/site-packages/aiohttp/connector.py", line 642, in connect
    proto = await self._create_connection(req, traces, timeout)
            ^^^^^^^^^^^^^^^^^^^^^^^^^^^^^^^^^^^^^^^^^^^^^^^^^^^
  File "/Users/htq/miniconda3/envs/freqtrade311/lib/python3.11/site-packages/aiohttp/connector.py", line 1207, in _create_connection
    _, proto = await self._create_proxy_connection(req, traces, timeout)
               ^^^^^^^^^^^^^^^^^^^^^^^^^^^^^^^^^^^^^^^^^^^^^^^^^^^^^^^^^
  File "/Users/htq/miniconda3/envs/freqtrade311/lib/python3.11/site-packages/aiohttp/connector.py", line 1697, in _create_proxy_connection
    return await self._start_tls_connection(
           ^^^^^^^^^^^^^^^^^^^^^^^^^^^^^^^^^
  File "/Users/htq/miniconda3/envs/freqtrade311/lib/python3.11/site-packages/aiohttp/connector.py", line 1465, in _start_tls_connection
    raise client_error(req.connection_key, exc) from exc
aiohttp.client_exceptions.ClientConnectorError: Cannot connect to host www.okx.com:443 ssl:default [Connection reset by peer]

The above exception was the direct cause of the following exception:

Traceback (most recent call last):
  File "/Users/htq/Desktop/真正的金融/币圈/freqtrade/freqtrade/exchange/exchange.py", line 651, in _api_reload_markets
    await self._api_async.load_markets(reload=reload, params={})
  File "/Users/htq/miniconda3/envs/freqtrade311/lib/python3.11/site-packages/ccxt/async_support/base/exchange.py", line 338, in load_markets
    raise e
  File "/Users/htq/miniconda3/envs/freqtrade311/lib/python3.11/site-packages/ccxt/async_support/base/exchange.py", line 330, in load_markets
    result = await self.markets_loading
             ^^^^^^^^^^^^^^^^^^^^^^^^^^
  File "/Users/htq/miniconda3/envs/freqtrade311/lib/python3.11/site-packages/ccxt/async_support/base/exchange.py", line 297, in load_markets_helper
    markets = await self.fetch_markets(params)
              ^^^^^^^^^^^^^^^^^^^^^^^^^^^^^^^^
  File "/Users/htq/miniconda3/envs/freqtrade311/lib/python3.11/site-packages/ccxt/async_support/okx.py", line 1576, in fetch_markets
    promises = await asyncio.gather(*promises)
               ^^^^^^^^^^^^^^^^^^^^^^^^^^^^^^^
  File "/Users/htq/miniconda3/envs/freqtrade311/lib/python3.11/site-packages/ccxt/async_support/okx.py", line 1744, in fetch_markets_by_type
    response = await self.publicGetPublicInstruments(self.extend(request, params))
               ^^^^^^^^^^^^^^^^^^^^^^^^^^^^^^^^^^^^^^^^^^^^^^^^^^^^^^^^^^^^^^^^^^^
  File "/Users/htq/miniconda3/envs/freqtrade311/lib/python3.11/site-packages/ccxt/async_support/base/exchange.py", line 978, in request
    return await self.fetch2(path, api, method, params, headers, body, config)
           ^^^^^^^^^^^^^^^^^^^^^^^^^^^^^^^^^^^^^^^^^^^^^^^^^^^^^^^^^^^^^^^^^^^
  File "/Users/htq/miniconda3/envs/freqtrade311/lib/python3.11/site-packages/ccxt/async_support/base/exchange.py", line 972, in fetch2
    raise e
  File "/Users/htq/miniconda3/envs/freqtrade311/lib/python3.11/site-packages/ccxt/async_support/base/exchange.py", line 963, in fetch2
    return await self.fetch(request['url'], request['method'], request['headers'], request['body'])
           ^^^^^^^^^^^^^^^^^^^^^^^^^^^^^^^^^^^^^^^^^^^^^^^^^^^^^^^^^^^^^^^^^^^^^^^^^^^^^^^^^^^^^^^^
  File "/Users/htq/miniconda3/envs/freqtrade311/lib/python3.11/site-packages/ccxt/async_support/base/exchange.py", line 257, in fetch
    raise ExchangeNotAvailable(details) from e
ccxt.base.errors.ExchangeNotAvailable: okx GET https://www.okx.com/api/v5/public/instruments?instType=SPOT

The above exception was the direct cause of the following exception:

Traceback (most recent call last):
  File "/Users/htq/Desktop/真正的金融/币圈/freqtrade/freqtrade/exchange/exchange.py", line 691, in reload_markets
    retrier(self._load_async_markets, retries=retries)(reload=True)
  File "/Users/htq/Desktop/真正的金融/币圈/freqtrade/freqtrade/exchange/common.py", line 187, in wrapper
    raise ex
  File "/Users/htq/Desktop/真正的金融/币圈/freqtrade/freqtrade/exchange/common.py", line 172, in wrapper
    return f(*args, **kwargs)
           ^^^^^^^^^^^^^^^^^^
  File "/Users/htq/Desktop/真正的金融/币圈/freqtrade/freqtrade/exchange/exchange.py", line 664, in _load_async_markets
    markets = self.loop.run_until_complete(self._api_reload_markets(reload=reload))
              ^^^^^^^^^^^^^^^^^^^^^^^^^^^^^^^^^^^^^^^^^^^^^^^^^^^^^^^^^^^^^^^^^^^^^
  File "/Users/htq/miniconda3/envs/freqtrade311/lib/python3.11/asyncio/base_events.py", line 650, in run_until_complete
    return future.result()
           ^^^^^^^^^^^^^^^
  File "/Users/htq/Desktop/真正的金融/币圈/freqtrade/freqtrade/exchange/exchange.py", line 655, in _api_reload_markets
    raise TemporaryError(
freqtrade.exceptions.TemporaryError: Error in reload_markets due to ExchangeNotAvailable. Message: okx GET https://www.okx.com/api/v5/public/instruments?instType=SPOT
2025-10-15 09:06:49,436 - freqtrade.exchange.exchange - INFO - Couldn't reuse watch for DOGE/USDT, 1h, falling back to REST api. False, 1760490000000, 0, 2025-10-15T01:00:00, 1970-01-01T00:00:00 
2025-10-15 09:06:49,447 - freqtrade.exchange.exchange_ws - ERROR - Exception in continuously_async_watch_ohlcv for DOGE/USDT, 1h
Traceback (most recent call last):
  File "/Users/htq/Desktop/真正的金融/币圈/freqtrade/freqtrade/exchange/exchange_ws.py", line 176, in _continuously_async_watch_ohlcv
    data = await self._ccxt_object.watch_ohlcv(pair, timeframe)
           ^^^^^^^^^^^^^^^^^^^^^^^^^^^^^^^^^^^^^^^^^^^^^^^^^^^^
  File "/Users/htq/miniconda3/envs/freqtrade311/lib/python3.11/site-packages/ccxt/pro/okx.py", line 900, in watch_ohlcv
    ohlcv = await self.subscribe('public', name, name, symbol, params)
            ^^^^^^^^^^^^^^^^^^^^^^^^^^^^^^^^^^^^^^^^^^^^^^^^^^^^^^^^^^
  File "/Users/htq/miniconda3/envs/freqtrade311/lib/python3.11/site-packages/ccxt/pro/okx.py", line 171, in subscribe
    return await self.watch(url, messageHash, request, messageHash)
           ^^^^^^^^^^^^^^^^^^^^^^^^^^^^^^^^^^^^^^^^^^^^^^^^^^^^^^^^
ccxt.base.errors.NetworkError: Cannot connect to host ws.okx.com:8443 ssl:default [Could not contact DNS servers]
2025-10-15 09:06:49,448 - freqtrade.exchange.exchange_ws - INFO - DOGE/USDT, 1h, spot - Task finished - done
2025-10-15 09:06:49,454 - freqtrade.exchange.exchange_ws - ERROR - Exception in _unwatch_ohlcv
Traceback (most recent call last):
  File "/Users/htq/Desktop/真正的金融/币圈/freqtrade/freqtrade/exchange/exchange_ws.py", line 144, in _unwatch_ohlcv
    await self._ccxt_object.un_watch_ohlcv_for_symbols([[pair, timeframe]])
  File "/Users/htq/miniconda3/envs/freqtrade311/lib/python3.11/site-packages/ccxt/pro/okx.py", line 986, in un_watch_ohlcv_for_symbols
    return await self.watch_multiple(url, messageHashes, request, messageHashes)
           ^^^^^^^^^^^^^^^^^^^^^^^^^^^^^^^^^^^^^^^^^^^^^^^^^^^^^^^^^^^^^^^^^^^^^
ccxt.base.errors.NetworkError: Cannot connect to host ws.okx.com:8443 ssl:default [Could not contact DNS servers]
2025-10-15 09:06:49,925 - freqtrade.exchange.common - WARNING - _async_get_candle_history() returned exception: "Could not fetch historical candle (OHLCV) data for DOGE/USDT, 1h, spot due to 
ExchangeNotAvailable. Message: okx GET https://www.okx.com/api/v5/market/candles?instId=DOGE-USDT&bar=1H&limit=300". Retrying still for 4 times.
2025-10-15 09:06:49,979 - freqtrade.exchange.common - WARNING - _async_get_candle_history() returned exception: "Could not fetch historical candle (OHLCV) data for DOGE/USDT, 1h, spot due to 
ExchangeNotAvailable. Message: okx GET https://www.okx.com/api/v5/market/candles?instId=DOGE-USDT&bar=1H&limit=300". Retrying still for 3 times.
2025-10-15 09:06:50,033 - freqtrade.exchange.common - WARNING - _async_get_candle_history() returned exception: "Could not fetch historical candle (OHLCV) data for DOGE/USDT, 1h, spot due to 
ExchangeNotAvailable. Message: okx GET https://www.okx.com/api/v5/market/candles?instId=DOGE-USDT&bar=1H&limit=300". Retrying still for 2 times.
2025-10-15 09:06:50,087 - freqtrade.exchange.common - WARNING - _async_get_candle_history() returned exception: "Could not fetch historical candle (OHLCV) data for DOGE/USDT, 1h, spot due to 
ExchangeNotAvailable. Message: okx GET https://www.okx.com/api/v5/market/candles?instId=DOGE-USDT&bar=1H&limit=300". Retrying still for 1 times.
2025-10-15 09:06:50,142 - freqtrade.exchange.common - WARNING - _async_get_candle_history() returned exception: "Could not fetch historical candle (OHLCV) data for DOGE/USDT, 1h, spot due to 
ExchangeNotAvailable. Message: okx GET https://www.okx.com/api/v5/market/candles?instId=DOGE-USDT&bar=1H&limit=300". Giving up.
2025-10-15 09:06:50,143 - freqtrade.exchange.exchange - WARNING - Async code raised an exception: TemporaryError('Could not fetch historical candle (OHLCV) data for DOGE/USDT, 1h, spot due to 
ExchangeNotAvailable. Message: okx GET https://www.okx.com/api/v5/market/candles?instId=DOGE-USDT&bar=1H&limit=300')
2025-10-15 09:06:50,149 - freqtrade.strategy.interface - WARNING - Outdated history for pair DOGE/USDT. Last tick is 126 minutes old
2025-10-15 09:06:54,415 - freqtrade.exchange.common - WARNING - _load_async_markets() returned exception: "Error in reload_markets due to ExchangeNotAvailable. Message: okx GET 
https://www.okx.com/api/v5/public/instruments?instType=SPOT". Giving up.
2025-10-15 09:06:54,415 - freqtrade.exchange.exchange - ERROR - Could not load markets.
Traceback (most recent call last):
  File "/Users/htq/miniconda3/envs/freqtrade311/lib/python3.11/site-packages/aiohttp/connector.py", line 1432, in _start_tls_connection
    tls_transport = await self._loop.start_tls(
                    ^^^^^^^^^^^^^^^^^^^^^^^^^^^
  File "/Users/htq/miniconda3/envs/freqtrade311/lib/python3.11/asyncio/base_events.py", line 1253, in start_tls
    await waiter
  File "/Users/htq/miniconda3/envs/freqtrade311/lib/python3.11/asyncio/selector_events.py", line 962, in _read_ready__get_buffer
    nbytes = self._sock.recv_into(buf)
             ^^^^^^^^^^^^^^^^^^^^^^^^^
ConnectionResetError: [Errno 54] Connection reset by peer

The above exception was the direct cause of the following exception:

Traceback (most recent call last):
  File "/Users/htq/miniconda3/envs/freqtrade311/lib/python3.11/site-packages/ccxt/async_support/base/exchange.py", line 217, in fetch
    async with session_method(yarl.URL(url, encoded=True),
  File "/Users/htq/miniconda3/envs/freqtrade311/lib/python3.11/site-packages/aiohttp/client.py", line 1488, in __aenter__
    self._resp: _RetType = await self._coro
                           ^^^^^^^^^^^^^^^^
  File "/Users/htq/miniconda3/envs/freqtrade311/lib/python3.11/site-packages/aiohttp/client.py", line 770, in _request
    resp = await handler(req)
           ^^^^^^^^^^^^^^^^^^
  File "/Users/htq/miniconda3/envs/freqtrade311/lib/python3.11/site-packages/aiohttp/client.py", line 725, in _connect_and_send_request
    conn = await self._connector.connect(
           ^^^^^^^^^^^^^^^^^^^^^^^^^^^^^^
  File "/Users/htq/miniconda3/envs/freqtrade311/lib/python3.11/site-packages/aiohttp/connector.py", line 642, in connect
    proto = await self._create_connection(req, traces, timeout)
            ^^^^^^^^^^^^^^^^^^^^^^^^^^^^^^^^^^^^^^^^^^^^^^^^^^^
  File "/Users/htq/miniconda3/envs/freqtrade311/lib/python3.11/site-packages/aiohttp/connector.py", line 1207, in _create_connection
    _, proto = await self._create_proxy_connection(req, traces, timeout)
               ^^^^^^^^^^^^^^^^^^^^^^^^^^^^^^^^^^^^^^^^^^^^^^^^^^^^^^^^^
  File "/Users/htq/miniconda3/envs/freqtrade311/lib/python3.11/site-packages/aiohttp/connector.py", line 1697, in _create_proxy_connection
    return await self._start_tls_connection(
           ^^^^^^^^^^^^^^^^^^^^^^^^^^^^^^^^^
  File "/Users/htq/miniconda3/envs/freqtrade311/lib/python3.11/site-packages/aiohttp/connector.py", line 1465, in _start_tls_connection
    raise client_error(req.connection_key, exc) from exc
aiohttp.client_exceptions.ClientConnectorError: Cannot connect to host www.okx.com:443 ssl:default [Connection reset by peer]

The above exception was the direct cause of the following exception:

Traceback (most recent call last):
  File "/Users/htq/Desktop/真正的金融/币圈/freqtrade/freqtrade/exchange/exchange.py", line 651, in _api_reload_markets
    await self._api_async.load_markets(reload=reload, params={})
  File "/Users/htq/miniconda3/envs/freqtrade311/lib/python3.11/site-packages/ccxt/async_support/base/exchange.py", line 338, in load_markets
    raise e
  File "/Users/htq/miniconda3/envs/freqtrade311/lib/python3.11/site-packages/ccxt/async_support/base/exchange.py", line 330, in load_markets
    result = await self.markets_loading
             ^^^^^^^^^^^^^^^^^^^^^^^^^^
  File "/Users/htq/miniconda3/envs/freqtrade311/lib/python3.11/site-packages/ccxt/async_support/base/exchange.py", line 297, in load_markets_helper
    markets = await self.fetch_markets(params)
              ^^^^^^^^^^^^^^^^^^^^^^^^^^^^^^^^
  File "/Users/htq/miniconda3/envs/freqtrade311/lib/python3.11/site-packages/ccxt/async_support/okx.py", line 1576, in fetch_markets
    promises = await asyncio.gather(*promises)
               ^^^^^^^^^^^^^^^^^^^^^^^^^^^^^^^
  File "/Users/htq/miniconda3/envs/freqtrade311/lib/python3.11/site-packages/ccxt/async_support/okx.py", line 1744, in fetch_markets_by_type
    response = await self.publicGetPublicInstruments(self.extend(request, params))
               ^^^^^^^^^^^^^^^^^^^^^^^^^^^^^^^^^^^^^^^^^^^^^^^^^^^^^^^^^^^^^^^^^^^
  File "/Users/htq/miniconda3/envs/freqtrade311/lib/python3.11/site-packages/ccxt/async_support/base/exchange.py", line 978, in request
    return await self.fetch2(path, api, method, params, headers, body, config)
           ^^^^^^^^^^^^^^^^^^^^^^^^^^^^^^^^^^^^^^^^^^^^^^^^^^^^^^^^^^^^^^^^^^^
  File "/Users/htq/miniconda3/envs/freqtrade311/lib/python3.11/site-packages/ccxt/async_support/base/exchange.py", line 972, in fetch2
    raise e
  File "/Users/htq/miniconda3/envs/freqtrade311/lib/python3.11/site-packages/ccxt/async_support/base/exchange.py", line 963, in fetch2
    return await self.fetch(request['url'], request['method'], request['headers'], request['body'])
           ^^^^^^^^^^^^^^^^^^^^^^^^^^^^^^^^^^^^^^^^^^^^^^^^^^^^^^^^^^^^^^^^^^^^^^^^^^^^^^^^^^^^^^^^
  File "/Users/htq/miniconda3/envs/freqtrade311/lib/python3.11/site-packages/ccxt/async_support/base/exchange.py", line 257, in fetch
    raise ExchangeNotAvailable(details) from e
ccxt.base.errors.ExchangeNotAvailable: okx GET https://www.okx.com/api/v5/public/instruments?instType=SPOT

The above exception was the direct cause of the following exception:

Traceback (most recent call last):
  File "/Users/htq/Desktop/真正的金融/币圈/freqtrade/freqtrade/exchange/exchange.py", line 691, in reload_markets
    retrier(self._load_async_markets, retries=retries)(reload=True)
  File "/Users/htq/Desktop/真正的金融/币圈/freqtrade/freqtrade/exchange/common.py", line 187, in wrapper
    raise ex
  File "/Users/htq/Desktop/真正的金融/币圈/freqtrade/freqtrade/exchange/common.py", line 172, in wrapper
    return f(*args, **kwargs)
           ^^^^^^^^^^^^^^^^^^
  File "/Users/htq/Desktop/真正的金融/币圈/freqtrade/freqtrade/exchange/exchange.py", line 664, in _load_async_markets
    markets = self.loop.run_until_complete(self._api_reload_markets(reload=reload))
              ^^^^^^^^^^^^^^^^^^^^^^^^^^^^^^^^^^^^^^^^^^^^^^^^^^^^^^^^^^^^^^^^^^^^^
  File "/Users/htq/miniconda3/envs/freqtrade311/lib/python3.11/asyncio/base_events.py", line 650, in run_until_complete
    return future.result()
           ^^^^^^^^^^^^^^^
  File "/Users/htq/Desktop/真正的金融/币圈/freqtrade/freqtrade/exchange/exchange.py", line 655, in _api_reload_markets
    raise TemporaryError(
freqtrade.exceptions.TemporaryError: Error in reload_markets due to ExchangeNotAvailable. Message: okx GET https://www.okx.com/api/v5/public/instruments?instType=SPOT
2025-10-15 09:06:54,427 - freqtrade.exchange.exchange - INFO - Couldn't reuse watch for DOGE/USDT, 1h, falling back to REST api. False, 1760490000000, 0, 2025-10-15T01:00:00, 1970-01-01T00:00:00 
2025-10-15 09:06:54,433 - freqtrade.exchange.exchange_ws - ERROR - Exception in continuously_async_watch_ohlcv for DOGE/USDT, 1h
Traceback (most recent call last):
  File "/Users/htq/Desktop/真正的金融/币圈/freqtrade/freqtrade/exchange/exchange_ws.py", line 176, in _continuously_async_watch_ohlcv
    data = await self._ccxt_object.watch_ohlcv(pair, timeframe)
           ^^^^^^^^^^^^^^^^^^^^^^^^^^^^^^^^^^^^^^^^^^^^^^^^^^^^
  File "/Users/htq/miniconda3/envs/freqtrade311/lib/python3.11/site-packages/ccxt/pro/okx.py", line 900, in watch_ohlcv
    ohlcv = await self.subscribe('public', name, name, symbol, params)
            ^^^^^^^^^^^^^^^^^^^^^^^^^^^^^^^^^^^^^^^^^^^^^^^^^^^^^^^^^^
  File "/Users/htq/miniconda3/envs/freqtrade311/lib/python3.11/site-packages/ccxt/pro/okx.py", line 171, in subscribe
    return await self.watch(url, messageHash, request, messageHash)
           ^^^^^^^^^^^^^^^^^^^^^^^^^^^^^^^^^^^^^^^^^^^^^^^^^^^^^^^^
ccxt.base.errors.NetworkError: Cannot connect to host ws.okx.com:8443 ssl:default [Could not contact DNS servers]
2025-10-15 09:06:54,434 - freqtrade.exchange.exchange_ws - INFO - DOGE/USDT, 1h, spot - Task finished - done
2025-10-15 09:06:54,440 - freqtrade.exchange.exchange_ws - ERROR - Exception in _unwatch_ohlcv
Traceback (most recent call last):
  File "/Users/htq/Desktop/真正的金融/币圈/freqtrade/freqtrade/exchange/exchange_ws.py", line 144, in _unwatch_ohlcv
    await self._ccxt_object.un_watch_ohlcv_for_symbols([[pair, timeframe]])
  File "/Users/htq/miniconda3/envs/freqtrade311/lib/python3.11/site-packages/ccxt/pro/okx.py", line 986, in un_watch_ohlcv_for_symbols
    return await self.watch_multiple(url, messageHashes, request, messageHashes)
           ^^^^^^^^^^^^^^^^^^^^^^^^^^^^^^^^^^^^^^^^^^^^^^^^^^^^^^^^^^^^^^^^^^^^^
ccxt.base.errors.NetworkError: Cannot connect to host ws.okx.com:8443 ssl:default [Could not contact DNS servers]
2025-10-15 09:06:54,930 - freqtrade.exchange.common - WARNING - _async_get_candle_history() returned exception: "Could not fetch historical candle (OHLCV) data for DOGE/USDT, 1h, spot due to 
ExchangeNotAvailable. Message: okx GET https://www.okx.com/api/v5/market/candles?instId=DOGE-USDT&bar=1H&limit=300". Retrying still for 4 times.
2025-10-15 09:06:54,985 - freqtrade.exchange.common - WARNING - _async_get_candle_history() returned exception: "Could not fetch historical candle (OHLCV) data for DOGE/USDT, 1h, spot due to 
ExchangeNotAvailable. Message: okx GET https://www.okx.com/api/v5/market/candles?instId=DOGE-USDT&bar=1H&limit=300". Retrying still for 3 times.
2025-10-15 09:06:55,040 - freqtrade.exchange.common - WARNING - _async_get_candle_history() returned exception: "Could not fetch historical candle (OHLCV) data for DOGE/USDT, 1h, spot due to 
ExchangeNotAvailable. Message: okx GET https://www.okx.com/api/v5/market/candles?instId=DOGE-USDT&bar=1H&limit=300". Retrying still for 2 times.
2025-10-15 09:06:55,094 - freqtrade.exchange.common - WARNING - _async_get_candle_history() returned exception: "Could not fetch historical candle (OHLCV) data for DOGE/USDT, 1h, spot due to 
ExchangeNotAvailable. Message: okx GET https://www.okx.com/api/v5/market/candles?instId=DOGE-USDT&bar=1H&limit=300". Retrying still for 1 times.
2025-10-15 09:06:55,152 - freqtrade.exchange.common - WARNING - _async_get_candle_history() returned exception: "Could not fetch historical candle (OHLCV) data for DOGE/USDT, 1h, spot due to 
ExchangeNotAvailable. Message: okx GET https://www.okx.com/api/v5/market/candles?instId=DOGE-USDT&bar=1H&limit=300". Giving up.
2025-10-15 09:06:55,153 - freqtrade.exchange.exchange - WARNING - Async code raised an exception: TemporaryError('Could not fetch historical candle (OHLCV) data for DOGE/USDT, 1h, spot due to 
ExchangeNotAvailable. Message: okx GET https://www.okx.com/api/v5/market/candles?instId=DOGE-USDT&bar=1H&limit=300')
2025-10-15 09:06:55,157 - freqtrade.strategy.interface - WARNING - Outdated history for pair DOGE/USDT. Last tick is 126 minutes old
2025-10-15 09:06:59,420 - freqtrade.exchange.common - WARNING - _load_async_markets() returned exception: "Error in reload_markets due to ExchangeNotAvailable. Message: okx GET 
https://www.okx.com/api/v5/public/instruments?instType=SPOT". Giving up.
2025-10-15 09:06:59,421 - freqtrade.exchange.exchange - ERROR - Could not load markets.
Traceback (most recent call last):
  File "/Users/htq/miniconda3/envs/freqtrade311/lib/python3.11/site-packages/aiohttp/connector.py", line 1432, in _start_tls_connection
    tls_transport = await self._loop.start_tls(
                    ^^^^^^^^^^^^^^^^^^^^^^^^^^^
  File "/Users/htq/miniconda3/envs/freqtrade311/lib/python3.11/asyncio/base_events.py", line 1253, in start_tls
    await waiter
  File "/Users/htq/miniconda3/envs/freqtrade311/lib/python3.11/asyncio/selector_events.py", line 962, in _read_ready__get_buffer
    nbytes = self._sock.recv_into(buf)
             ^^^^^^^^^^^^^^^^^^^^^^^^^
ConnectionResetError: [Errno 54] Connection reset by peer

The above exception was the direct cause of the following exception:

Traceback (most recent call last):
  File "/Users/htq/miniconda3/envs/freqtrade311/lib/python3.11/site-packages/ccxt/async_support/base/exchange.py", line 217, in fetch
    async with session_method(yarl.URL(url, encoded=True),
  File "/Users/htq/miniconda3/envs/freqtrade311/lib/python3.11/site-packages/aiohttp/client.py", line 1488, in __aenter__
    self._resp: _RetType = await self._coro
                           ^^^^^^^^^^^^^^^^
  File "/Users/htq/miniconda3/envs/freqtrade311/lib/python3.11/site-packages/aiohttp/client.py", line 770, in _request
    resp = await handler(req)
           ^^^^^^^^^^^^^^^^^^
  File "/Users/htq/miniconda3/envs/freqtrade311/lib/python3.11/site-packages/aiohttp/client.py", line 725, in _connect_and_send_request
    conn = await self._connector.connect(
           ^^^^^^^^^^^^^^^^^^^^^^^^^^^^^^
  File "/Users/htq/miniconda3/envs/freqtrade311/lib/python3.11/site-packages/aiohttp/connector.py", line 642, in connect
    proto = await self._create_connection(req, traces, timeout)
            ^^^^^^^^^^^^^^^^^^^^^^^^^^^^^^^^^^^^^^^^^^^^^^^^^^^
  File "/Users/htq/miniconda3/envs/freqtrade311/lib/python3.11/site-packages/aiohttp/connector.py", line 1207, in _create_connection
    _, proto = await self._create_proxy_connection(req, traces, timeout)
               ^^^^^^^^^^^^^^^^^^^^^^^^^^^^^^^^^^^^^^^^^^^^^^^^^^^^^^^^^
  File "/Users/htq/miniconda3/envs/freqtrade311/lib/python3.11/site-packages/aiohttp/connector.py", line 1697, in _create_proxy_connection
    return await self._start_tls_connection(
           ^^^^^^^^^^^^^^^^^^^^^^^^^^^^^^^^^
  File "/Users/htq/miniconda3/envs/freqtrade311/lib/python3.11/site-packages/aiohttp/connector.py", line 1465, in _start_tls_connection
    raise client_error(req.connection_key, exc) from exc
aiohttp.client_exceptions.ClientConnectorError: Cannot connect to host www.okx.com:443 ssl:default [Connection reset by peer]

The above exception was the direct cause of the following exception:

Traceback (most recent call last):
  File "/Users/htq/Desktop/真正的金融/币圈/freqtrade/freqtrade/exchange/exchange.py", line 651, in _api_reload_markets
    await self._api_async.load_markets(reload=reload, params={})
  File "/Users/htq/miniconda3/envs/freqtrade311/lib/python3.11/site-packages/ccxt/async_support/base/exchange.py", line 338, in load_markets
    raise e
  File "/Users/htq/miniconda3/envs/freqtrade311/lib/python3.11/site-packages/ccxt/async_support/base/exchange.py", line 330, in load_markets
    result = await self.markets_loading
             ^^^^^^^^^^^^^^^^^^^^^^^^^^
  File "/Users/htq/miniconda3/envs/freqtrade311/lib/python3.11/site-packages/ccxt/async_support/base/exchange.py", line 297, in load_markets_helper
    markets = await self.fetch_markets(params)
              ^^^^^^^^^^^^^^^^^^^^^^^^^^^^^^^^
  File "/Users/htq/miniconda3/envs/freqtrade311/lib/python3.11/site-packages/ccxt/async_support/okx.py", line 1576, in fetch_markets
    promises = await asyncio.gather(*promises)
               ^^^^^^^^^^^^^^^^^^^^^^^^^^^^^^^
  File "/Users/htq/miniconda3/envs/freqtrade311/lib/python3.11/site-packages/ccxt/async_support/okx.py", line 1744, in fetch_markets_by_type
    response = await self.publicGetPublicInstruments(self.extend(request, params))
               ^^^^^^^^^^^^^^^^^^^^^^^^^^^^^^^^^^^^^^^^^^^^^^^^^^^^^^^^^^^^^^^^^^^
  File "/Users/htq/miniconda3/envs/freqtrade311/lib/python3.11/site-packages/ccxt/async_support/base/exchange.py", line 978, in request
    return await self.fetch2(path, api, method, params, headers, body, config)
           ^^^^^^^^^^^^^^^^^^^^^^^^^^^^^^^^^^^^^^^^^^^^^^^^^^^^^^^^^^^^^^^^^^^
  File "/Users/htq/miniconda3/envs/freqtrade311/lib/python3.11/site-packages/ccxt/async_support/base/exchange.py", line 972, in fetch2
    raise e
  File "/Users/htq/miniconda3/envs/freqtrade311/lib/python3.11/site-packages/ccxt/async_support/base/exchange.py", line 963, in fetch2
    return await self.fetch(request['url'], request['method'], request['headers'], request['body'])
           ^^^^^^^^^^^^^^^^^^^^^^^^^^^^^^^^^^^^^^^^^^^^^^^^^^^^^^^^^^^^^^^^^^^^^^^^^^^^^^^^^^^^^^^^
  File "/Users/htq/miniconda3/envs/freqtrade311/lib/python3.11/site-packages/ccxt/async_support/base/exchange.py", line 257, in fetch
    raise ExchangeNotAvailable(details) from e
ccxt.base.errors.ExchangeNotAvailable: okx GET https://www.okx.com/api/v5/public/instruments?instType=SPOT

The above exception was the direct cause of the following exception:

Traceback (most recent call last):
  File "/Users/htq/Desktop/真正的金融/币圈/freqtrade/freqtrade/exchange/exchange.py", line 691, in reload_markets
    retrier(self._load_async_markets, retries=retries)(reload=True)
  File "/Users/htq/Desktop/真正的金融/币圈/freqtrade/freqtrade/exchange/common.py", line 187, in wrapper
    raise ex
  File "/Users/htq/Desktop/真正的金融/币圈/freqtrade/freqtrade/exchange/common.py", line 172, in wrapper
    return f(*args, **kwargs)
           ^^^^^^^^^^^^^^^^^^
  File "/Users/htq/Desktop/真正的金融/币圈/freqtrade/freqtrade/exchange/exchange.py", line 664, in _load_async_markets
    markets = self.loop.run_until_complete(self._api_reload_markets(reload=reload))
              ^^^^^^^^^^^^^^^^^^^^^^^^^^^^^^^^^^^^^^^^^^^^^^^^^^^^^^^^^^^^^^^^^^^^^
  File "/Users/htq/miniconda3/envs/freqtrade311/lib/python3.11/asyncio/base_events.py", line 650, in run_until_complete
    return future.result()
           ^^^^^^^^^^^^^^^
  File "/Users/htq/Desktop/真正的金融/币圈/freqtrade/freqtrade/exchange/exchange.py", line 655, in _api_reload_markets
    raise TemporaryError(
freqtrade.exceptions.TemporaryError: Error in reload_markets due to ExchangeNotAvailable. Message: okx GET https://www.okx.com/api/v5/public/instruments?instType=SPOT
2025-10-15 09:06:59,433 - freqtrade.exchange.exchange - INFO - Couldn't reuse watch for DOGE/USDT, 1h, falling back to REST api. False, 1760490000000, 0, 2025-10-15T01:00:00, 1970-01-01T00:00:00 
2025-10-15 09:06:59,440 - freqtrade.exchange.exchange_ws - ERROR - Exception in continuously_async_watch_ohlcv for DOGE/USDT, 1h
Traceback (most recent call last):
  File "/Users/htq/Desktop/真正的金融/币圈/freqtrade/freqtrade/exchange/exchange_ws.py", line 176, in _continuously_async_watch_ohlcv
    data = await self._ccxt_object.watch_ohlcv(pair, timeframe)
           ^^^^^^^^^^^^^^^^^^^^^^^^^^^^^^^^^^^^^^^^^^^^^^^^^^^^
  File "/Users/htq/miniconda3/envs/freqtrade311/lib/python3.11/site-packages/ccxt/pro/okx.py", line 900, in watch_ohlcv
    ohlcv = await self.subscribe('public', name, name, symbol, params)
            ^^^^^^^^^^^^^^^^^^^^^^^^^^^^^^^^^^^^^^^^^^^^^^^^^^^^^^^^^^
  File "/Users/htq/miniconda3/envs/freqtrade311/lib/python3.11/site-packages/ccxt/pro/okx.py", line 171, in subscribe
    return await self.watch(url, messageHash, request, messageHash)
           ^^^^^^^^^^^^^^^^^^^^^^^^^^^^^^^^^^^^^^^^^^^^^^^^^^^^^^^^
ccxt.base.errors.NetworkError: Cannot connect to host ws.okx.com:8443 ssl:default [Could not contact DNS servers]
2025-10-15 09:06:59,441 - freqtrade.exchange.exchange_ws - INFO - DOGE/USDT, 1h, spot - Task finished - done
2025-10-15 09:06:59,447 - freqtrade.exchange.exchange_ws - ERROR - Exception in _unwatch_ohlcv
Traceback (most recent call last):
  File "/Users/htq/Desktop/真正的金融/币圈/freqtrade/freqtrade/exchange/exchange_ws.py", line 144, in _unwatch_ohlcv
    await self._ccxt_object.un_watch_ohlcv_for_symbols([[pair, timeframe]])
  File "/Users/htq/miniconda3/envs/freqtrade311/lib/python3.11/site-packages/ccxt/pro/okx.py", line 986, in un_watch_ohlcv_for_symbols
    return await self.watch_multiple(url, messageHashes, request, messageHashes)
           ^^^^^^^^^^^^^^^^^^^^^^^^^^^^^^^^^^^^^^^^^^^^^^^^^^^^^^^^^^^^^^^^^^^^^
ccxt.base.errors.NetworkError: Cannot connect to host ws.okx.com:8443 ssl:default [Could not contact DNS servers]
2025-10-15 09:06:59,935 - freqtrade.exchange.common - WARNING - _async_get_candle_history() returned exception: "Could not fetch historical candle (OHLCV) data for DOGE/USDT, 1h, spot due to 
ExchangeNotAvailable. Message: okx GET https://www.okx.com/api/v5/market/candles?instId=DOGE-USDT&bar=1H&limit=300". Retrying still for 4 times.
2025-10-15 09:06:59,990 - freqtrade.exchange.common - WARNING - _async_get_candle_history() returned exception: "Could not fetch historical candle (OHLCV) data for DOGE/USDT, 1h, spot due to 
ExchangeNotAvailable. Message: okx GET https://www.okx.com/api/v5/market/candles?instId=DOGE-USDT&bar=1H&limit=300". Retrying still for 3 times.
2025-10-15 09:07:00,045 - freqtrade.exchange.common - WARNING - _async_get_candle_history() returned exception: "Could not fetch historical candle (OHLCV) data for DOGE/USDT, 1h, spot due to 
ExchangeNotAvailable. Message: okx GET https://www.okx.com/api/v5/market/candles?instId=DOGE-USDT&bar=1H&limit=300". Retrying still for 2 times.
2025-10-15 09:07:00,099 - freqtrade.exchange.common - WARNING - _async_get_candle_history() returned exception: "Could not fetch historical candle (OHLCV) data for DOGE/USDT, 1h, spot due to 
ExchangeNotAvailable. Message: okx GET https://www.okx.com/api/v5/market/candles?instId=DOGE-USDT&bar=1H&limit=300". Retrying still for 1 times.
2025-10-15 09:07:00,161 - freqtrade.exchange.common - WARNING - _async_get_candle_history() returned exception: "Could not fetch historical candle (OHLCV) data for DOGE/USDT, 1h, spot due to 
ExchangeNotAvailable. Message: okx GET https://www.okx.com/api/v5/market/candles?instId=DOGE-USDT&bar=1H&limit=300". Giving up.
2025-10-15 09:07:00,163 - freqtrade.exchange.exchange - WARNING - Async code raised an exception: TemporaryError('Could not fetch historical candle (OHLCV) data for DOGE/USDT, 1h, spot due to 
ExchangeNotAvailable. Message: okx GET https://www.okx.com/api/v5/market/candles?instId=DOGE-USDT&bar=1H&limit=300')
2025-10-15 09:07:00,170 - freqtrade.strategy.interface - WARNING - Outdated history for pair DOGE/USDT. Last tick is 127 minutes old
2025-10-15 09:07:04,432 - freqtrade.exchange.common - WARNING - _load_async_markets() returned exception: "Error in reload_markets due to ExchangeNotAvailable. Message: okx GET 
https://www.okx.com/api/v5/public/instruments?instType=SPOT". Giving up.
2025-10-15 09:07:04,433 - freqtrade.exchange.exchange - ERROR - Could not load markets.
Traceback (most recent call last):
  File "/Users/htq/miniconda3/envs/freqtrade311/lib/python3.11/site-packages/aiohttp/connector.py", line 1432, in _start_tls_connection
    tls_transport = await self._loop.start_tls(
                    ^^^^^^^^^^^^^^^^^^^^^^^^^^^
  File "/Users/htq/miniconda3/envs/freqtrade311/lib/python3.11/asyncio/base_events.py", line 1253, in start_tls
    await waiter
  File "/Users/htq/miniconda3/envs/freqtrade311/lib/python3.11/asyncio/selector_events.py", line 962, in _read_ready__get_buffer
    nbytes = self._sock.recv_into(buf)
             ^^^^^^^^^^^^^^^^^^^^^^^^^
ConnectionResetError: [Errno 54] Connection reset by peer

The above exception was the direct cause of the following exception:

Traceback (most recent call last):
  File "/Users/htq/miniconda3/envs/freqtrade311/lib/python3.11/site-packages/ccxt/async_support/base/exchange.py", line 217, in fetch
    async with session_method(yarl.URL(url, encoded=True),
  File "/Users/htq/miniconda3/envs/freqtrade311/lib/python3.11/site-packages/aiohttp/client.py", line 1488, in __aenter__
    self._resp: _RetType = await self._coro
                           ^^^^^^^^^^^^^^^^
  File "/Users/htq/miniconda3/envs/freqtrade311/lib/python3.11/site-packages/aiohttp/client.py", line 770, in _request
    resp = await handler(req)
           ^^^^^^^^^^^^^^^^^^
  File "/Users/htq/miniconda3/envs/freqtrade311/lib/python3.11/site-packages/aiohttp/client.py", line 725, in _connect_and_send_request
    conn = await self._connector.connect(
           ^^^^^^^^^^^^^^^^^^^^^^^^^^^^^^
  File "/Users/htq/miniconda3/envs/freqtrade311/lib/python3.11/site-packages/aiohttp/connector.py", line 642, in connect
    proto = await self._create_connection(req, traces, timeout)
            ^^^^^^^^^^^^^^^^^^^^^^^^^^^^^^^^^^^^^^^^^^^^^^^^^^^
  File "/Users/htq/miniconda3/envs/freqtrade311/lib/python3.11/site-packages/aiohttp/connector.py", line 1207, in _create_connection
    _, proto = await self._create_proxy_connection(req, traces, timeout)
               ^^^^^^^^^^^^^^^^^^^^^^^^^^^^^^^^^^^^^^^^^^^^^^^^^^^^^^^^^
  File "/Users/htq/miniconda3/envs/freqtrade311/lib/python3.11/site-packages/aiohttp/connector.py", line 1697, in _create_proxy_connection
    return await self._start_tls_connection(
           ^^^^^^^^^^^^^^^^^^^^^^^^^^^^^^^^^
  File "/Users/htq/miniconda3/envs/freqtrade311/lib/python3.11/site-packages/aiohttp/connector.py", line 1465, in _start_tls_connection
    raise client_error(req.connection_key, exc) from exc
aiohttp.client_exceptions.ClientConnectorError: Cannot connect to host www.okx.com:443 ssl:default [Connection reset by peer]

The above exception was the direct cause of the following exception:

Traceback (most recent call last):
  File "/Users/htq/Desktop/真正的金融/币圈/freqtrade/freqtrade/exchange/exchange.py", line 651, in _api_reload_markets
    await self._api_async.load_markets(reload=reload, params={})
  File "/Users/htq/miniconda3/envs/freqtrade311/lib/python3.11/site-packages/ccxt/async_support/base/exchange.py", line 338, in load_markets
    raise e
  File "/Users/htq/miniconda3/envs/freqtrade311/lib/python3.11/site-packages/ccxt/async_support/base/exchange.py", line 330, in load_markets
    result = await self.markets_loading
             ^^^^^^^^^^^^^^^^^^^^^^^^^^
  File "/Users/htq/miniconda3/envs/freqtrade311/lib/python3.11/site-packages/ccxt/async_support/base/exchange.py", line 297, in load_markets_helper
    markets = await self.fetch_markets(params)
              ^^^^^^^^^^^^^^^^^^^^^^^^^^^^^^^^
  File "/Users/htq/miniconda3/envs/freqtrade311/lib/python3.11/site-packages/ccxt/async_support/okx.py", line 1576, in fetch_markets
    promises = await asyncio.gather(*promises)
               ^^^^^^^^^^^^^^^^^^^^^^^^^^^^^^^
  File "/Users/htq/miniconda3/envs/freqtrade311/lib/python3.11/site-packages/ccxt/async_support/okx.py", line 1744, in fetch_markets_by_type
    response = await self.publicGetPublicInstruments(self.extend(request, params))
               ^^^^^^^^^^^^^^^^^^^^^^^^^^^^^^^^^^^^^^^^^^^^^^^^^^^^^^^^^^^^^^^^^^^
  File "/Users/htq/miniconda3/envs/freqtrade311/lib/python3.11/site-packages/ccxt/async_support/base/exchange.py", line 978, in request
    return await self.fetch2(path, api, method, params, headers, body, config)
           ^^^^^^^^^^^^^^^^^^^^^^^^^^^^^^^^^^^^^^^^^^^^^^^^^^^^^^^^^^^^^^^^^^^
  File "/Users/htq/miniconda3/envs/freqtrade311/lib/python3.11/site-packages/ccxt/async_support/base/exchange.py", line 972, in fetch2
    raise e
  File "/Users/htq/miniconda3/envs/freqtrade311/lib/python3.11/site-packages/ccxt/async_support/base/exchange.py", line 963, in fetch2
    return await self.fetch(request['url'], request['method'], request['headers'], request['body'])
           ^^^^^^^^^^^^^^^^^^^^^^^^^^^^^^^^^^^^^^^^^^^^^^^^^^^^^^^^^^^^^^^^^^^^^^^^^^^^^^^^^^^^^^^^
  File "/Users/htq/miniconda3/envs/freqtrade311/lib/python3.11/site-packages/ccxt/async_support/base/exchange.py", line 257, in fetch
    raise ExchangeNotAvailable(details) from e
ccxt.base.errors.ExchangeNotAvailable: okx GET https://www.okx.com/api/v5/public/instruments?instType=SPOT

The above exception was the direct cause of the following exception:

Traceback (most recent call last):
  File "/Users/htq/Desktop/真正的金融/币圈/freqtrade/freqtrade/exchange/exchange.py", line 691, in reload_markets
    retrier(self._load_async_markets, retries=retries)(reload=True)
  File "/Users/htq/Desktop/真正的金融/币圈/freqtrade/freqtrade/exchange/common.py", line 187, in wrapper
    raise ex
  File "/Users/htq/Desktop/真正的金融/币圈/freqtrade/freqtrade/exchange/common.py", line 172, in wrapper
    return f(*args, **kwargs)
           ^^^^^^^^^^^^^^^^^^
  File "/Users/htq/Desktop/真正的金融/币圈/freqtrade/freqtrade/exchange/exchange.py", line 664, in _load_async_markets
    markets = self.loop.run_until_complete(self._api_reload_markets(reload=reload))
              ^^^^^^^^^^^^^^^^^^^^^^^^^^^^^^^^^^^^^^^^^^^^^^^^^^^^^^^^^^^^^^^^^^^^^
  File "/Users/htq/miniconda3/envs/freqtrade311/lib/python3.11/asyncio/base_events.py", line 650, in run_until_complete
    return future.result()
           ^^^^^^^^^^^^^^^
  File "/Users/htq/Desktop/真正的金融/币圈/freqtrade/freqtrade/exchange/exchange.py", line 655, in _api_reload_markets
    raise TemporaryError(
freqtrade.exceptions.TemporaryError: Error in reload_markets due to ExchangeNotAvailable. Message: okx GET https://www.okx.com/api/v5/public/instruments?instType=SPOT
2025-10-15 09:07:04,452 - freqtrade.exchange.exchange - INFO - Couldn't reuse watch for DOGE/USDT, 1h, falling back to REST api. False, 1760490000000, 0, 2025-10-15T01:00:00, 1970-01-01T00:00:00 
2025-10-15 09:07:04,460 - freqtrade.exchange.exchange_ws - ERROR - Exception in continuously_async_watch_ohlcv for DOGE/USDT, 1h
Traceback (most recent call last):
  File "/Users/htq/Desktop/真正的金融/币圈/freqtrade/freqtrade/exchange/exchange_ws.py", line 176, in _continuously_async_watch_ohlcv
    data = await self._ccxt_object.watch_ohlcv(pair, timeframe)
           ^^^^^^^^^^^^^^^^^^^^^^^^^^^^^^^^^^^^^^^^^^^^^^^^^^^^
  File "/Users/htq/miniconda3/envs/freqtrade311/lib/python3.11/site-packages/ccxt/pro/okx.py", line 900, in watch_ohlcv
    ohlcv = await self.subscribe('public', name, name, symbol, params)
            ^^^^^^^^^^^^^^^^^^^^^^^^^^^^^^^^^^^^^^^^^^^^^^^^^^^^^^^^^^
  File "/Users/htq/miniconda3/envs/freqtrade311/lib/python3.11/site-packages/ccxt/pro/okx.py", line 171, in subscribe
    return await self.watch(url, messageHash, request, messageHash)
           ^^^^^^^^^^^^^^^^^^^^^^^^^^^^^^^^^^^^^^^^^^^^^^^^^^^^^^^^
ccxt.base.errors.NetworkError: Cannot connect to host ws.okx.com:8443 ssl:default [Could not contact DNS servers]
2025-10-15 09:07:04,461 - freqtrade.exchange.exchange_ws - INFO - DOGE/USDT, 1h, spot - Task finished - done
2025-10-15 09:07:04,467 - freqtrade.exchange.exchange_ws - ERROR - Exception in _unwatch_ohlcv
Traceback (most recent call last):
  File "/Users/htq/Desktop/真正的金融/币圈/freqtrade/freqtrade/exchange/exchange_ws.py", line 144, in _unwatch_ohlcv
    await self._ccxt_object.un_watch_ohlcv_for_symbols([[pair, timeframe]])
  File "/Users/htq/miniconda3/envs/freqtrade311/lib/python3.11/site-packages/ccxt/pro/okx.py", line 986, in un_watch_ohlcv_for_symbols
    return await self.watch_multiple(url, messageHashes, request, messageHashes)
           ^^^^^^^^^^^^^^^^^^^^^^^^^^^^^^^^^^^^^^^^^^^^^^^^^^^^^^^^^^^^^^^^^^^^^
ccxt.base.errors.NetworkError: Cannot connect to host ws.okx.com:8443 ssl:default [Could not contact DNS servers]
2025-10-15 09:07:04,941 - freqtrade.exchange.common - WARNING - _async_get_candle_history() returned exception: "Could not fetch historical candle (OHLCV) data for DOGE/USDT, 1h, spot due to 
ExchangeNotAvailable. Message: okx GET https://www.okx.com/api/v5/market/candles?instId=DOGE-USDT&bar=1H&limit=300". Retrying still for 4 times.
2025-10-15 09:07:04,995 - freqtrade.exchange.common - WARNING - _async_get_candle_history() returned exception: "Could not fetch historical candle (OHLCV) data for DOGE/USDT, 1h, spot due to 
ExchangeNotAvailable. Message: okx GET https://www.okx.com/api/v5/market/candles?instId=DOGE-USDT&bar=1H&limit=300". Retrying still for 3 times.
2025-10-15 09:07:05,048 - freqtrade.exchange.common - WARNING - _async_get_candle_history() returned exception: "Could not fetch historical candle (OHLCV) data for DOGE/USDT, 1h, spot due to 
ExchangeNotAvailable. Message: okx GET https://www.okx.com/api/v5/market/candles?instId=DOGE-USDT&bar=1H&limit=300". Retrying still for 2 times.
2025-10-15 09:07:05,102 - freqtrade.exchange.common - WARNING - _async_get_candle_history() returned exception: "Could not fetch historical candle (OHLCV) data for DOGE/USDT, 1h, spot due to 
ExchangeNotAvailable. Message: okx GET https://www.okx.com/api/v5/market/candles?instId=DOGE-USDT&bar=1H&limit=300". Retrying still for 1 times.
2025-10-15 09:07:05,156 - freqtrade.exchange.common - WARNING - _async_get_candle_history() returned exception: "Could not fetch historical candle (OHLCV) data for DOGE/USDT, 1h, spot due to 
ExchangeNotAvailable. Message: okx GET https://www.okx.com/api/v5/market/candles?instId=DOGE-USDT&bar=1H&limit=300". Giving up.
2025-10-15 09:07:05,157 - freqtrade.exchange.exchange - WARNING - Async code raised an exception: TemporaryError('Could not fetch historical candle (OHLCV) data for DOGE/USDT, 1h, spot due to 
ExchangeNotAvailable. Message: okx GET https://www.okx.com/api/v5/market/candles?instId=DOGE-USDT&bar=1H&limit=300')
2025-10-15 09:07:05,161 - freqtrade.strategy.interface - WARNING - Outdated history for pair DOGE/USDT. Last tick is 127 minutes old
2025-10-15 09:07:09,430 - freqtrade.exchange.common - WARNING - _load_async_markets() returned exception: "Error in reload_markets due to ExchangeNotAvailable. Message: okx GET 
https://www.okx.com/api/v5/public/instruments?instType=SPOT". Giving up.
2025-10-15 09:07:09,431 - freqtrade.exchange.exchange - ERROR - Could not load markets.
Traceback (most recent call last):
  File "/Users/htq/miniconda3/envs/freqtrade311/lib/python3.11/site-packages/aiohttp/connector.py", line 1432, in _start_tls_connection
    tls_transport = await self._loop.start_tls(
                    ^^^^^^^^^^^^^^^^^^^^^^^^^^^
  File "/Users/htq/miniconda3/envs/freqtrade311/lib/python3.11/asyncio/base_events.py", line 1253, in start_tls
    await waiter
  File "/Users/htq/miniconda3/envs/freqtrade311/lib/python3.11/asyncio/selector_events.py", line 962, in _read_ready__get_buffer
    nbytes = self._sock.recv_into(buf)
             ^^^^^^^^^^^^^^^^^^^^^^^^^
ConnectionResetError: [Errno 54] Connection reset by peer

The above exception was the direct cause of the following exception:

Traceback (most recent call last):
  File "/Users/htq/miniconda3/envs/freqtrade311/lib/python3.11/site-packages/ccxt/async_support/base/exchange.py", line 217, in fetch
    async with session_method(yarl.URL(url, encoded=True),
  File "/Users/htq/miniconda3/envs/freqtrade311/lib/python3.11/site-packages/aiohttp/client.py", line 1488, in __aenter__
    self._resp: _RetType = await self._coro
                           ^^^^^^^^^^^^^^^^
  File "/Users/htq/miniconda3/envs/freqtrade311/lib/python3.11/site-packages/aiohttp/client.py", line 770, in _request
    resp = await handler(req)
           ^^^^^^^^^^^^^^^^^^
  File "/Users/htq/miniconda3/envs/freqtrade311/lib/python3.11/site-packages/aiohttp/client.py", line 725, in _connect_and_send_request
    conn = await self._connector.connect(
           ^^^^^^^^^^^^^^^^^^^^^^^^^^^^^^
  File "/Users/htq/miniconda3/envs/freqtrade311/lib/python3.11/site-packages/aiohttp/connector.py", line 642, in connect
    proto = await self._create_connection(req, traces, timeout)
            ^^^^^^^^^^^^^^^^^^^^^^^^^^^^^^^^^^^^^^^^^^^^^^^^^^^
  File "/Users/htq/miniconda3/envs/freqtrade311/lib/python3.11/site-packages/aiohttp/connector.py", line 1207, in _create_connection
    _, proto = await self._create_proxy_connection(req, traces, timeout)
               ^^^^^^^^^^^^^^^^^^^^^^^^^^^^^^^^^^^^^^^^^^^^^^^^^^^^^^^^^
  File "/Users/htq/miniconda3/envs/freqtrade311/lib/python3.11/site-packages/aiohttp/connector.py", line 1697, in _create_proxy_connection
    return await self._start_tls_connection(
           ^^^^^^^^^^^^^^^^^^^^^^^^^^^^^^^^^
  File "/Users/htq/miniconda3/envs/freqtrade311/lib/python3.11/site-packages/aiohttp/connector.py", line 1465, in _start_tls_connection
    raise client_error(req.connection_key, exc) from exc
aiohttp.client_exceptions.ClientConnectorError: Cannot connect to host www.okx.com:443 ssl:default [Connection reset by peer]

The above exception was the direct cause of the following exception:

Traceback (most recent call last):
  File "/Users/htq/Desktop/真正的金融/币圈/freqtrade/freqtrade/exchange/exchange.py", line 651, in _api_reload_markets
    await self._api_async.load_markets(reload=reload, params={})
  File "/Users/htq/miniconda3/envs/freqtrade311/lib/python3.11/site-packages/ccxt/async_support/base/exchange.py", line 338, in load_markets
    raise e
  File "/Users/htq/miniconda3/envs/freqtrade311/lib/python3.11/site-packages/ccxt/async_support/base/exchange.py", line 330, in load_markets
    result = await self.markets_loading
             ^^^^^^^^^^^^^^^^^^^^^^^^^^
  File "/Users/htq/miniconda3/envs/freqtrade311/lib/python3.11/site-packages/ccxt/async_support/base/exchange.py", line 297, in load_markets_helper
    markets = await self.fetch_markets(params)
              ^^^^^^^^^^^^^^^^^^^^^^^^^^^^^^^^
  File "/Users/htq/miniconda3/envs/freqtrade311/lib/python3.11/site-packages/ccxt/async_support/okx.py", line 1576, in fetch_markets
    promises = await asyncio.gather(*promises)
               ^^^^^^^^^^^^^^^^^^^^^^^^^^^^^^^
  File "/Users/htq/miniconda3/envs/freqtrade311/lib/python3.11/site-packages/ccxt/async_support/okx.py", line 1744, in fetch_markets_by_type
    response = await self.publicGetPublicInstruments(self.extend(request, params))
               ^^^^^^^^^^^^^^^^^^^^^^^^^^^^^^^^^^^^^^^^^^^^^^^^^^^^^^^^^^^^^^^^^^^
  File "/Users/htq/miniconda3/envs/freqtrade311/lib/python3.11/site-packages/ccxt/async_support/base/exchange.py", line 978, in request
    return await self.fetch2(path, api, method, params, headers, body, config)
           ^^^^^^^^^^^^^^^^^^^^^^^^^^^^^^^^^^^^^^^^^^^^^^^^^^^^^^^^^^^^^^^^^^^
  File "/Users/htq/miniconda3/envs/freqtrade311/lib/python3.11/site-packages/ccxt/async_support/base/exchange.py", line 972, in fetch2
    raise e
  File "/Users/htq/miniconda3/envs/freqtrade311/lib/python3.11/site-packages/ccxt/async_support/base/exchange.py", line 963, in fetch2
    return await self.fetch(request['url'], request['method'], request['headers'], request['body'])
           ^^^^^^^^^^^^^^^^^^^^^^^^^^^^^^^^^^^^^^^^^^^^^^^^^^^^^^^^^^^^^^^^^^^^^^^^^^^^^^^^^^^^^^^^
  File "/Users/htq/miniconda3/envs/freqtrade311/lib/python3.11/site-packages/ccxt/async_support/base/exchange.py", line 257, in fetch
    raise ExchangeNotAvailable(details) from e
ccxt.base.errors.ExchangeNotAvailable: okx GET https://www.okx.com/api/v5/public/instruments?instType=SPOT

The above exception was the direct cause of the following exception:

Traceback (most recent call last):
  File "/Users/htq/Desktop/真正的金融/币圈/freqtrade/freqtrade/exchange/exchange.py", line 691, in reload_markets
    retrier(self._load_async_markets, retries=retries)(reload=True)
  File "/Users/htq/Desktop/真正的金融/币圈/freqtrade/freqtrade/exchange/common.py", line 187, in wrapper
    raise ex
  File "/Users/htq/Desktop/真正的金融/币圈/freqtrade/freqtrade/exchange/common.py", line 172, in wrapper
    return f(*args, **kwargs)
           ^^^^^^^^^^^^^^^^^^
  File "/Users/htq/Desktop/真正的金融/币圈/freqtrade/freqtrade/exchange/exchange.py", line 664, in _load_async_markets
    markets = self.loop.run_until_complete(self._api_reload_markets(reload=reload))
              ^^^^^^^^^^^^^^^^^^^^^^^^^^^^^^^^^^^^^^^^^^^^^^^^^^^^^^^^^^^^^^^^^^^^^
  File "/Users/htq/miniconda3/envs/freqtrade311/lib/python3.11/asyncio/base_events.py", line 650, in run_until_complete
    return future.result()
           ^^^^^^^^^^^^^^^
  File "/Users/htq/Desktop/真正的金融/币圈/freqtrade/freqtrade/exchange/exchange.py", line 655, in _api_reload_markets
    raise TemporaryError(
freqtrade.exceptions.TemporaryError: Error in reload_markets due to ExchangeNotAvailable. Message: okx GET https://www.okx.com/api/v5/public/instruments?instType=SPOT
2025-10-15 09:07:09,442 - freqtrade.exchange.exchange - INFO - Couldn't reuse watch for DOGE/USDT, 1h, falling back to REST api. False, 1760490000000, 0, 2025-10-15T01:00:00, 1970-01-01T00:00:00 
2025-10-15 09:07:09,450 - freqtrade.exchange.exchange_ws - ERROR - Exception in continuously_async_watch_ohlcv for DOGE/USDT, 1h
Traceback (most recent call last):
  File "/Users/htq/Desktop/真正的金融/币圈/freqtrade/freqtrade/exchange/exchange_ws.py", line 176, in _continuously_async_watch_ohlcv
    data = await self._ccxt_object.watch_ohlcv(pair, timeframe)
           ^^^^^^^^^^^^^^^^^^^^^^^^^^^^^^^^^^^^^^^^^^^^^^^^^^^^
  File "/Users/htq/miniconda3/envs/freqtrade311/lib/python3.11/site-packages/ccxt/pro/okx.py", line 900, in watch_ohlcv
    ohlcv = await self.subscribe('public', name, name, symbol, params)
            ^^^^^^^^^^^^^^^^^^^^^^^^^^^^^^^^^^^^^^^^^^^^^^^^^^^^^^^^^^
  File "/Users/htq/miniconda3/envs/freqtrade311/lib/python3.11/site-packages/ccxt/pro/okx.py", line 171, in subscribe
    return await self.watch(url, messageHash, request, messageHash)
           ^^^^^^^^^^^^^^^^^^^^^^^^^^^^^^^^^^^^^^^^^^^^^^^^^^^^^^^^
ccxt.base.errors.NetworkError: Cannot connect to host ws.okx.com:8443 ssl:default [Could not contact DNS servers]
2025-10-15 09:07:09,451 - freqtrade.exchange.exchange_ws - INFO - DOGE/USDT, 1h, spot - Task finished - done
2025-10-15 09:07:09,458 - freqtrade.exchange.exchange_ws - ERROR - Exception in _unwatch_ohlcv
Traceback (most recent call last):
  File "/Users/htq/Desktop/真正的金融/币圈/freqtrade/freqtrade/exchange/exchange_ws.py", line 144, in _unwatch_ohlcv
    await self._ccxt_object.un_watch_ohlcv_for_symbols([[pair, timeframe]])
  File "/Users/htq/miniconda3/envs/freqtrade311/lib/python3.11/site-packages/ccxt/pro/okx.py", line 986, in un_watch_ohlcv_for_symbols
    return await self.watch_multiple(url, messageHashes, request, messageHashes)
           ^^^^^^^^^^^^^^^^^^^^^^^^^^^^^^^^^^^^^^^^^^^^^^^^^^^^^^^^^^^^^^^^^^^^^
ccxt.base.errors.NetworkError: Cannot connect to host ws.okx.com:8443 ssl:default [Could not contact DNS servers]
2025-10-15 09:07:09,943 - freqtrade.exchange.common - WARNING - _async_get_candle_history() returned exception: "Could not fetch historical candle (OHLCV) data for DOGE/USDT, 1h, spot due to 
ExchangeNotAvailable. Message: okx GET https://www.okx.com/api/v5/market/candles?instId=DOGE-USDT&bar=1H&limit=300". Retrying still for 4 times.
2025-10-15 09:07:09,997 - freqtrade.exchange.common - WARNING - _async_get_candle_history() returned exception: "Could not fetch historical candle (OHLCV) data for DOGE/USDT, 1h, spot due to 
ExchangeNotAvailable. Message: okx GET https://www.okx.com/api/v5/market/candles?instId=DOGE-USDT&bar=1H&limit=300". Retrying still for 3 times.
2025-10-15 09:07:10,053 - freqtrade.exchange.common - WARNING - _async_get_candle_history() returned exception: "Could not fetch historical candle (OHLCV) data for DOGE/USDT, 1h, spot due to 
ExchangeNotAvailable. Message: okx GET https://www.okx.com/api/v5/market/candles?instId=DOGE-USDT&bar=1H&limit=300". Retrying still for 2 times.
2025-10-15 09:07:10,107 - freqtrade.exchange.common - WARNING - _async_get_candle_history() returned exception: "Could not fetch historical candle (OHLCV) data for DOGE/USDT, 1h, spot due to 
ExchangeNotAvailable. Message: okx GET https://www.okx.com/api/v5/market/candles?instId=DOGE-USDT&bar=1H&limit=300". Retrying still for 1 times.
2025-10-15 09:07:10,162 - freqtrade.exchange.common - WARNING - _async_get_candle_history() returned exception: "Could not fetch historical candle (OHLCV) data for DOGE/USDT, 1h, spot due to 
ExchangeNotAvailable. Message: okx GET https://www.okx.com/api/v5/market/candles?instId=DOGE-USDT&bar=1H&limit=300". Giving up.
2025-10-15 09:07:10,162 - freqtrade.exchange.exchange - WARNING - Async code raised an exception: TemporaryError('Could not fetch historical candle (OHLCV) data for DOGE/USDT, 1h, spot due to 
ExchangeNotAvailable. Message: okx GET https://www.okx.com/api/v5/market/candles?instId=DOGE-USDT&bar=1H&limit=300')
2025-10-15 09:07:10,167 - freqtrade.strategy.interface - WARNING - Outdated history for pair DOGE/USDT. Last tick is 127 minutes old
2025-10-15 09:07:14,434 - freqtrade.exchange.common - WARNING - _load_async_markets() returned exception: "Error in reload_markets due to ExchangeNotAvailable. Message: okx GET 
https://www.okx.com/api/v5/public/instruments?instType=SPOT". Giving up.
2025-10-15 09:07:14,435 - freqtrade.exchange.exchange - ERROR - Could not load markets.
Traceback (most recent call last):
  File "/Users/htq/miniconda3/envs/freqtrade311/lib/python3.11/site-packages/aiohttp/connector.py", line 1432, in _start_tls_connection
    tls_transport = await self._loop.start_tls(
                    ^^^^^^^^^^^^^^^^^^^^^^^^^^^
  File "/Users/htq/miniconda3/envs/freqtrade311/lib/python3.11/asyncio/base_events.py", line 1253, in start_tls
    await waiter
  File "/Users/htq/miniconda3/envs/freqtrade311/lib/python3.11/asyncio/selector_events.py", line 962, in _read_ready__get_buffer
    nbytes = self._sock.recv_into(buf)
             ^^^^^^^^^^^^^^^^^^^^^^^^^
ConnectionResetError: [Errno 54] Connection reset by peer

The above exception was the direct cause of the following exception:

Traceback (most recent call last):
  File "/Users/htq/miniconda3/envs/freqtrade311/lib/python3.11/site-packages/ccxt/async_support/base/exchange.py", line 217, in fetch
    async with session_method(yarl.URL(url, encoded=True),
  File "/Users/htq/miniconda3/envs/freqtrade311/lib/python3.11/site-packages/aiohttp/client.py", line 1488, in __aenter__
    self._resp: _RetType = await self._coro
                           ^^^^^^^^^^^^^^^^
  File "/Users/htq/miniconda3/envs/freqtrade311/lib/python3.11/site-packages/aiohttp/client.py", line 770, in _request
    resp = await handler(req)
           ^^^^^^^^^^^^^^^^^^
  File "/Users/htq/miniconda3/envs/freqtrade311/lib/python3.11/site-packages/aiohttp/client.py", line 725, in _connect_and_send_request
    conn = await self._connector.connect(
           ^^^^^^^^^^^^^^^^^^^^^^^^^^^^^^
  File "/Users/htq/miniconda3/envs/freqtrade311/lib/python3.11/site-packages/aiohttp/connector.py", line 642, in connect
    proto = await self._create_connection(req, traces, timeout)
            ^^^^^^^^^^^^^^^^^^^^^^^^^^^^^^^^^^^^^^^^^^^^^^^^^^^
  File "/Users/htq/miniconda3/envs/freqtrade311/lib/python3.11/site-packages/aiohttp/connector.py", line 1207, in _create_connection
    _, proto = await self._create_proxy_connection(req, traces, timeout)
               ^^^^^^^^^^^^^^^^^^^^^^^^^^^^^^^^^^^^^^^^^^^^^^^^^^^^^^^^^
  File "/Users/htq/miniconda3/envs/freqtrade311/lib/python3.11/site-packages/aiohttp/connector.py", line 1697, in _create_proxy_connection
    return await self._start_tls_connection(
           ^^^^^^^^^^^^^^^^^^^^^^^^^^^^^^^^^
  File "/Users/htq/miniconda3/envs/freqtrade311/lib/python3.11/site-packages/aiohttp/connector.py", line 1465, in _start_tls_connection
    raise client_error(req.connection_key, exc) from exc
aiohttp.client_exceptions.ClientConnectorError: Cannot connect to host www.okx.com:443 ssl:default [Connection reset by peer]

The above exception was the direct cause of the following exception:

Traceback (most recent call last):
  File "/Users/htq/Desktop/真正的金融/币圈/freqtrade/freqtrade/exchange/exchange.py", line 651, in _api_reload_markets
    await self._api_async.load_markets(reload=reload, params={})
  File "/Users/htq/miniconda3/envs/freqtrade311/lib/python3.11/site-packages/ccxt/async_support/base/exchange.py", line 338, in load_markets
    raise e
  File "/Users/htq/miniconda3/envs/freqtrade311/lib/python3.11/site-packages/ccxt/async_support/base/exchange.py", line 330, in load_markets
    result = await self.markets_loading
             ^^^^^^^^^^^^^^^^^^^^^^^^^^
  File "/Users/htq/miniconda3/envs/freqtrade311/lib/python3.11/site-packages/ccxt/async_support/base/exchange.py", line 297, in load_markets_helper
    markets = await self.fetch_markets(params)
              ^^^^^^^^^^^^^^^^^^^^^^^^^^^^^^^^
  File "/Users/htq/miniconda3/envs/freqtrade311/lib/python3.11/site-packages/ccxt/async_support/okx.py", line 1576, in fetch_markets
    promises = await asyncio.gather(*promises)
               ^^^^^^^^^^^^^^^^^^^^^^^^^^^^^^^
  File "/Users/htq/miniconda3/envs/freqtrade311/lib/python3.11/site-packages/ccxt/async_support/okx.py", line 1744, in fetch_markets_by_type
    response = await self.publicGetPublicInstruments(self.extend(request, params))
               ^^^^^^^^^^^^^^^^^^^^^^^^^^^^^^^^^^^^^^^^^^^^^^^^^^^^^^^^^^^^^^^^^^^
  File "/Users/htq/miniconda3/envs/freqtrade311/lib/python3.11/site-packages/ccxt/async_support/base/exchange.py", line 978, in request
    return await self.fetch2(path, api, method, params, headers, body, config)
           ^^^^^^^^^^^^^^^^^^^^^^^^^^^^^^^^^^^^^^^^^^^^^^^^^^^^^^^^^^^^^^^^^^^
  File "/Users/htq/miniconda3/envs/freqtrade311/lib/python3.11/site-packages/ccxt/async_support/base/exchange.py", line 972, in fetch2
    raise e
  File "/Users/htq/miniconda3/envs/freqtrade311/lib/python3.11/site-packages/ccxt/async_support/base/exchange.py", line 963, in fetch2
    return await self.fetch(request['url'], request['method'], request['headers'], request['body'])
           ^^^^^^^^^^^^^^^^^^^^^^^^^^^^^^^^^^^^^^^^^^^^^^^^^^^^^^^^^^^^^^^^^^^^^^^^^^^^^^^^^^^^^^^^
  File "/Users/htq/miniconda3/envs/freqtrade311/lib/python3.11/site-packages/ccxt/async_support/base/exchange.py", line 257, in fetch
    raise ExchangeNotAvailable(details) from e
ccxt.base.errors.ExchangeNotAvailable: okx GET https://www.okx.com/api/v5/public/instruments?instType=SPOT

The above exception was the direct cause of the following exception:

Traceback (most recent call last):
  File "/Users/htq/Desktop/真正的金融/币圈/freqtrade/freqtrade/exchange/exchange.py", line 691, in reload_markets
    retrier(self._load_async_markets, retries=retries)(reload=True)
  File "/Users/htq/Desktop/真正的金融/币圈/freqtrade/freqtrade/exchange/common.py", line 187, in wrapper
    raise ex
  File "/Users/htq/Desktop/真正的金融/币圈/freqtrade/freqtrade/exchange/common.py", line 172, in wrapper
    return f(*args, **kwargs)
           ^^^^^^^^^^^^^^^^^^
  File "/Users/htq/Desktop/真正的金融/币圈/freqtrade/freqtrade/exchange/exchange.py", line 664, in _load_async_markets
    markets = self.loop.run_until_complete(self._api_reload_markets(reload=reload))
              ^^^^^^^^^^^^^^^^^^^^^^^^^^^^^^^^^^^^^^^^^^^^^^^^^^^^^^^^^^^^^^^^^^^^^
  File "/Users/htq/miniconda3/envs/freqtrade311/lib/python3.11/asyncio/base_events.py", line 650, in run_until_complete
    return future.result()
           ^^^^^^^^^^^^^^^
  File "/Users/htq/Desktop/真正的金融/币圈/freqtrade/freqtrade/exchange/exchange.py", line 655, in _api_reload_markets
    raise TemporaryError(
freqtrade.exceptions.TemporaryError: Error in reload_markets due to ExchangeNotAvailable. Message: okx GET https://www.okx.com/api/v5/public/instruments?instType=SPOT
2025-10-15 09:07:14,447 - freqtrade.exchange.exchange - INFO - Couldn't reuse watch for DOGE/USDT, 1h, falling back to REST api. False, 1760490000000, 0, 2025-10-15T01:00:00, 1970-01-01T00:00:00 
2025-10-15 09:07:14,454 - freqtrade.exchange.exchange_ws - ERROR - Exception in continuously_async_watch_ohlcv for DOGE/USDT, 1h
Traceback (most recent call last):
  File "/Users/htq/Desktop/真正的金融/币圈/freqtrade/freqtrade/exchange/exchange_ws.py", line 176, in _continuously_async_watch_ohlcv
    data = await self._ccxt_object.watch_ohlcv(pair, timeframe)
           ^^^^^^^^^^^^^^^^^^^^^^^^^^^^^^^^^^^^^^^^^^^^^^^^^^^^
  File "/Users/htq/miniconda3/envs/freqtrade311/lib/python3.11/site-packages/ccxt/pro/okx.py", line 900, in watch_ohlcv
    ohlcv = await self.subscribe('public', name, name, symbol, params)
            ^^^^^^^^^^^^^^^^^^^^^^^^^^^^^^^^^^^^^^^^^^^^^^^^^^^^^^^^^^
  File "/Users/htq/miniconda3/envs/freqtrade311/lib/python3.11/site-packages/ccxt/pro/okx.py", line 171, in subscribe
    return await self.watch(url, messageHash, request, messageHash)
           ^^^^^^^^^^^^^^^^^^^^^^^^^^^^^^^^^^^^^^^^^^^^^^^^^^^^^^^^
ccxt.base.errors.NetworkError: Cannot connect to host ws.okx.com:8443 ssl:default [Could not contact DNS servers]
2025-10-15 09:07:14,455 - freqtrade.exchange.exchange_ws - INFO - DOGE/USDT, 1h, spot - Task finished - done
2025-10-15 09:07:14,462 - freqtrade.exchange.exchange_ws - ERROR - Exception in _unwatch_ohlcv
Traceback (most recent call last):
  File "/Users/htq/Desktop/真正的金融/币圈/freqtrade/freqtrade/exchange/exchange_ws.py", line 144, in _unwatch_ohlcv
    await self._ccxt_object.un_watch_ohlcv_for_symbols([[pair, timeframe]])
  File "/Users/htq/miniconda3/envs/freqtrade311/lib/python3.11/site-packages/ccxt/pro/okx.py", line 986, in un_watch_ohlcv_for_symbols
    return await self.watch_multiple(url, messageHashes, request, messageHashes)
           ^^^^^^^^^^^^^^^^^^^^^^^^^^^^^^^^^^^^^^^^^^^^^^^^^^^^^^^^^^^^^^^^^^^^^
ccxt.base.errors.NetworkError: Cannot connect to host ws.okx.com:8443 ssl:default [Could not contact DNS servers]
2025-10-15 09:07:14,948 - freqtrade.exchange.common - WARNING - _async_get_candle_history() returned exception: "Could not fetch historical candle (OHLCV) data for DOGE/USDT, 1h, spot due to 
ExchangeNotAvailable. Message: okx GET https://www.okx.com/api/v5/market/candles?instId=DOGE-USDT&bar=1H&limit=300". Retrying still for 4 times.
2025-10-15 09:07:15,003 - freqtrade.exchange.common - WARNING - _async_get_candle_history() returned exception: "Could not fetch historical candle (OHLCV) data for DOGE/USDT, 1h, spot due to 
ExchangeNotAvailable. Message: okx GET https://www.okx.com/api/v5/market/candles?instId=DOGE-USDT&bar=1H&limit=300". Retrying still for 3 times.
2025-10-15 09:07:15,058 - freqtrade.exchange.common - WARNING - _async_get_candle_history() returned exception: "Could not fetch historical candle (OHLCV) data for DOGE/USDT, 1h, spot due to 
ExchangeNotAvailable. Message: okx GET https://www.okx.com/api/v5/market/candles?instId=DOGE-USDT&bar=1H&limit=300". Retrying still for 2 times.
2025-10-15 09:07:15,112 - freqtrade.exchange.common - WARNING - _async_get_candle_history() returned exception: "Could not fetch historical candle (OHLCV) data for DOGE/USDT, 1h, spot due to 
ExchangeNotAvailable. Message: okx GET https://www.okx.com/api/v5/market/candles?instId=DOGE-USDT&bar=1H&limit=300". Retrying still for 1 times.
2025-10-15 09:07:15,166 - freqtrade.exchange.common - WARNING - _async_get_candle_history() returned exception: "Could not fetch historical candle (OHLCV) data for DOGE/USDT, 1h, spot due to 
ExchangeNotAvailable. Message: okx GET https://www.okx.com/api/v5/market/candles?instId=DOGE-USDT&bar=1H&limit=300". Giving up.
2025-10-15 09:07:15,167 - freqtrade.exchange.exchange - WARNING - Async code raised an exception: TemporaryError('Could not fetch historical candle (OHLCV) data for DOGE/USDT, 1h, spot due to 
ExchangeNotAvailable. Message: okx GET https://www.okx.com/api/v5/market/candles?instId=DOGE-USDT&bar=1H&limit=300')
2025-10-15 09:07:15,173 - freqtrade.strategy.interface - WARNING - Outdated history for pair DOGE/USDT. Last tick is 127 minutes old
2025-10-15 09:07:19,442 - freqtrade.exchange.common - WARNING - _load_async_markets() returned exception: "Error in reload_markets due to ExchangeNotAvailable. Message: okx GET 
https://www.okx.com/api/v5/public/instruments?instType=SPOT". Giving up.
2025-10-15 09:07:19,443 - freqtrade.exchange.exchange - ERROR - Could not load markets.
Traceback (most recent call last):
  File "/Users/htq/miniconda3/envs/freqtrade311/lib/python3.11/site-packages/aiohttp/connector.py", line 1432, in _start_tls_connection
    tls_transport = await self._loop.start_tls(
                    ^^^^^^^^^^^^^^^^^^^^^^^^^^^
  File "/Users/htq/miniconda3/envs/freqtrade311/lib/python3.11/asyncio/base_events.py", line 1253, in start_tls
    await waiter
  File "/Users/htq/miniconda3/envs/freqtrade311/lib/python3.11/asyncio/selector_events.py", line 962, in _read_ready__get_buffer
    nbytes = self._sock.recv_into(buf)
             ^^^^^^^^^^^^^^^^^^^^^^^^^
ConnectionResetError: [Errno 54] Connection reset by peer

The above exception was the direct cause of the following exception:

Traceback (most recent call last):
  File "/Users/htq/miniconda3/envs/freqtrade311/lib/python3.11/site-packages/ccxt/async_support/base/exchange.py", line 217, in fetch
    async with session_method(yarl.URL(url, encoded=True),
  File "/Users/htq/miniconda3/envs/freqtrade311/lib/python3.11/site-packages/aiohttp/client.py", line 1488, in __aenter__
    self._resp: _RetType = await self._coro
                           ^^^^^^^^^^^^^^^^
  File "/Users/htq/miniconda3/envs/freqtrade311/lib/python3.11/site-packages/aiohttp/client.py", line 770, in _request
    resp = await handler(req)
           ^^^^^^^^^^^^^^^^^^
  File "/Users/htq/miniconda3/envs/freqtrade311/lib/python3.11/site-packages/aiohttp/client.py", line 725, in _connect_and_send_request
    conn = await self._connector.connect(
           ^^^^^^^^^^^^^^^^^^^^^^^^^^^^^^
  File "/Users/htq/miniconda3/envs/freqtrade311/lib/python3.11/site-packages/aiohttp/connector.py", line 642, in connect
    proto = await self._create_connection(req, traces, timeout)
            ^^^^^^^^^^^^^^^^^^^^^^^^^^^^^^^^^^^^^^^^^^^^^^^^^^^
  File "/Users/htq/miniconda3/envs/freqtrade311/lib/python3.11/site-packages/aiohttp/connector.py", line 1207, in _create_connection
    _, proto = await self._create_proxy_connection(req, traces, timeout)
               ^^^^^^^^^^^^^^^^^^^^^^^^^^^^^^^^^^^^^^^^^^^^^^^^^^^^^^^^^
  File "/Users/htq/miniconda3/envs/freqtrade311/lib/python3.11/site-packages/aiohttp/connector.py", line 1697, in _create_proxy_connection
    return await self._start_tls_connection(
           ^^^^^^^^^^^^^^^^^^^^^^^^^^^^^^^^^
  File "/Users/htq/miniconda3/envs/freqtrade311/lib/python3.11/site-packages/aiohttp/connector.py", line 1465, in _start_tls_connection
    raise client_error(req.connection_key, exc) from exc
aiohttp.client_exceptions.ClientConnectorError: Cannot connect to host www.okx.com:443 ssl:default [Connection reset by peer]

The above exception was the direct cause of the following exception:

Traceback (most recent call last):
  File "/Users/htq/Desktop/真正的金融/币圈/freqtrade/freqtrade/exchange/exchange.py", line 651, in _api_reload_markets
    await self._api_async.load_markets(reload=reload, params={})
  File "/Users/htq/miniconda3/envs/freqtrade311/lib/python3.11/site-packages/ccxt/async_support/base/exchange.py", line 338, in load_markets
    raise e
  File "/Users/htq/miniconda3/envs/freqtrade311/lib/python3.11/site-packages/ccxt/async_support/base/exchange.py", line 330, in load_markets
    result = await self.markets_loading
             ^^^^^^^^^^^^^^^^^^^^^^^^^^
  File "/Users/htq/miniconda3/envs/freqtrade311/lib/python3.11/site-packages/ccxt/async_support/base/exchange.py", line 297, in load_markets_helper
    markets = await self.fetch_markets(params)
              ^^^^^^^^^^^^^^^^^^^^^^^^^^^^^^^^
  File "/Users/htq/miniconda3/envs/freqtrade311/lib/python3.11/site-packages/ccxt/async_support/okx.py", line 1576, in fetch_markets
    promises = await asyncio.gather(*promises)
               ^^^^^^^^^^^^^^^^^^^^^^^^^^^^^^^
  File "/Users/htq/miniconda3/envs/freqtrade311/lib/python3.11/site-packages/ccxt/async_support/okx.py", line 1744, in fetch_markets_by_type
    response = await self.publicGetPublicInstruments(self.extend(request, params))
               ^^^^^^^^^^^^^^^^^^^^^^^^^^^^^^^^^^^^^^^^^^^^^^^^^^^^^^^^^^^^^^^^^^^
  File "/Users/htq/miniconda3/envs/freqtrade311/lib/python3.11/site-packages/ccxt/async_support/base/exchange.py", line 978, in request
    return await self.fetch2(path, api, method, params, headers, body, config)
           ^^^^^^^^^^^^^^^^^^^^^^^^^^^^^^^^^^^^^^^^^^^^^^^^^^^^^^^^^^^^^^^^^^^
  File "/Users/htq/miniconda3/envs/freqtrade311/lib/python3.11/site-packages/ccxt/async_support/base/exchange.py", line 972, in fetch2
    raise e
  File "/Users/htq/miniconda3/envs/freqtrade311/lib/python3.11/site-packages/ccxt/async_support/base/exchange.py", line 963, in fetch2
    return await self.fetch(request['url'], request['method'], request['headers'], request['body'])
           ^^^^^^^^^^^^^^^^^^^^^^^^^^^^^^^^^^^^^^^^^^^^^^^^^^^^^^^^^^^^^^^^^^^^^^^^^^^^^^^^^^^^^^^^
  File "/Users/htq/miniconda3/envs/freqtrade311/lib/python3.11/site-packages/ccxt/async_support/base/exchange.py", line 257, in fetch
    raise ExchangeNotAvailable(details) from e
ccxt.base.errors.ExchangeNotAvailable: okx GET https://www.okx.com/api/v5/public/instruments?instType=SPOT

The above exception was the direct cause of the following exception:

Traceback (most recent call last):
  File "/Users/htq/Desktop/真正的金融/币圈/freqtrade/freqtrade/exchange/exchange.py", line 691, in reload_markets
    retrier(self._load_async_markets, retries=retries)(reload=True)
  File "/Users/htq/Desktop/真正的金融/币圈/freqtrade/freqtrade/exchange/common.py", line 187, in wrapper
    raise ex
  File "/Users/htq/Desktop/真正的金融/币圈/freqtrade/freqtrade/exchange/common.py", line 172, in wrapper
    return f(*args, **kwargs)
           ^^^^^^^^^^^^^^^^^^
  File "/Users/htq/Desktop/真正的金融/币圈/freqtrade/freqtrade/exchange/exchange.py", line 664, in _load_async_markets
    markets = self.loop.run_until_complete(self._api_reload_markets(reload=reload))
              ^^^^^^^^^^^^^^^^^^^^^^^^^^^^^^^^^^^^^^^^^^^^^^^^^^^^^^^^^^^^^^^^^^^^^
  File "/Users/htq/miniconda3/envs/freqtrade311/lib/python3.11/asyncio/base_events.py", line 650, in run_until_complete
    return future.result()
           ^^^^^^^^^^^^^^^
  File "/Users/htq/Desktop/真正的金融/币圈/freqtrade/freqtrade/exchange/exchange.py", line 655, in _api_reload_markets
    raise TemporaryError(
freqtrade.exceptions.TemporaryError: Error in reload_markets due to ExchangeNotAvailable. Message: okx GET https://www.okx.com/api/v5/public/instruments?instType=SPOT
2025-10-15 09:07:19,460 - freqtrade.exchange.exchange - INFO - Couldn't reuse watch for DOGE/USDT, 1h, falling back to REST api. False, 1760490000000, 0, 2025-10-15T01:00:00, 1970-01-01T00:00:00 
2025-10-15 09:07:19,468 - freqtrade.exchange.exchange_ws - ERROR - Exception in continuously_async_watch_ohlcv for DOGE/USDT, 1h
Traceback (most recent call last):
  File "/Users/htq/Desktop/真正的金融/币圈/freqtrade/freqtrade/exchange/exchange_ws.py", line 176, in _continuously_async_watch_ohlcv
    data = await self._ccxt_object.watch_ohlcv(pair, timeframe)
           ^^^^^^^^^^^^^^^^^^^^^^^^^^^^^^^^^^^^^^^^^^^^^^^^^^^^
  File "/Users/htq/miniconda3/envs/freqtrade311/lib/python3.11/site-packages/ccxt/pro/okx.py", line 900, in watch_ohlcv
    ohlcv = await self.subscribe('public', name, name, symbol, params)
            ^^^^^^^^^^^^^^^^^^^^^^^^^^^^^^^^^^^^^^^^^^^^^^^^^^^^^^^^^^
  File "/Users/htq/miniconda3/envs/freqtrade311/lib/python3.11/site-packages/ccxt/pro/okx.py", line 171, in subscribe
    return await self.watch(url, messageHash, request, messageHash)
           ^^^^^^^^^^^^^^^^^^^^^^^^^^^^^^^^^^^^^^^^^^^^^^^^^^^^^^^^
ccxt.base.errors.NetworkError: Cannot connect to host ws.okx.com:8443 ssl:default [Could not contact DNS servers]
2025-10-15 09:07:19,469 - freqtrade.exchange.exchange_ws - INFO - DOGE/USDT, 1h, spot - Task finished - done
2025-10-15 09:07:19,475 - freqtrade.exchange.exchange_ws - ERROR - Exception in _unwatch_ohlcv
Traceback (most recent call last):
  File "/Users/htq/Desktop/真正的金融/币圈/freqtrade/freqtrade/exchange/exchange_ws.py", line 144, in _unwatch_ohlcv
    await self._ccxt_object.un_watch_ohlcv_for_symbols([[pair, timeframe]])
  File "/Users/htq/miniconda3/envs/freqtrade311/lib/python3.11/site-packages/ccxt/pro/okx.py", line 986, in un_watch_ohlcv_for_symbols
    return await self.watch_multiple(url, messageHashes, request, messageHashes)
           ^^^^^^^^^^^^^^^^^^^^^^^^^^^^^^^^^^^^^^^^^^^^^^^^^^^^^^^^^^^^^^^^^^^^^
ccxt.base.errors.NetworkError: Cannot connect to host ws.okx.com:8443 ssl:default [Could not contact DNS servers]
2025-10-15 09:07:19,953 - freqtrade.exchange.common - WARNING - _async_get_candle_history() returned exception: "Could not fetch historical candle (OHLCV) data for DOGE/USDT, 1h, spot due to 
ExchangeNotAvailable. Message: okx GET https://www.okx.com/api/v5/market/candles?instId=DOGE-USDT&bar=1H&limit=300". Retrying still for 4 times.
2025-10-15 09:07:20,012 - freqtrade.exchange.common - WARNING - _async_get_candle_history() returned exception: "Could not fetch historical candle (OHLCV) data for DOGE/USDT, 1h, spot due to 
ExchangeNotAvailable. Message: okx GET https://www.okx.com/api/v5/market/candles?instId=DOGE-USDT&bar=1H&limit=300". Retrying still for 3 times.
2025-10-15 09:07:20,065 - freqtrade.exchange.common - WARNING - _async_get_candle_history() returned exception: "Could not fetch historical candle (OHLCV) data for DOGE/USDT, 1h, spot due to 
ExchangeNotAvailable. Message: okx GET https://www.okx.com/api/v5/market/candles?instId=DOGE-USDT&bar=1H&limit=300". Retrying still for 2 times.
2025-10-15 09:07:20,119 - freqtrade.exchange.common - WARNING - _async_get_candle_history() returned exception: "Could not fetch historical candle (OHLCV) data for DOGE/USDT, 1h, spot due to 
ExchangeNotAvailable. Message: okx GET https://www.okx.com/api/v5/market/candles?instId=DOGE-USDT&bar=1H&limit=300". Retrying still for 1 times.
2025-10-15 09:07:20,173 - freqtrade.exchange.common - WARNING - _async_get_candle_history() returned exception: "Could not fetch historical candle (OHLCV) data for DOGE/USDT, 1h, spot due to 
ExchangeNotAvailable. Message: okx GET https://www.okx.com/api/v5/market/candles?instId=DOGE-USDT&bar=1H&limit=300". Giving up.
2025-10-15 09:07:20,174 - freqtrade.exchange.exchange - WARNING - Async code raised an exception: TemporaryError('Could not fetch historical candle (OHLCV) data for DOGE/USDT, 1h, spot due to 
ExchangeNotAvailable. Message: okx GET https://www.okx.com/api/v5/market/candles?instId=DOGE-USDT&bar=1H&limit=300')
2025-10-15 09:07:20,178 - freqtrade.strategy.interface - WARNING - Outdated history for pair DOGE/USDT. Last tick is 127 minutes old
2025-10-15 09:07:27,540 - freqtrade.exchange.exchange - INFO - Couldn't reuse watch for DOGE/USDT, 1h, falling back to REST api. False, 1760490000000, 0, 2025-10-15T01:00:00, 1970-01-01T00:00:00 
2025-10-15 09:07:44,398 - freqtrade.worker - INFO - Bot heartbeat. PID=55755, version='2025.8', state='RUNNING'
2025-10-15 09:08:44,451 - freqtrade.worker - INFO - Bot heartbeat. PID=55755, version='2025.8', state='RUNNING'
2025-10-15 09:09:44,498 - freqtrade.worker - INFO - Bot heartbeat. PID=55755, version='2025.8', state='RUNNING'
2025-10-15 09:10:44,553 - freqtrade.worker - INFO - Bot heartbeat. PID=55755, version='2025.8', state='RUNNING'
2025-10-15 09:11:44,607 - freqtrade.worker - INFO - Bot heartbeat. PID=55755, version='2025.8', state='RUNNING'
2025-10-15 09:12:44,669 - freqtrade.worker - INFO - Bot heartbeat. PID=55755, version='2025.8', state='RUNNING'
2025-10-15 09:13:44,728 - freqtrade.worker - INFO - Bot heartbeat. PID=55755, version='2025.8', state='RUNNING'
2025-10-15 09:14:44,788 - freqtrade.worker - INFO - Bot heartbeat. PID=55755, version='2025.8', state='RUNNING'
2025-10-15 09:15:44,846 - freqtrade.worker - INFO - Bot heartbeat. PID=55755, version='2025.8', state='RUNNING'
2025-10-15 09:16:44,907 - freqtrade.worker - INFO - Bot heartbeat. PID=55755, version='2025.8', state='RUNNING'
2025-10-15 09:17:44,961 - freqtrade.worker - INFO - Bot heartbeat. PID=55755, version='2025.8', state='RUNNING'
2025-10-15 09:18:45,014 - freqtrade.worker - INFO - Bot heartbeat. PID=55755, version='2025.8', state='RUNNING'
2025-10-15 09:19:45,068 - freqtrade.worker - INFO - Bot heartbeat. PID=55755, version='2025.8', state='RUNNING'
2025-10-15 09:20:05,764 - freqtrade.wallets - INFO - Wallets synced.
2025-10-15 09:20:05,980 - uvicorn.error - INFO - 127.0.0.1:63099 - "WebSocket 
/api/v1/message/ws?token=eyJhbGciOiJIUzI1NiIsInR5cCI6IkpXVCJ9.eyJpZGVudGl0eSI6eyJ1IjoiRnJlcXRyYWRlciJ9LCJleHAiOjE3NjA0OTEyMzcsImlhdCI6MTc2MDQ5MDMzNywidHlwZSI6ImFjY2VzcyJ9.ug5gRQLrsA2qz1k7MjJYybMDB99Jy
AIx-DnbbAnZ_sk" [accepted]
2025-10-15 09:20:05,981 - freqtrade.rpc.api_server.ws.channel - INFO - Connected to channel - WebSocketChannel(3dcf56ff, ('127.0.0.1', 63099))
2025-10-15 09:20:05,982 - uvicorn.error - INFO - connection open
2025-10-15 09:20:06,002 - uvicorn.error - INFO - 127.0.0.1:63100 - "WebSocket 
/api/v1/message/ws?token=eyJhbGciOiJIUzI1NiIsInR5cCI6IkpXVCJ9.eyJpZGVudGl0eSI6eyJ1IjoiRnJlcXRyYWRlciJ9LCJleHAiOjE3NjA0OTEyMzcsImlhdCI6MTc2MDQ5MDMzNywidHlwZSI6ImFjY2VzcyJ9.ug5gRQLrsA2qz1k7MjJYybMDB99Jy
AIx-DnbbAnZ_sk" [accepted]
2025-10-15 09:20:06,003 - freqtrade.rpc.api_server.ws.channel - INFO - Connected to channel - WebSocketChannel(c10043d4, ('127.0.0.1', 63100))
2025-10-15 09:20:06,004 - uvicorn.error - INFO - connection open
2025-10-15 09:20:06,081 - uvicorn.error - INFO - 127.0.0.1:63101 - "WebSocket 
/api/v1/message/ws?token=eyJhbGciOiJIUzI1NiIsInR5cCI6IkpXVCJ9.eyJpZGVudGl0eSI6eyJ1IjoiRnJlcXRyYWRlciJ9LCJleHAiOjE3NjA0OTEyMzcsImlhdCI6MTc2MDQ5MDMzNywidHlwZSI6ImFjY2VzcyJ9.ug5gRQLrsA2qz1k7MjJYybMDB99Jy
AIx-DnbbAnZ_sk" [accepted]
2025-10-15 09:20:06,082 - freqtrade.rpc.api_server.ws.channel - INFO - Connected to channel - WebSocketChannel(c81a776c, ('127.0.0.1', 63101))
2025-10-15 09:20:06,083 - uvicorn.error - INFO - connection open
2025-10-15 09:20:45,124 - freqtrade.worker - INFO - Bot heartbeat. PID=55755, version='2025.8', state='RUNNING'
2025-10-15 09:21:45,176 - freqtrade.worker - INFO - Bot heartbeat. PID=55755, version='2025.8', state='RUNNING'
2025-10-15 09:22:45,226 - freqtrade.worker - INFO - Bot heartbeat. PID=55755, version='2025.8', state='RUNNING'
2025-10-15 09:23:45,268 - freqtrade.worker - INFO - Bot heartbeat. PID=55755, version='2025.8', state='RUNNING'
2025-10-15 09:24:45,311 - freqtrade.worker - INFO - Bot heartbeat. PID=55755, version='2025.8', state='RUNNING'
2025-10-15 09:25:45,368 - freqtrade.worker - INFO - Bot heartbeat. PID=55755, version='2025.8', state='RUNNING'
2025-10-15 09:26:45,416 - freqtrade.worker - INFO - Bot heartbeat. PID=55755, version='2025.8', state='RUNNING'
2025-10-15 09:27:45,462 - freqtrade.worker - INFO - Bot heartbeat. PID=55755, version='2025.8', state='RUNNING'
2025-10-15 09:28:45,507 - freqtrade.worker - INFO - Bot heartbeat. PID=55755, version='2025.8', state='RUNNING'
2025-10-15 09:29:45,551 - freqtrade.worker - INFO - Bot heartbeat. PID=55755, version='2025.8', state='RUNNING'
2025-10-15 09:30:45,609 - freqtrade.worker - INFO - Bot heartbeat. PID=55755, version='2025.8', state='RUNNING'
2025-10-15 09:31:45,660 - freqtrade.worker - INFO - Bot heartbeat. PID=55755, version='2025.8', state='RUNNING'
2025-10-15 09:32:45,712 - freqtrade.worker - INFO - Bot heartbeat. PID=55755, version='2025.8', state='RUNNING'
2025-10-15 09:33:45,763 - freqtrade.worker - INFO - Bot heartbeat. PID=55755, version='2025.8', state='RUNNING'
2025-10-15 09:34:45,825 - freqtrade.worker - INFO - Bot heartbeat. PID=55755, version='2025.8', state='RUNNING'
2025-10-15 09:35:45,871 - freqtrade.worker - INFO - Bot heartbeat. PID=55755, version='2025.8', state='RUNNING'
2025-10-15 09:36:45,916 - freqtrade.worker - INFO - Bot heartbeat. PID=55755, version='2025.8', state='RUNNING'
2025-10-15 09:37:45,969 - freqtrade.worker - INFO - Bot heartbeat. PID=55755, version='2025.8', state='RUNNING'
2025-10-15 09:38:48,045 - freqtrade.worker - INFO - Bot heartbeat. PID=55755, version='2025.8', state='RUNNING'
2025-10-15 09:39:48,104 - freqtrade.worker - INFO - Bot heartbeat. PID=55755, version='2025.8', state='RUNNING'
2025-10-15 09:40:48,163 - freqtrade.worker - INFO - Bot heartbeat. PID=55755, version='2025.8', state='RUNNING'
2025-10-15 09:41:48,212 - freqtrade.worker - INFO - Bot heartbeat. PID=55755, version='2025.8', state='RUNNING'
2025-10-15 09:42:48,273 - freqtrade.worker - INFO - Bot heartbeat. PID=55755, version='2025.8', state='RUNNING'
2025-10-15 09:43:48,330 - freqtrade.worker - INFO - Bot heartbeat. PID=55755, version='2025.8', state='RUNNING'
2025-10-15 09:44:48,393 - freqtrade.worker - INFO - Bot heartbeat. PID=55755, version='2025.8', state='RUNNING'
2025-10-15 09:45:48,449 - freqtrade.worker - INFO - Bot heartbeat. PID=55755, version='2025.8', state='RUNNING'
2025-10-15 09:46:48,509 - freqtrade.worker - INFO - Bot heartbeat. PID=55755, version='2025.8', state='RUNNING'
2025-10-15 09:47:48,571 - freqtrade.worker - INFO - Bot heartbeat. PID=55755, version='2025.8', state='RUNNING'
2025-10-15 09:48:48,620 - freqtrade.worker - INFO - Bot heartbeat. PID=55755, version='2025.8', state='RUNNING'
2025-10-15 09:49:48,670 - freqtrade.worker - INFO - Bot heartbeat. PID=55755, version='2025.8', state='RUNNING'
2025-10-15 09:50:48,726 - freqtrade.worker - INFO - Bot heartbeat. PID=55755, version='2025.8', state='RUNNING'
2025-10-15 09:51:48,789 - freqtrade.worker - INFO - Bot heartbeat. PID=55755, version='2025.8', state='RUNNING'
2025-10-15 09:52:48,850 - freqtrade.worker - INFO - Bot heartbeat. PID=55755, version='2025.8', state='RUNNING'
2025-10-15 09:53:33,914 - freqtrade.plugins.pairlistmanager - INFO - Whitelist with 1 pairs: ['DOGE/USDT']
2025-10-15 09:53:48,919 - freqtrade.worker - INFO - Bot heartbeat. PID=55755, version='2025.8', state='RUNNING'
2025-10-15 09:54:48,978 - freqtrade.worker - INFO - Bot heartbeat. PID=55755, version='2025.8', state='RUNNING'
2025-10-15 09:55:49,030 - freqtrade.worker - INFO - Bot heartbeat. PID=55755, version='2025.8', state='RUNNING'
2025-10-15 09:56:49,084 - freqtrade.worker - INFO - Bot heartbeat. PID=55755, version='2025.8', state='RUNNING'
2025-10-15 09:57:49,138 - freqtrade.worker - INFO - Bot heartbeat. PID=55755, version='2025.8', state='RUNNING'
2025-10-15 09:58:49,201 - freqtrade.worker - INFO - Bot heartbeat. PID=55755, version='2025.8', state='RUNNING'
2025-10-15 09:59:49,289 - freqtrade.worker - INFO - Bot heartbeat. PID=55755, version='2025.8', state='RUNNING'
2025-10-15 10:00:51,046 - freqtrade.worker - INFO - Bot heartbeat. PID=55755, version='2025.8', state='RUNNING'
2025-10-15 10:01:51,105 - freqtrade.worker - INFO - Bot heartbeat. PID=55755, version='2025.8', state='RUNNING'
2025-10-15 10:02:51,159 - freqtrade.worker - INFO - Bot heartbeat. PID=55755, version='2025.8', state='RUNNING'
2025-10-15 10:03:51,207 - freqtrade.worker - INFO - Bot heartbeat. PID=55755, version='2025.8', state='RUNNING'
2025-10-15 10:04:51,252 - freqtrade.worker - INFO - Bot heartbeat. PID=55755, version='2025.8', state='RUNNING'
2025-10-15 10:05:51,294 - freqtrade.worker - INFO - Bot heartbeat. PID=55755, version='2025.8', state='RUNNING'
2025-10-15 10:06:51,346 - freqtrade.worker - INFO - Bot heartbeat. PID=55755, version='2025.8', state='RUNNING'
2025-10-15 10:07:51,395 - freqtrade.worker - INFO - Bot heartbeat. PID=55755, version='2025.8', state='RUNNING'
2025-10-15 10:08:51,421 - freqtrade.worker - INFO - Bot heartbeat. PID=55755, version='2025.8', state='RUNNING'
2025-10-15 10:09:51,463 - freqtrade.worker - INFO - Bot heartbeat. PID=55755, version='2025.8', state='RUNNING'
2025-10-15 10:10:51,514 - freqtrade.worker - INFO - Bot heartbeat. PID=55755, version='2025.8', state='RUNNING'
2025-10-15 10:11:51,563 - freqtrade.worker - INFO - Bot heartbeat. PID=55755, version='2025.8', state='RUNNING'
2025-10-15 10:12:51,624 - freqtrade.worker - INFO - Bot heartbeat. PID=55755, version='2025.8', state='RUNNING'
2025-10-15 10:13:51,672 - freqtrade.worker - INFO - Bot heartbeat. PID=55755, version='2025.8', state='RUNNING'
2025-10-15 10:14:38,365 - uvicorn.error - INFO - connection closed
2025-10-15 10:14:38,366 - uvicorn.error - INFO - connection closed
2025-10-15 10:14:38,367 - uvicorn.error - INFO - connection closed
2025-10-15 10:14:38,368 - freqtrade.rpc.api_server.ws.channel - INFO - Disconnected from channel - WebSocketChannel(3dcf56ff, ('127.0.0.1', 63099))
2025-10-15 10:14:38,369 - freqtrade.rpc.api_server.ws.channel - INFO - Disconnected from channel - WebSocketChannel(c10043d4, ('127.0.0.1', 63100))
2025-10-15 10:14:38,369 - freqtrade.rpc.api_server.ws.channel - INFO - Disconnected from channel - WebSocketChannel(c81a776c, ('127.0.0.1', 63101))
2025-10-15 10:14:51,751 - freqtrade.worker - INFO - Bot heartbeat. PID=55755, version='2025.8', state='RUNNING'
2025-10-15 10:15:51,863 - freqtrade.worker - INFO - Bot heartbeat. PID=55755, version='2025.8', state='RUNNING'
2025-10-15 10:16:51,916 - freqtrade.worker - INFO - Bot heartbeat. PID=55755, version='2025.8', state='RUNNING'
2025-10-15 10:17:51,965 - freqtrade.worker - INFO - Bot heartbeat. PID=55755, version='2025.8', state='RUNNING'
2025-10-15 10:18:52,021 - freqtrade.worker - INFO - Bot heartbeat. PID=55755, version='2025.8', state='RUNNING'
2025-10-15 10:19:52,076 - freqtrade.worker - INFO - Bot heartbeat. PID=55755, version='2025.8', state='RUNNING'
2025-10-15 10:20:52,115 - freqtrade.worker - INFO - Bot heartbeat. PID=55755, version='2025.8', state='RUNNING'
2025-10-15 10:21:52,173 - freqtrade.worker - INFO - Bot heartbeat. PID=55755, version='2025.8', state='RUNNING'
2025-10-15 10:22:52,214 - freqtrade.worker - INFO - Bot heartbeat. PID=55755, version='2025.8', state='RUNNING'
2025-10-15 10:23:52,302 - freqtrade.worker - INFO - Bot heartbeat. PID=55755, version='2025.8', state='RUNNING'
2025-10-15 10:24:52,364 - freqtrade.worker - INFO - Bot heartbeat. PID=55755, version='2025.8', state='RUNNING'
2025-10-15 10:25:52,407 - freqtrade.worker - INFO - Bot heartbeat. PID=55755, version='2025.8', state='RUNNING'
2025-10-15 10:26:52,452 - freqtrade.worker - INFO - Bot heartbeat. PID=55755, version='2025.8', state='RUNNING'
2025-10-15 10:27:52,511 - freqtrade.worker - INFO - Bot heartbeat. PID=55755, version='2025.8', state='RUNNING'
2025-10-15 10:28:52,566 - freqtrade.worker - INFO - Bot heartbeat. PID=55755, version='2025.8', state='RUNNING'
2025-10-15 10:29:52,607 - freqtrade.worker - INFO - Bot heartbeat. PID=55755, version='2025.8', state='RUNNING'
2025-10-15 10:30:52,662 - freqtrade.worker - INFO - Bot heartbeat. PID=55755, version='2025.8', state='RUNNING'
2025-10-15 10:31:52,713 - freqtrade.worker - INFO - Bot heartbeat. PID=55755, version='2025.8', state='RUNNING'
2025-10-15 10:32:52,755 - freqtrade.worker - INFO - Bot heartbeat. PID=55755, version='2025.8', state='RUNNING'
2025-10-15 10:33:52,810 - freqtrade.worker - INFO - Bot heartbeat. PID=55755, version='2025.8', state='RUNNING'
2025-10-15 10:34:52,862 - freqtrade.worker - INFO - Bot heartbeat. PID=55755, version='2025.8', state='RUNNING'
2025-10-15 10:35:52,921 - freqtrade.worker - INFO - Bot heartbeat. PID=55755, version='2025.8', state='RUNNING'
2025-10-15 10:36:52,975 - freqtrade.worker - INFO - Bot heartbeat. PID=55755, version='2025.8', state='RUNNING'
2025-10-15 10:37:53,024 - freqtrade.worker - INFO - Bot heartbeat. PID=55755, version='2025.8', state='RUNNING'
2025-10-15 10:38:53,078 - freqtrade.worker - INFO - Bot heartbeat. PID=55755, version='2025.8', state='RUNNING'
2025-10-15 10:39:53,135 - freqtrade.worker - INFO - Bot heartbeat. PID=55755, version='2025.8', state='RUNNING'
2025-10-15 10:40:53,197 - freqtrade.worker - INFO - Bot heartbeat. PID=55755, version='2025.8', state='RUNNING'
2025-10-15 10:41:53,260 - freqtrade.worker - INFO - Bot heartbeat. PID=55755, version='2025.8', state='RUNNING'
2025-10-15 10:42:53,320 - freqtrade.worker - INFO - Bot heartbeat. PID=55755, version='2025.8', state='RUNNING'
2025-10-15 10:43:53,382 - freqtrade.worker - INFO - Bot heartbeat. PID=55755, version='2025.8', state='RUNNING'
2025-10-15 10:44:53,430 - freqtrade.worker - INFO - Bot heartbeat. PID=55755, version='2025.8', state='RUNNING'
2025-10-15 10:45:53,487 - freqtrade.worker - INFO - Bot heartbeat. PID=55755, version='2025.8', state='RUNNING'
2025-10-15 10:46:53,543 - freqtrade.worker - INFO - Bot heartbeat. PID=55755, version='2025.8', state='RUNNING'
2025-10-15 10:47:53,603 - freqtrade.worker - INFO - Bot heartbeat. PID=55755, version='2025.8', state='RUNNING'
2025-10-15 10:48:53,657 - freqtrade.worker - INFO - Bot heartbeat. PID=55755, version='2025.8', state='RUNNING'
2025-10-15 10:49:53,713 - freqtrade.worker - INFO - Bot heartbeat. PID=55755, version='2025.8', state='RUNNING'
2025-10-15 10:50:53,771 - freqtrade.worker - INFO - Bot heartbeat. PID=55755, version='2025.8', state='RUNNING'
2025-10-15 10:51:53,827 - freqtrade.worker - INFO - Bot heartbeat. PID=55755, version='2025.8', state='RUNNING'
2025-10-15 10:52:53,873 - freqtrade.worker - INFO - Bot heartbeat. PID=55755, version='2025.8', state='RUNNING'
2025-10-15 10:53:38,923 - freqtrade.plugins.pairlistmanager - INFO - Whitelist with 1 pairs: ['DOGE/USDT']
2025-10-15 10:53:53,930 - freqtrade.worker - INFO - Bot heartbeat. PID=55755, version='2025.8', state='RUNNING'
2025-10-15 10:54:53,982 - freqtrade.worker - INFO - Bot heartbeat. PID=55755, version='2025.8', state='RUNNING'
2025-10-15 10:55:54,031 - freqtrade.worker - INFO - Bot heartbeat. PID=55755, version='2025.8', state='RUNNING'
2025-10-15 10:56:54,094 - freqtrade.worker - INFO - Bot heartbeat. PID=55755, version='2025.8', state='RUNNING'
2025-10-15 10:57:54,147 - freqtrade.worker - INFO - Bot heartbeat. PID=55755, version='2025.8', state='RUNNING'
2025-10-15 10:58:54,203 - freqtrade.worker - INFO - Bot heartbeat. PID=55755, version='2025.8', state='RUNNING'
2025-10-15 10:59:54,267 - freqtrade.worker - INFO - Bot heartbeat. PID=55755, version='2025.8', state='RUNNING'
2025-10-15 11:00:56,049 - freqtrade.worker - INFO - Bot heartbeat. PID=55755, version='2025.8', state='RUNNING'
2025-10-15 11:01:56,090 - freqtrade.worker - INFO - Bot heartbeat. PID=55755, version='2025.8', state='RUNNING'
2025-10-15 11:02:56,150 - freqtrade.worker - INFO - Bot heartbeat. PID=55755, version='2025.8', state='RUNNING'
2025-10-15 11:03:56,196 - freqtrade.worker - INFO - Bot heartbeat. PID=55755, version='2025.8', state='RUNNING'
2025-10-15 11:04:56,278 - freqtrade.worker - INFO - Bot heartbeat. PID=55755, version='2025.8', state='RUNNING'
2025-10-15 11:05:56,363 - freqtrade.worker - INFO - Bot heartbeat. PID=55755, version='2025.8', state='RUNNING'
2025-10-15 11:06:56,452 - freqtrade.worker - INFO - Bot heartbeat. PID=55755, version='2025.8', state='RUNNING'
2025-10-15 11:07:56,548 - freqtrade.worker - INFO - Bot heartbeat. PID=55755, version='2025.8', state='RUNNING'
2025-10-15 11:08:56,633 - freqtrade.worker - INFO - Bot heartbeat. PID=55755, version='2025.8', state='RUNNING'
2025-10-15 11:09:56,735 - freqtrade.worker - INFO - Bot heartbeat. PID=55755, version='2025.8', state='RUNNING'
2025-10-15 11:10:56,817 - freqtrade.worker - INFO - Bot heartbeat. PID=55755, version='2025.8', state='RUNNING'
2025-10-15 11:11:56,915 - freqtrade.worker - INFO - Bot heartbeat. PID=55755, version='2025.8', state='RUNNING'
2025-10-15 11:12:57,027 - freqtrade.worker - INFO - Bot heartbeat. PID=55755, version='2025.8', state='RUNNING'
2025-10-15 11:13:57,124 - freqtrade.worker - INFO - Bot heartbeat. PID=55755, version='2025.8', state='RUNNING'
2025-10-15 11:14:57,223 - freqtrade.worker - INFO - Bot heartbeat. PID=55755, version='2025.8', state='RUNNING'
2025-10-15 11:15:57,312 - freqtrade.worker - INFO - Bot heartbeat. PID=55755, version='2025.8', state='RUNNING'
2025-10-15 11:16:57,405 - freqtrade.worker - INFO - Bot heartbeat. PID=55755, version='2025.8', state='RUNNING'
2025-10-15 11:17:57,481 - freqtrade.worker - INFO - Bot heartbeat. PID=55755, version='2025.8', state='RUNNING'
2025-10-15 11:18:57,559 - freqtrade.worker - INFO - Bot heartbeat. PID=55755, version='2025.8', state='RUNNING'
2025-10-15 11:19:57,664 - freqtrade.worker - INFO - Bot heartbeat. PID=55755, version='2025.8', state='RUNNING'
2025-10-15 11:20:57,755 - freqtrade.worker - INFO - Bot heartbeat. PID=55755, version='2025.8', state='RUNNING'
2025-10-15 11:21:57,852 - freqtrade.worker - INFO - Bot heartbeat. PID=55755, version='2025.8', state='RUNNING'
2025-10-15 11:22:57,943 - freqtrade.worker - INFO - Bot heartbeat. PID=55755, version='2025.8', state='RUNNING'
2025-10-15 11:23:58,047 - freqtrade.worker - INFO - Bot heartbeat. PID=55755, version='2025.8', state='RUNNING'
2025-10-15 11:24:58,167 - freqtrade.worker - INFO - Bot heartbeat. PID=55755, version='2025.8', state='RUNNING'
2025-10-15 11:25:58,270 - freqtrade.worker - INFO - Bot heartbeat. PID=55755, version='2025.8', state='RUNNING'
2025-10-15 11:26:58,323 - freqtrade.worker - INFO - Bot heartbeat. PID=55755, version='2025.8', state='RUNNING'
2025-10-15 11:27:58,368 - freqtrade.worker - INFO - Bot heartbeat. PID=55755, version='2025.8', state='RUNNING'
2025-10-15 11:28:58,423 - freqtrade.worker - INFO - Bot heartbeat. PID=55755, version='2025.8', state='RUNNING'
2025-10-15 11:29:58,478 - freqtrade.worker - INFO - Bot heartbeat. PID=55755, version='2025.8', state='RUNNING'
2025-10-15 11:30:58,531 - freqtrade.worker - INFO - Bot heartbeat. PID=55755, version='2025.8', state='RUNNING'
2025-10-15 11:31:58,586 - freqtrade.worker - INFO - Bot heartbeat. PID=55755, version='2025.8', state='RUNNING'
2025-10-15 11:32:58,645 - freqtrade.worker - INFO - Bot heartbeat. PID=55755, version='2025.8', state='RUNNING'
2025-10-15 11:33:58,698 - freqtrade.worker - INFO - Bot heartbeat. PID=55755, version='2025.8', state='RUNNING'
2025-10-15 11:34:58,738 - freqtrade.worker - INFO - Bot heartbeat. PID=55755, version='2025.8', state='RUNNING'
2025-10-15 11:35:58,791 - freqtrade.worker - INFO - Bot heartbeat. PID=55755, version='2025.8', state='RUNNING'
2025-10-15 11:36:58,839 - freqtrade.worker - INFO - Bot heartbeat. PID=55755, version='2025.8', state='RUNNING'
2025-10-15 11:37:58,878 - freqtrade.worker - INFO - Bot heartbeat. PID=55755, version='2025.8', state='RUNNING'
2025-10-15 11:38:58,928 - freqtrade.worker - INFO - Bot heartbeat. PID=55755, version='2025.8', state='RUNNING'
2025-10-15 11:39:58,983 - freqtrade.worker - INFO - Bot heartbeat. PID=55755, version='2025.8', state='RUNNING'
2025-10-15 11:40:59,031 - freqtrade.worker - INFO - Bot heartbeat. PID=55755, version='2025.8', state='RUNNING'
2025-10-15 11:41:59,088 - freqtrade.worker - INFO - Bot heartbeat. PID=55755, version='2025.8', state='RUNNING'
2025-10-15 11:42:59,136 - freqtrade.worker - INFO - Bot heartbeat. PID=55755, version='2025.8', state='RUNNING'
2025-10-15 11:43:59,183 - freqtrade.worker - INFO - Bot heartbeat. PID=55755, version='2025.8', state='RUNNING'
2025-10-15 11:44:59,231 - freqtrade.worker - INFO - Bot heartbeat. PID=55755, version='2025.8', state='RUNNING'
2025-10-15 11:45:59,277 - freqtrade.worker - INFO - Bot heartbeat. PID=55755, version='2025.8', state='RUNNING'
2025-10-15 11:46:59,330 - freqtrade.worker - INFO - Bot heartbeat. PID=55755, version='2025.8', state='RUNNING'
2025-10-15 11:47:59,361 - freqtrade.worker - INFO - Bot heartbeat. PID=55755, version='2025.8', state='RUNNING'
2025-10-15 11:48:59,418 - freqtrade.worker - INFO - Bot heartbeat. PID=55755, version='2025.8', state='RUNNING'
2025-10-15 11:49:59,463 - freqtrade.worker - INFO - Bot heartbeat. PID=55755, version='2025.8', state='RUNNING'
2025-10-15 11:50:59,509 - freqtrade.worker - INFO - Bot heartbeat. PID=55755, version='2025.8', state='RUNNING'
2025-10-15 11:51:59,553 - freqtrade.worker - INFO - Bot heartbeat. PID=55755, version='2025.8', state='RUNNING'
2025-10-15 11:52:59,601 - freqtrade.worker - INFO - Bot heartbeat. PID=55755, version='2025.8', state='RUNNING'
2025-10-15 11:53:39,639 - freqtrade.plugins.pairlistmanager - INFO - Whitelist with 1 pairs: ['DOGE/USDT']
2025-10-15 11:53:59,646 - freqtrade.worker - INFO - Bot heartbeat. PID=55755, version='2025.8', state='RUNNING'
2025-10-15 11:54:59,702 - freqtrade.worker - INFO - Bot heartbeat. PID=55755, version='2025.8', state='RUNNING'
2025-10-15 11:55:59,755 - freqtrade.worker - INFO - Bot heartbeat. PID=55755, version='2025.8', state='RUNNING'
2025-10-15 11:56:59,818 - freqtrade.worker - INFO - Bot heartbeat. PID=55755, version='2025.8', state='RUNNING'
2025-10-15 11:57:59,873 - freqtrade.worker - INFO - Bot heartbeat. PID=55755, version='2025.8', state='RUNNING'
2025-10-15 11:58:59,929 - freqtrade.worker - INFO - Bot heartbeat. PID=55755, version='2025.8', state='RUNNING'
2025-10-15 11:59:59,983 - freqtrade.worker - INFO - Bot heartbeat. PID=55755, version='2025.8', state='RUNNING'
2025-10-15 12:01:00,033 - freqtrade.worker - INFO - Bot heartbeat. PID=55755, version='2025.8', state='RUNNING'
2025-10-15 12:02:00,088 - freqtrade.worker - INFO - Bot heartbeat. PID=55755, version='2025.8', state='RUNNING'
2025-10-15 12:03:00,139 - freqtrade.worker - INFO - Bot heartbeat. PID=55755, version='2025.8', state='RUNNING'
2025-10-15 12:04:00,200 - freqtrade.worker - INFO - Bot heartbeat. PID=55755, version='2025.8', state='RUNNING'
2025-10-15 12:05:00,254 - freqtrade.worker - INFO - Bot heartbeat. PID=55755, version='2025.8', state='RUNNING'
2025-10-15 12:06:00,310 - freqtrade.worker - INFO - Bot heartbeat. PID=55755, version='2025.8', state='RUNNING'
2025-10-15 12:07:00,369 - freqtrade.worker - INFO - Bot heartbeat. PID=55755, version='2025.8', state='RUNNING'
2025-10-15 12:08:00,416 - freqtrade.worker - INFO - Bot heartbeat. PID=55755, version='2025.8', state='RUNNING'
2025-10-15 12:09:26,577 - freqtrade.worker - INFO - Bot heartbeat. PID=55755, version='2025.8', state='RUNNING'
2025-10-15 12:09:40,557 - freqtrade.exchange.exchange_ws - ERROR - Exception in continuously_async_watch_ohlcv for DOGE/USDT, 1h
Traceback (most recent call last):
  File "/Users/htq/Desktop/真正的金融/币圈/freqtrade/freqtrade/exchange/exchange_ws.py", line 176, in _continuously_async_watch_ohlcv
    data = await self._ccxt_object.watch_ohlcv(pair, timeframe)
           ^^^^^^^^^^^^^^^^^^^^^^^^^^^^^^^^^^^^^^^^^^^^^^^^^^^^
  File "/Users/htq/miniconda3/envs/freqtrade311/lib/python3.11/site-packages/ccxt/pro/okx.py", line 900, in watch_ohlcv
    ohlcv = await self.subscribe('public', name, name, symbol, params)
            ^^^^^^^^^^^^^^^^^^^^^^^^^^^^^^^^^^^^^^^^^^^^^^^^^^^^^^^^^^
  File "/Users/htq/miniconda3/envs/freqtrade311/lib/python3.11/site-packages/ccxt/pro/okx.py", line 171, in subscribe
    return await self.watch(url, messageHash, request, messageHash)
           ^^^^^^^^^^^^^^^^^^^^^^^^^^^^^^^^^^^^^^^^^^^^^^^^^^^^^^^^
ccxt.base.errors.RequestTimeout: Connection to wss://ws.okx.com:8443/ws/v5/business timed out due to a ping-pong keepalive missing on time
2025-10-15 12:09:40,564 - freqtrade.exchange.exchange_ws - INFO - DOGE/USDT, 1h, spot - Task finished - done
2025-10-15 12:09:40,579 - freqtrade.exchange.exchange_ws - ERROR - Exception in _unwatch_ohlcv
Traceback (most recent call last):
  File "/Users/htq/Desktop/真正的金融/币圈/freqtrade/freqtrade/exchange/exchange_ws.py", line 144, in _unwatch_ohlcv
    await self._ccxt_object.un_watch_ohlcv_for_symbols([[pair, timeframe]])
  File "/Users/htq/miniconda3/envs/freqtrade311/lib/python3.11/site-packages/ccxt/pro/okx.py", line 986, in un_watch_ohlcv_for_symbols
    return await self.watch_multiple(url, messageHashes, request, messageHashes)
           ^^^^^^^^^^^^^^^^^^^^^^^^^^^^^^^^^^^^^^^^^^^^^^^^^^^^^^^^^^^^^^^^^^^^^
ccxt.base.errors.NetworkError: Cannot connect to host ws.okx.com:8443 ssl:default [Could not contact DNS servers]
2025-10-15 12:15:14,868 - freqtrade.worker - INFO - Bot heartbeat. PID=55755, version='2025.8', state='RUNNING'
2025-10-15 12:20:57,985 - freqtrade.worker - INFO - Bot heartbeat. PID=55755, version='2025.8', state='RUNNING'
2025-10-15 12:26:41,099 - freqtrade.worker - INFO - Bot heartbeat. PID=55755, version='2025.8', state='RUNNING'
2025-10-15 12:27:41,165 - freqtrade.worker - INFO - Bot heartbeat. PID=55755, version='2025.8', state='RUNNING'
2025-10-15 12:28:41,207 - freqtrade.worker - INFO - Bot heartbeat. PID=55755, version='2025.8', state='RUNNING'
2025-10-15 12:29:41,254 - freqtrade.worker - INFO - Bot heartbeat. PID=55755, version='2025.8', state='RUNNING'
2025-10-15 12:30:41,293 - freqtrade.worker - INFO - Bot heartbeat. PID=55755, version='2025.8', state='RUNNING'
2025-10-15 12:31:41,333 - freqtrade.worker - INFO - Bot heartbeat. PID=55755, version='2025.8', state='RUNNING'
2025-10-15 12:32:41,366 - freqtrade.worker - INFO - Bot heartbeat. PID=55755, version='2025.8', state='RUNNING'
2025-10-15 12:33:41,399 - freqtrade.worker - INFO - Bot heartbeat. PID=55755, version='2025.8', state='RUNNING'
2025-10-15 12:34:41,435 - freqtrade.worker - INFO - Bot heartbeat. PID=55755, version='2025.8', state='RUNNING'
2025-10-15 12:35:41,484 - freqtrade.worker - INFO - Bot heartbeat. PID=55755, version='2025.8', state='RUNNING'
2025-10-15 12:36:41,517 - freqtrade.worker - INFO - Bot heartbeat. PID=55755, version='2025.8', state='RUNNING'
2025-10-15 12:37:41,540 - freqtrade.worker - INFO - Bot heartbeat. PID=55755, version='2025.8', state='RUNNING'
2025-10-15 12:38:41,572 - freqtrade.worker - INFO - Bot heartbeat. PID=55755, version='2025.8', state='RUNNING'
2025-10-15 12:39:41,619 - freqtrade.worker - INFO - Bot heartbeat. PID=55755, version='2025.8', state='RUNNING'
2025-10-15 12:40:41,711 - freqtrade.worker - INFO - Bot heartbeat. PID=55755, version='2025.8', state='RUNNING'
2025-10-15 12:41:41,813 - freqtrade.worker - INFO - Bot heartbeat. PID=55755, version='2025.8', state='RUNNING'
2025-10-15 12:51:14,645 - freqtrade.worker - INFO - Bot heartbeat. PID=55755, version='2025.8', state='RUNNING'
2025-10-15 12:52:14,767 - freqtrade.worker - INFO - Bot heartbeat. PID=55755, version='2025.8', state='RUNNING'
2025-10-15 12:53:14,863 - freqtrade.worker - INFO - Bot heartbeat. PID=55755, version='2025.8', state='RUNNING'
2025-10-15 12:54:14,954 - freqtrade.worker - INFO - Bot heartbeat. PID=55755, version='2025.8', state='RUNNING'
2025-10-15 12:55:15,042 - freqtrade.worker - INFO - Bot heartbeat. PID=55755, version='2025.8', state='RUNNING'
2025-10-15 13:00:43,144 - freqtrade.worker - INFO - Bot heartbeat. PID=55755, version='2025.8', state='RUNNING'
2025-10-15 13:00:43,151 - freqtrade.exchange.exchange - INFO - Couldn't reuse watch for DOGE/USDT, 1h, falling back to REST api. False, 1760504400000, 0, 2025-10-15T05:00:00, 1970-01-01T00:00:00 
2025-10-15 13:01:43,212 - freqtrade.worker - INFO - Bot heartbeat. PID=55755, version='2025.8', state='RUNNING'
2025-10-15 13:02:43,261 - freqtrade.worker - INFO - Bot heartbeat. PID=55755, version='2025.8', state='RUNNING'
2025-10-15 13:03:43,303 - freqtrade.worker - INFO - Bot heartbeat. PID=55755, version='2025.8', state='RUNNING'
2025-10-15 13:04:43,350 - freqtrade.worker - INFO - Bot heartbeat. PID=55755, version='2025.8', state='RUNNING'
2025-10-15 13:05:43,408 - freqtrade.worker - INFO - Bot heartbeat. PID=55755, version='2025.8', state='RUNNING'
2025-10-15 13:06:43,462 - freqtrade.worker - INFO - Bot heartbeat. PID=55755, version='2025.8', state='RUNNING'
2025-10-15 13:07:43,505 - freqtrade.worker - INFO - Bot heartbeat. PID=55755, version='2025.8', state='RUNNING'
2025-10-15 13:08:43,561 - freqtrade.worker - INFO - Bot heartbeat. PID=55755, version='2025.8', state='RUNNING'
2025-10-15 13:09:43,611 - freqtrade.worker - INFO - Bot heartbeat. PID=55755, version='2025.8', state='RUNNING'
2025-10-15 13:10:43,674 - freqtrade.worker - INFO - Bot heartbeat. PID=55755, version='2025.8', state='RUNNING'
2025-10-15 13:11:43,725 - freqtrade.worker - INFO - Bot heartbeat. PID=55755, version='2025.8', state='RUNNING'
2025-10-15 13:12:43,778 - freqtrade.worker - INFO - Bot heartbeat. PID=55755, version='2025.8', state='RUNNING'
2025-10-15 13:13:43,842 - freqtrade.worker - INFO - Bot heartbeat. PID=55755, version='2025.8', state='RUNNING'
2025-10-15 13:14:43,888 - freqtrade.worker - INFO - Bot heartbeat. PID=55755, version='2025.8', state='RUNNING'
2025-10-15 13:15:43,946 - freqtrade.worker - INFO - Bot heartbeat. PID=55755, version='2025.8', state='RUNNING'
2025-10-15 13:16:44,002 - freqtrade.worker - INFO - Bot heartbeat. PID=55755, version='2025.8', state='RUNNING'
2025-10-15 13:17:44,055 - freqtrade.worker - INFO - Bot heartbeat. PID=55755, version='2025.8', state='RUNNING'
2025-10-15 13:18:44,130 - freqtrade.worker - INFO - Bot heartbeat. PID=55755, version='2025.8', state='RUNNING'
2025-10-15 13:19:44,189 - freqtrade.worker - INFO - Bot heartbeat. PID=55755, version='2025.8', state='RUNNING'
2025-10-15 13:20:44,247 - freqtrade.worker - INFO - Bot heartbeat. PID=55755, version='2025.8', state='RUNNING'
2025-10-15 13:21:44,297 - freqtrade.worker - INFO - Bot heartbeat. PID=55755, version='2025.8', state='RUNNING'
2025-10-15 13:22:44,350 - freqtrade.worker - INFO - Bot heartbeat. PID=55755, version='2025.8', state='RUNNING'
2025-10-15 13:23:44,385 - freqtrade.worker - INFO - Bot heartbeat. PID=55755, version='2025.8', state='RUNNING'
2025-10-15 13:23:59,405 - freqtrade.plugins.pairlistmanager - INFO - Whitelist with 1 pairs: ['DOGE/USDT']
2025-10-15 13:24:44,435 - freqtrade.worker - INFO - Bot heartbeat. PID=55755, version='2025.8', state='RUNNING'
2025-10-15 13:25:44,499 - freqtrade.worker - INFO - Bot heartbeat. PID=55755, version='2025.8', state='RUNNING'
2025-10-15 13:26:44,549 - freqtrade.worker - INFO - Bot heartbeat. PID=55755, version='2025.8', state='RUNNING'
2025-10-15 13:27:44,596 - freqtrade.worker - INFO - Bot heartbeat. PID=55755, version='2025.8', state='RUNNING'
2025-10-15 13:28:44,643 - freqtrade.worker - INFO - Bot heartbeat. PID=55755, version='2025.8', state='RUNNING'
2025-10-15 13:29:44,684 - freqtrade.worker - INFO - Bot heartbeat. PID=55755, version='2025.8', state='RUNNING'
2025-10-15 13:30:44,738 - freqtrade.worker - INFO - Bot heartbeat. PID=55755, version='2025.8', state='RUNNING'
2025-10-15 13:31:44,790 - freqtrade.worker - INFO - Bot heartbeat. PID=55755, version='2025.8', state='RUNNING'
2025-10-15 13:32:44,839 - freqtrade.worker - INFO - Bot heartbeat. PID=55755, version='2025.8', state='RUNNING'
2025-10-15 13:33:44,884 - freqtrade.worker - INFO - Bot heartbeat. PID=55755, version='2025.8', state='RUNNING'
2025-10-15 13:34:44,940 - freqtrade.worker - INFO - Bot heartbeat. PID=55755, version='2025.8', state='RUNNING'
2025-10-15 13:35:44,990 - freqtrade.worker - INFO - Bot heartbeat. PID=55755, version='2025.8', state='RUNNING'
2025-10-15 13:36:45,042 - freqtrade.worker - INFO - Bot heartbeat. PID=55755, version='2025.8', state='RUNNING'
2025-10-15 13:37:45,094 - freqtrade.worker - INFO - Bot heartbeat. PID=55755, version='2025.8', state='RUNNING'
2025-10-15 13:38:45,143 - freqtrade.worker - INFO - Bot heartbeat. PID=55755, version='2025.8', state='RUNNING'
2025-10-15 13:39:45,197 - freqtrade.worker - INFO - Bot heartbeat. PID=55755, version='2025.8', state='RUNNING'
2025-10-15 13:40:45,247 - freqtrade.worker - INFO - Bot heartbeat. PID=55755, version='2025.8', state='RUNNING'
2025-10-15 13:41:45,286 - freqtrade.worker - INFO - Bot heartbeat. PID=55755, version='2025.8', state='RUNNING'
2025-10-15 13:42:45,336 - freqtrade.worker - INFO - Bot heartbeat. PID=55755, version='2025.8', state='RUNNING'
2025-10-15 13:43:45,395 - freqtrade.worker - INFO - Bot heartbeat. PID=55755, version='2025.8', state='RUNNING'
2025-10-15 13:44:45,443 - freqtrade.worker - INFO - Bot heartbeat. PID=55755, version='2025.8', state='RUNNING'
2025-10-15 13:45:45,495 - freqtrade.worker - INFO - Bot heartbeat. PID=55755, version='2025.8', state='RUNNING'
2025-10-15 13:46:50,467 - freqtrade.worker - INFO - Bot heartbeat. PID=55755, version='2025.8', state='RUNNING'
2025-10-15 13:47:50,520 - freqtrade.worker - INFO - Bot heartbeat. PID=55755, version='2025.8', state='RUNNING'
2025-10-15 13:48:50,571 - freqtrade.worker - INFO - Bot heartbeat. PID=55755, version='2025.8', state='RUNNING'
2025-10-15 13:49:50,626 - freqtrade.worker - INFO - Bot heartbeat. PID=55755, version='2025.8', state='RUNNING'
2025-10-15 13:50:50,779 - freqtrade.worker - INFO - Bot heartbeat. PID=55755, version='2025.8', state='RUNNING'
2025-10-15 13:51:50,834 - freqtrade.worker - INFO - Bot heartbeat. PID=55755, version='2025.8', state='RUNNING'
2025-10-15 13:52:50,890 - freqtrade.worker - INFO - Bot heartbeat. PID=55755, version='2025.8', state='RUNNING'
2025-10-15 13:53:50,964 - freqtrade.worker - INFO - Bot heartbeat. PID=55755, version='2025.8', state='RUNNING'
2025-10-15 13:54:51,028 - freqtrade.worker - INFO - Bot heartbeat. PID=55755, version='2025.8', state='RUNNING'
2025-10-15 13:55:38,889 - freqtrade.exchange.exchange_ws - ERROR - Exception in continuously_async_watch_ohlcv for DOGE/USDT, 1h
Traceback (most recent call last):
  File "/Users/htq/Desktop/真正的金融/币圈/freqtrade/freqtrade/exchange/exchange_ws.py", line 176, in _continuously_async_watch_ohlcv
    data = await self._ccxt_object.watch_ohlcv(pair, timeframe)
           ^^^^^^^^^^^^^^^^^^^^^^^^^^^^^^^^^^^^^^^^^^^^^^^^^^^^
  File "/Users/htq/miniconda3/envs/freqtrade311/lib/python3.11/site-packages/ccxt/pro/okx.py", line 900, in watch_ohlcv
    ohlcv = await self.subscribe('public', name, name, symbol, params)
            ^^^^^^^^^^^^^^^^^^^^^^^^^^^^^^^^^^^^^^^^^^^^^^^^^^^^^^^^^^
  File "/Users/htq/miniconda3/envs/freqtrade311/lib/python3.11/site-packages/ccxt/pro/okx.py", line 171, in subscribe
    return await self.watch(url, messageHash, request, messageHash)
           ^^^^^^^^^^^^^^^^^^^^^^^^^^^^^^^^^^^^^^^^^^^^^^^^^^^^^^^^
ccxt.base.errors.RequestTimeout: Connection to wss://ws.okx.com:8443/ws/v5/business timed out due to a ping-pong keepalive missing on time
2025-10-15 13:55:38,925 - freqtrade.exchange.exchange_ws - INFO - DOGE/USDT, 1h, spot - Task finished - done
2025-10-15 13:55:51,081 - freqtrade.worker - INFO - Bot heartbeat. PID=55755, version='2025.8', state='RUNNING'
2025-10-15 13:56:51,187 - freqtrade.worker - INFO - Bot heartbeat. PID=55755, version='2025.8', state='RUNNING'
2025-10-15 13:57:51,250 - freqtrade.worker - INFO - Bot heartbeat. PID=55755, version='2025.8', state='RUNNING'
2025-10-15 13:58:51,312 - freqtrade.worker - INFO - Bot heartbeat. PID=55755, version='2025.8', state='RUNNING'
2025-10-15 13:59:51,366 - freqtrade.worker - INFO - Bot heartbeat. PID=55755, version='2025.8', state='RUNNING'
2025-10-15 14:00:01,017 - freqtrade.exchange.exchange - INFO - Couldn't reuse watch for DOGE/USDT, 1h, falling back to REST api. False, 1760508000000, 0, 2025-10-15T06:00:00, 1970-01-01T00:00:00 
2025-10-15 14:00:06,030 - freqtrade.exchange.exchange - INFO - Couldn't reuse watch for DOGE/USDT, 1h, falling back to REST api. True, 1760508000000, 1760508006007, 2025-10-15T06:00:00, 
2025-10-15T06:00:06 
2025-10-15 14:00:56,068 - freqtrade.worker - INFO - Bot heartbeat. PID=55755, version='2025.8', state='RUNNING'
2025-10-15 14:01:56,122 - freqtrade.worker - INFO - Bot heartbeat. PID=55755, version='2025.8', state='RUNNING'
2025-10-15 14:02:56,173 - freqtrade.worker - INFO - Bot heartbeat. PID=55755, version='2025.8', state='RUNNING'
2025-10-15 14:03:56,231 - freqtrade.worker - INFO - Bot heartbeat. PID=55755, version='2025.8', state='RUNNING'
2025-10-15 14:04:56,308 - freqtrade.worker - INFO - Bot heartbeat. PID=55755, version='2025.8', state='RUNNING'
2025-10-15 14:05:56,355 - freqtrade.worker - INFO - Bot heartbeat. PID=55755, version='2025.8', state='RUNNING'
2025-10-15 14:06:56,400 - freqtrade.worker - INFO - Bot heartbeat. PID=55755, version='2025.8', state='RUNNING'
2025-10-15 14:07:48,221 - asyncio - ERROR - Exception in callback Client.receive_loop.<locals>.after_interrupt(<Task finishe...}', extra='')>) at 
/Users/htq/miniconda3/envs/freqtrade311/lib/python3.11/site-packages/ccxt/async_support/base/ws/client.py:129
handle: <Handle Client.receive_loop.<locals>.after_interrupt(<Task finishe...}', extra='')>) at 
/Users/htq/miniconda3/envs/freqtrade311/lib/python3.11/site-packages/ccxt/async_support/base/ws/client.py:129>
Traceback (most recent call last):
  File "/Users/htq/miniconda3/envs/freqtrade311/lib/python3.11/asyncio/events.py", line 80, in _run
    self._context.run(self._callback, *self._args)
  File "/Users/htq/miniconda3/envs/freqtrade311/lib/python3.11/site-packages/ccxt/async_support/base/ws/client.py", line 132, in after_interrupt
    self.handle_message(resolved.result())
  File "/Users/htq/miniconda3/envs/freqtrade311/lib/python3.11/site-packages/ccxt/async_support/base/ws/client.py", line 238, in handle_message
    self.handle_text_or_binary_message(message.data)
  File "/Users/htq/miniconda3/envs/freqtrade311/lib/python3.11/site-packages/ccxt/async_support/base/ws/client.py", line 233, in handle_text_or_binary_message
    self.on_message_callback(self, decode)
  File "/Users/htq/miniconda3/envs/freqtrade311/lib/python3.11/site-packages/ccxt/pro/okx.py", line 2270, in handle_message
    self.handle_ohlcv(client, message)
  File "/Users/htq/miniconda3/envs/freqtrade311/lib/python3.11/site-packages/ccxt/pro/okx.py", line 1023, in handle_ohlcv
    messageHash = channel + ':' + market['id']
                  ~~~~~~~~~~~~~~^~~~~~~~~~~~~~
TypeError: can only concatenate str (not "NoneType") to str
2025-10-15 14:07:56,445 - freqtrade.worker - INFO - Bot heartbeat. PID=55755, version='2025.8', state='RUNNING'
2025-10-15 14:08:34,419 - freqtrade.exchange.exchange_ws - ERROR - Exception in continuously_async_watch_ohlcv for DOGE/USDT, 1h
Traceback (most recent call last):
  File "/Users/htq/Desktop/真正的金融/币圈/freqtrade/freqtrade/exchange/exchange_ws.py", line 176, in _continuously_async_watch_ohlcv
    data = await self._ccxt_object.watch_ohlcv(pair, timeframe)
           ^^^^^^^^^^^^^^^^^^^^^^^^^^^^^^^^^^^^^^^^^^^^^^^^^^^^
  File "/Users/htq/miniconda3/envs/freqtrade311/lib/python3.11/site-packages/ccxt/pro/okx.py", line 900, in watch_ohlcv
    ohlcv = await self.subscribe('public', name, name, symbol, params)
            ^^^^^^^^^^^^^^^^^^^^^^^^^^^^^^^^^^^^^^^^^^^^^^^^^^^^^^^^^^
  File "/Users/htq/miniconda3/envs/freqtrade311/lib/python3.11/site-packages/ccxt/pro/okx.py", line 171, in subscribe
    return await self.watch(url, messageHash, request, messageHash)
           ^^^^^^^^^^^^^^^^^^^^^^^^^^^^^^^^^^^^^^^^^^^^^^^^^^^^^^^^
ccxt.base.errors.RequestTimeout: Connection to wss://ws.okx.com:8443/ws/v5/business timed out due to a ping-pong keepalive missing on time
2025-10-15 14:08:34,424 - freqtrade.exchange.exchange_ws - INFO - DOGE/USDT, 1h, spot - Task finished - done
2025-10-15 14:08:56,594 - freqtrade.worker - INFO - Bot heartbeat. PID=55755, version='2025.8', state='RUNNING'
2025-10-15 14:09:56,643 - freqtrade.worker - INFO - Bot heartbeat. PID=55755, version='2025.8', state='RUNNING'
2025-10-15 14:10:56,688 - freqtrade.worker - INFO - Bot heartbeat. PID=55755, version='2025.8', state='RUNNING'
2025-10-15 14:11:56,735 - freqtrade.worker - INFO - Bot heartbeat. PID=55755, version='2025.8', state='RUNNING'
2025-10-15 14:12:56,796 - freqtrade.worker - INFO - Bot heartbeat. PID=55755, version='2025.8', state='RUNNING'
2025-10-15 14:13:56,843 - freqtrade.worker - INFO - Bot heartbeat. PID=55755, version='2025.8', state='RUNNING'
2025-10-15 14:14:56,888 - freqtrade.worker - INFO - Bot heartbeat. PID=55755, version='2025.8', state='RUNNING'
2025-10-15 14:15:56,926 - freqtrade.worker - INFO - Bot heartbeat. PID=55755, version='2025.8', state='RUNNING'
2025-10-15 14:16:56,972 - freqtrade.worker - INFO - Bot heartbeat. PID=55755, version='2025.8', state='RUNNING'
2025-10-15 14:17:57,020 - freqtrade.worker - INFO - Bot heartbeat. PID=55755, version='2025.8', state='RUNNING'
2025-10-15 14:18:57,067 - freqtrade.worker - INFO - Bot heartbeat. PID=55755, version='2025.8', state='RUNNING'
2025-10-15 14:19:57,133 - freqtrade.worker - INFO - Bot heartbeat. PID=55755, version='2025.8', state='RUNNING'
2025-10-15 14:20:57,184 - freqtrade.worker - INFO - Bot heartbeat. PID=55755, version='2025.8', state='RUNNING'
2025-10-15 14:21:57,233 - freqtrade.worker - INFO - Bot heartbeat. PID=55755, version='2025.8', state='RUNNING'
2025-10-15 14:22:57,279 - freqtrade.worker - INFO - Bot heartbeat. PID=55755, version='2025.8', state='RUNNING'
2025-10-15 14:23:57,315 - freqtrade.worker - INFO - Bot heartbeat. PID=55755, version='2025.8', state='RUNNING'
2025-10-15 14:24:02,329 - freqtrade.plugins.pairlistmanager - INFO - Whitelist with 1 pairs: ['DOGE/USDT']
2025-10-15 14:24:57,355 - freqtrade.worker - INFO - Bot heartbeat. PID=55755, version='2025.8', state='RUNNING'
2025-10-15 14:25:57,415 - freqtrade.worker - INFO - Bot heartbeat. PID=55755, version='2025.8', state='RUNNING'
2025-10-15 14:26:57,467 - freqtrade.worker - INFO - Bot heartbeat. PID=55755, version='2025.8', state='RUNNING'
2025-10-15 14:27:57,531 - freqtrade.worker - INFO - Bot heartbeat. PID=55755, version='2025.8', state='RUNNING'
2025-10-15 14:28:57,585 - freqtrade.worker - INFO - Bot heartbeat. PID=55755, version='2025.8', state='RUNNING'
2025-10-15 14:29:57,636 - freqtrade.worker - INFO - Bot heartbeat. PID=55755, version='2025.8', state='RUNNING'
2025-10-15 14:30:57,693 - freqtrade.worker - INFO - Bot heartbeat. PID=55755, version='2025.8', state='RUNNING'
2025-10-15 14:31:57,751 - freqtrade.worker - INFO - Bot heartbeat. PID=55755, version='2025.8', state='RUNNING'
2025-10-15 14:32:57,804 - freqtrade.worker - INFO - Bot heartbeat. PID=55755, version='2025.8', state='RUNNING'
2025-10-15 14:33:57,857 - freqtrade.worker - INFO - Bot heartbeat. PID=55755, version='2025.8', state='RUNNING'
2025-10-15 14:34:57,911 - freqtrade.worker - INFO - Bot heartbeat. PID=55755, version='2025.8', state='RUNNING'
2025-10-15 14:35:57,958 - freqtrade.worker - INFO - Bot heartbeat. PID=55755, version='2025.8', state='RUNNING'
2025-10-15 14:36:58,009 - freqtrade.worker - INFO - Bot heartbeat. PID=55755, version='2025.8', state='RUNNING'
2025-10-15 14:37:58,059 - freqtrade.worker - INFO - Bot heartbeat. PID=55755, version='2025.8', state='RUNNING'
2025-10-15 14:38:58,113 - freqtrade.worker - INFO - Bot heartbeat. PID=55755, version='2025.8', state='RUNNING'
2025-10-15 14:39:58,161 - freqtrade.worker - INFO - Bot heartbeat. PID=55755, version='2025.8', state='RUNNING'
2025-10-15 14:40:58,206 - freqtrade.worker - INFO - Bot heartbeat. PID=55755, version='2025.8', state='RUNNING'
2025-10-15 14:41:58,257 - freqtrade.worker - INFO - Bot heartbeat. PID=55755, version='2025.8', state='RUNNING'
2025-10-15 14:42:58,311 - freqtrade.worker - INFO - Bot heartbeat. PID=55755, version='2025.8', state='RUNNING'
2025-10-15 14:43:58,415 - freqtrade.worker - INFO - Bot heartbeat. PID=55755, version='2025.8', state='RUNNING'
2025-10-15 14:44:58,471 - freqtrade.worker - INFO - Bot heartbeat. PID=55755, version='2025.8', state='RUNNING'
2025-10-15 14:45:58,561 - freqtrade.worker - INFO - Bot heartbeat. PID=55755, version='2025.8', state='RUNNING'
2025-10-15 14:46:58,625 - freqtrade.worker - INFO - Bot heartbeat. PID=55755, version='2025.8', state='RUNNING'
2025-10-15 14:47:58,685 - freqtrade.worker - INFO - Bot heartbeat. PID=55755, version='2025.8', state='RUNNING'
2025-10-15 14:48:58,809 - freqtrade.worker - INFO - Bot heartbeat. PID=55755, version='2025.8', state='RUNNING'
2025-10-15 14:49:59,033 - freqtrade.worker - INFO - Bot heartbeat. PID=55755, version='2025.8', state='RUNNING'
2025-10-15 14:50:59,085 - freqtrade.worker - INFO - Bot heartbeat. PID=55755, version='2025.8', state='RUNNING'
2025-10-15 14:51:59,146 - freqtrade.worker - INFO - Bot heartbeat. PID=55755, version='2025.8', state='RUNNING'
2025-10-15 14:52:59,209 - freqtrade.worker - INFO - Bot heartbeat. PID=55755, version='2025.8', state='RUNNING'
2025-10-15 14:53:59,272 - freqtrade.worker - INFO - Bot heartbeat. PID=55755, version='2025.8', state='RUNNING'
2025-10-15 14:54:59,444 - freqtrade.worker - INFO - Bot heartbeat. PID=55755, version='2025.8', state='RUNNING'
2025-10-15 14:55:59,623 - freqtrade.worker - INFO - Bot heartbeat. PID=55755, version='2025.8', state='RUNNING'
2025-10-15 14:56:59,679 - freqtrade.worker - INFO - Bot heartbeat. PID=55755, version='2025.8', state='RUNNING'
2025-10-15 14:57:59,743 - freqtrade.worker - INFO - Bot heartbeat. PID=55755, version='2025.8', state='RUNNING'
2025-10-15 14:58:59,824 - freqtrade.worker - INFO - Bot heartbeat. PID=55755, version='2025.8', state='RUNNING'
2025-10-15 14:59:59,885 - freqtrade.worker - INFO - Bot heartbeat. PID=55755, version='2025.8', state='RUNNING'
2025-10-15 15:00:01,016 - freqtrade.exchange.exchange - INFO - Couldn't reuse watch for DOGE/USDT, 1h, falling back to REST api. False, 1760511600000, 0, 2025-10-15T07:00:00, 1970-01-01T00:00:00 
2025-10-15 15:00:06,022 - freqtrade.exchange.exchange - INFO - Couldn't reuse watch for DOGE/USDT, 1h, falling back to REST api. True, 1760511600000, 1760511605034, 2025-10-15T07:00:00, 
2025-10-15T07:00:05 
2025-10-15 15:01:01,066 - freqtrade.worker - INFO - Bot heartbeat. PID=55755, version='2025.8', state='RUNNING'
2025-10-15 15:02:01,125 - freqtrade.worker - INFO - Bot heartbeat. PID=55755, version='2025.8', state='RUNNING'
2025-10-15 15:03:01,178 - freqtrade.worker - INFO - Bot heartbeat. PID=55755, version='2025.8', state='RUNNING'
2025-10-15 15:04:01,236 - freqtrade.worker - INFO - Bot heartbeat. PID=55755, version='2025.8', state='RUNNING'
2025-10-15 15:05:01,294 - freqtrade.worker - INFO - Bot heartbeat. PID=55755, version='2025.8', state='RUNNING'
2025-10-15 15:06:01,350 - freqtrade.worker - INFO - Bot heartbeat. PID=55755, version='2025.8', state='RUNNING'
2025-10-15 15:07:01,403 - freqtrade.worker - INFO - Bot heartbeat. PID=55755, version='2025.8', state='RUNNING'
2025-10-15 15:08:01,467 - freqtrade.worker - INFO - Bot heartbeat. PID=55755, version='2025.8', state='RUNNING'
2025-10-15 15:09:01,519 - freqtrade.worker - INFO - Bot heartbeat. PID=55755, version='2025.8', state='RUNNING'
2025-10-15 15:10:01,580 - freqtrade.worker - INFO - Bot heartbeat. PID=55755, version='2025.8', state='RUNNING'
2025-10-15 15:11:01,635 - freqtrade.worker - INFO - Bot heartbeat. PID=55755, version='2025.8', state='RUNNING'
2025-10-15 15:12:01,675 - freqtrade.worker - INFO - Bot heartbeat. PID=55755, version='2025.8', state='RUNNING'
2025-10-15 15:13:01,735 - freqtrade.worker - INFO - Bot heartbeat. PID=55755, version='2025.8', state='RUNNING'
2025-10-15 15:14:01,796 - freqtrade.worker - INFO - Bot heartbeat. PID=55755, version='2025.8', state='RUNNING'
2025-10-15 15:15:01,857 - freqtrade.worker - INFO - Bot heartbeat. PID=55755, version='2025.8', state='RUNNING'
2025-10-15 15:16:02,029 - freqtrade.worker - INFO - Bot heartbeat. PID=55755, version='2025.8', state='RUNNING'
2025-10-15 15:17:02,076 - freqtrade.worker - INFO - Bot heartbeat. PID=55755, version='2025.8', state='RUNNING'
2025-10-15 15:18:02,193 - freqtrade.worker - INFO - Bot heartbeat. PID=55755, version='2025.8', state='RUNNING'
2025-10-15 15:19:02,251 - freqtrade.worker - INFO - Bot heartbeat. PID=55755, version='2025.8', state='RUNNING'
2025-10-15 15:20:02,311 - freqtrade.worker - INFO - Bot heartbeat. PID=55755, version='2025.8', state='RUNNING'
2025-10-15 15:21:02,374 - freqtrade.worker - INFO - Bot heartbeat. PID=55755, version='2025.8', state='RUNNING'
2025-10-15 15:22:02,433 - freqtrade.worker - INFO - Bot heartbeat. PID=55755, version='2025.8', state='RUNNING'
2025-10-15 15:23:02,490 - freqtrade.worker - INFO - Bot heartbeat. PID=55755, version='2025.8', state='RUNNING'
2025-10-15 15:24:02,540 - freqtrade.worker - INFO - Bot heartbeat. PID=55755, version='2025.8', state='RUNNING'
2025-10-15 15:24:02,549 - freqtrade.plugins.pairlistmanager - INFO - Whitelist with 1 pairs: ['DOGE/USDT']
2025-10-15 15:25:02,600 - freqtrade.worker - INFO - Bot heartbeat. PID=55755, version='2025.8', state='RUNNING'
2025-10-15 15:26:02,674 - freqtrade.worker - INFO - Bot heartbeat. PID=55755, version='2025.8', state='RUNNING'
2025-10-15 15:27:02,729 - freqtrade.worker - INFO - Bot heartbeat. PID=55755, version='2025.8', state='RUNNING'
2025-10-15 15:28:02,787 - freqtrade.worker - INFO - Bot heartbeat. PID=55755, version='2025.8', state='RUNNING'
2025-10-15 15:29:02,846 - freqtrade.worker - INFO - Bot heartbeat. PID=55755, version='2025.8', state='RUNNING'
2025-10-15 15:30:02,906 - freqtrade.worker - INFO - Bot heartbeat. PID=55755, version='2025.8', state='RUNNING'
2025-10-15 15:31:02,964 - freqtrade.worker - INFO - Bot heartbeat. PID=55755, version='2025.8', state='RUNNING'
2025-10-15 15:32:03,028 - freqtrade.worker - INFO - Bot heartbeat. PID=55755, version='2025.8', state='RUNNING'
2025-10-15 15:33:03,087 - freqtrade.worker - INFO - Bot heartbeat. PID=55755, version='2025.8', state='RUNNING'
2025-10-15 15:34:03,135 - freqtrade.worker - INFO - Bot heartbeat. PID=55755, version='2025.8', state='RUNNING'
2025-10-15 15:35:03,190 - freqtrade.worker - INFO - Bot heartbeat. PID=55755, version='2025.8', state='RUNNING'
2025-10-15 15:36:03,257 - freqtrade.worker - INFO - Bot heartbeat. PID=55755, version='2025.8', state='RUNNING'
2025-10-15 15:37:03,362 - freqtrade.worker - INFO - Bot heartbeat. PID=55755, version='2025.8', state='RUNNING'
2025-10-15 15:38:03,558 - freqtrade.worker - INFO - Bot heartbeat. PID=55755, version='2025.8', state='RUNNING'
2025-10-15 15:39:03,624 - freqtrade.worker - INFO - Bot heartbeat. PID=55755, version='2025.8', state='RUNNING'
2025-10-15 15:40:03,696 - freqtrade.worker - INFO - Bot heartbeat. PID=55755, version='2025.8', state='RUNNING'
2025-10-15 15:41:03,769 - freqtrade.worker - INFO - Bot heartbeat. PID=55755, version='2025.8', state='RUNNING'
2025-10-15 15:42:03,836 - freqtrade.worker - INFO - Bot heartbeat. PID=55755, version='2025.8', state='RUNNING'
2025-10-15 15:43:03,898 - freqtrade.worker - INFO - Bot heartbeat. PID=55755, version='2025.8', state='RUNNING'
2025-10-15 15:44:03,957 - freqtrade.worker - INFO - Bot heartbeat. PID=55755, version='2025.8', state='RUNNING'
2025-10-15 16:00:45,910 - freqtrade.worker - INFO - Bot heartbeat. PID=55755, version='2025.8', state='RUNNING'
2025-10-15 16:00:59,545 - freqtrade.exchange.exchange_ws - ERROR - Exception in continuously_async_watch_ohlcv for DOGE/USDT, 1h
Traceback (most recent call last):
  File "/Users/htq/Desktop/真正的金融/币圈/freqtrade/freqtrade/exchange/exchange_ws.py", line 176, in _continuously_async_watch_ohlcv
    data = await self._ccxt_object.watch_ohlcv(pair, timeframe)
           ^^^^^^^^^^^^^^^^^^^^^^^^^^^^^^^^^^^^^^^^^^^^^^^^^^^^
  File "/Users/htq/miniconda3/envs/freqtrade311/lib/python3.11/site-packages/ccxt/pro/okx.py", line 900, in watch_ohlcv
    ohlcv = await self.subscribe('public', name, name, symbol, params)
            ^^^^^^^^^^^^^^^^^^^^^^^^^^^^^^^^^^^^^^^^^^^^^^^^^^^^^^^^^^
  File "/Users/htq/miniconda3/envs/freqtrade311/lib/python3.11/site-packages/ccxt/pro/okx.py", line 171, in subscribe
    return await self.watch(url, messageHash, request, messageHash)
           ^^^^^^^^^^^^^^^^^^^^^^^^^^^^^^^^^^^^^^^^^^^^^^^^^^^^^^^^
ccxt.base.errors.RequestTimeout: Connection to wss://ws.okx.com:8443/ws/v5/business timed out due to a ping-pong keepalive missing on time
2025-10-15 16:00:59,548 - freqtrade.exchange.exchange_ws - INFO - DOGE/USDT, 1h, spot - Task finished - done
2025-10-15 16:00:59,558 - freqtrade.exchange.exchange_ws - ERROR - Exception in _unwatch_ohlcv
Traceback (most recent call last):
  File "/Users/htq/Desktop/真正的金融/币圈/freqtrade/freqtrade/exchange/exchange_ws.py", line 144, in _unwatch_ohlcv
    await self._ccxt_object.un_watch_ohlcv_for_symbols([[pair, timeframe]])
  File "/Users/htq/miniconda3/envs/freqtrade311/lib/python3.11/site-packages/ccxt/pro/okx.py", line 986, in un_watch_ohlcv_for_symbols
    return await self.watch_multiple(url, messageHashes, request, messageHashes)
           ^^^^^^^^^^^^^^^^^^^^^^^^^^^^^^^^^^^^^^^^^^^^^^^^^^^^^^^^^^^^^^^^^^^^^
ccxt.base.errors.NetworkError: Cannot connect to host ws.okx.com:8443 ssl:default [Could not contact DNS servers]
2025-10-15 16:01:46,035 - freqtrade.worker - INFO - Bot heartbeat. PID=55755, version='2025.8', state='RUNNING'
2025-10-15 16:02:46,101 - freqtrade.worker - INFO - Bot heartbeat. PID=55755, version='2025.8', state='RUNNING'
2025-10-15 16:03:46,159 - freqtrade.worker - INFO - Bot heartbeat. PID=55755, version='2025.8', state='RUNNING'
2025-10-15 16:04:46,219 - freqtrade.worker - INFO - Bot heartbeat. PID=55755, version='2025.8', state='RUNNING'
2025-10-15 16:05:46,278 - freqtrade.worker - INFO - Bot heartbeat. PID=55755, version='2025.8', state='RUNNING'
2025-10-15 16:06:46,333 - freqtrade.worker - INFO - Bot heartbeat. PID=55755, version='2025.8', state='RUNNING'
2025-10-15 16:07:46,420 - freqtrade.worker - INFO - Bot heartbeat. PID=55755, version='2025.8', state='RUNNING'
2025-10-15 16:08:46,526 - freqtrade.worker - INFO - Bot heartbeat. PID=55755, version='2025.8', state='RUNNING'
2025-10-15 16:09:46,612 - freqtrade.worker - INFO - Bot heartbeat. PID=55755, version='2025.8', state='RUNNING'
2025-10-15 16:10:46,702 - freqtrade.worker - INFO - Bot heartbeat. PID=55755, version='2025.8', state='RUNNING'
2025-10-15 16:11:46,813 - freqtrade.worker - INFO - Bot heartbeat. PID=55755, version='2025.8', state='RUNNING'
2025-10-15 16:12:46,914 - freqtrade.worker - INFO - Bot heartbeat. PID=55755, version='2025.8', state='RUNNING'
2025-10-15 16:13:47,016 - freqtrade.worker - INFO - Bot heartbeat. PID=55755, version='2025.8', state='RUNNING'
2025-10-15 16:14:47,120 - freqtrade.worker - INFO - Bot heartbeat. PID=55755, version='2025.8', state='RUNNING'
2025-10-15 16:15:47,237 - freqtrade.worker - INFO - Bot heartbeat. PID=55755, version='2025.8', state='RUNNING'
2025-10-15 16:16:47,360 - freqtrade.worker - INFO - Bot heartbeat. PID=55755, version='2025.8', state='RUNNING'
2025-10-15 16:17:47,455 - freqtrade.worker - INFO - Bot heartbeat. PID=55755, version='2025.8', state='RUNNING'
2025-10-15 16:18:47,554 - freqtrade.worker - INFO - Bot heartbeat. PID=55755, version='2025.8', state='RUNNING'
2025-10-15 16:19:47,677 - freqtrade.worker - INFO - Bot heartbeat. PID=55755, version='2025.8', state='RUNNING'
2025-10-15 16:20:47,801 - freqtrade.worker - INFO - Bot heartbeat. PID=55755, version='2025.8', state='RUNNING'
2025-10-15 16:21:47,910 - freqtrade.worker - INFO - Bot heartbeat. PID=55755, version='2025.8', state='RUNNING'
2025-10-15 16:22:48,009 - freqtrade.worker - INFO - Bot heartbeat. PID=55755, version='2025.8', state='RUNNING'
2025-10-15 16:23:48,101 - freqtrade.worker - INFO - Bot heartbeat. PID=55755, version='2025.8', state='RUNNING'
2025-10-15 16:24:48,206 - freqtrade.worker - INFO - Bot heartbeat. PID=55755, version='2025.8', state='RUNNING'
2025-10-15 16:25:48,274 - freqtrade.worker - INFO - Bot heartbeat. PID=55755, version='2025.8', state='RUNNING'
2025-10-15 16:26:48,336 - freqtrade.worker - INFO - Bot heartbeat. PID=55755, version='2025.8', state='RUNNING'
2025-10-15 16:27:48,398 - freqtrade.worker - INFO - Bot heartbeat. PID=55755, version='2025.8', state='RUNNING'
2025-10-15 16:28:48,462 - freqtrade.worker - INFO - Bot heartbeat. PID=55755, version='2025.8', state='RUNNING'
2025-10-15 16:29:48,520 - freqtrade.worker - INFO - Bot heartbeat. PID=55755, version='2025.8', state='RUNNING'
2025-10-15 16:30:48,585 - freqtrade.worker - INFO - Bot heartbeat. PID=55755, version='2025.8', state='RUNNING'
2025-10-15 16:31:48,648 - freqtrade.worker - INFO - Bot heartbeat. PID=55755, version='2025.8', state='RUNNING'
2025-10-15 16:32:48,746 - freqtrade.worker - INFO - Bot heartbeat. PID=55755, version='2025.8', state='RUNNING'
2025-10-15 16:33:48,810 - freqtrade.worker - INFO - Bot heartbeat. PID=55755, version='2025.8', state='RUNNING'
2025-10-15 16:34:48,857 - freqtrade.worker - INFO - Bot heartbeat. PID=55755, version='2025.8', state='RUNNING'
2025-10-15 16:35:48,907 - freqtrade.worker - INFO - Bot heartbeat. PID=55755, version='2025.8', state='RUNNING'
2025-10-15 16:36:48,958 - freqtrade.worker - INFO - Bot heartbeat. PID=55755, version='2025.8', state='RUNNING'
2025-10-15 16:37:49,005 - freqtrade.worker - INFO - Bot heartbeat. PID=55755, version='2025.8', state='RUNNING'
2025-10-15 16:38:49,039 - freqtrade.worker - INFO - Bot heartbeat. PID=55755, version='2025.8', state='RUNNING'
2025-10-15 16:39:49,080 - freqtrade.worker - INFO - Bot heartbeat. PID=55755, version='2025.8', state='RUNNING'
2025-10-15 16:39:54,094 - freqtrade.plugins.pairlistmanager - INFO - Whitelist with 1 pairs: ['DOGE/USDT']
2025-10-15 16:40:49,141 - freqtrade.worker - INFO - Bot heartbeat. PID=55755, version='2025.8', state='RUNNING'
2025-10-15 16:41:49,194 - freqtrade.worker - INFO - Bot heartbeat. PID=55755, version='2025.8', state='RUNNING'
2025-10-15 16:42:49,252 - freqtrade.worker - INFO - Bot heartbeat. PID=55755, version='2025.8', state='RUNNING'
2025-10-15 16:43:49,309 - freqtrade.worker - INFO - Bot heartbeat. PID=55755, version='2025.8', state='RUNNING'
2025-10-15 16:44:49,351 - freqtrade.worker - INFO - Bot heartbeat. PID=55755, version='2025.8', state='RUNNING'
2025-10-15 16:45:49,408 - freqtrade.worker - INFO - Bot heartbeat. PID=55755, version='2025.8', state='RUNNING'
2025-10-15 16:46:49,468 - freqtrade.worker - INFO - Bot heartbeat. PID=55755, version='2025.8', state='RUNNING'
2025-10-15 16:47:49,526 - freqtrade.worker - INFO - Bot heartbeat. PID=55755, version='2025.8', state='RUNNING'
2025-10-15 16:48:49,591 - freqtrade.worker - INFO - Bot heartbeat. PID=55755, version='2025.8', state='RUNNING'
2025-10-15 16:49:49,644 - freqtrade.worker - INFO - Bot heartbeat. PID=55755, version='2025.8', state='RUNNING'
2025-10-15 16:50:49,696 - freqtrade.worker - INFO - Bot heartbeat. PID=55755, version='2025.8', state='RUNNING'
2025-10-15 16:51:49,759 - freqtrade.worker - INFO - Bot heartbeat. PID=55755, version='2025.8', state='RUNNING'
2025-10-15 16:52:49,820 - freqtrade.worker - INFO - Bot heartbeat. PID=55755, version='2025.8', state='RUNNING'
2025-10-15 16:53:49,870 - freqtrade.worker - INFO - Bot heartbeat. PID=55755, version='2025.8', state='RUNNING'
2025-10-15 16:54:49,930 - freqtrade.worker - INFO - Bot heartbeat. PID=55755, version='2025.8', state='RUNNING'
2025-10-15 16:55:49,987 - freqtrade.worker - INFO - Bot heartbeat. PID=55755, version='2025.8', state='RUNNING'
2025-10-15 16:56:50,088 - freqtrade.worker - INFO - Bot heartbeat. PID=55755, version='2025.8', state='RUNNING'
2025-10-15 16:57:50,487 - freqtrade.worker - INFO - Bot heartbeat. PID=55755, version='2025.8', state='RUNNING'
2025-10-15 16:58:50,539 - freqtrade.worker - INFO - Bot heartbeat. PID=55755, version='2025.8', state='RUNNING'
2025-10-15 16:59:50,592 - freqtrade.worker - INFO - Bot heartbeat. PID=55755, version='2025.8', state='RUNNING'
2025-10-15 17:00:01,026 - freqtrade.exchange.exchange - INFO - Couldn't reuse watch for DOGE/USDT, 1h, falling back to REST api. False, 1760518800000, 0, 2025-10-15T09:00:00, 1970-01-01T00:00:00 
2025-10-15 17:00:51,064 - freqtrade.worker - INFO - Bot heartbeat. PID=55755, version='2025.8', state='RUNNING'
2025-10-15 17:01:51,125 - freqtrade.worker - INFO - Bot heartbeat. PID=55755, version='2025.8', state='RUNNING'
2025-10-15 17:02:51,202 - freqtrade.worker - INFO - Bot heartbeat. PID=55755, version='2025.8', state='RUNNING'
2025-10-15 17:03:51,251 - freqtrade.worker - INFO - Bot heartbeat. PID=55755, version='2025.8', state='RUNNING'
2025-10-15 17:04:51,285 - freqtrade.worker - INFO - Bot heartbeat. PID=55755, version='2025.8', state='RUNNING'
2025-10-15 17:05:51,329 - freqtrade.worker - INFO - Bot heartbeat. PID=55755, version='2025.8', state='RUNNING'
2025-10-15 17:06:51,425 - freqtrade.worker - INFO - Bot heartbeat. PID=55755, version='2025.8', state='RUNNING'
2025-10-15 17:07:51,473 - freqtrade.worker - INFO - Bot heartbeat. PID=55755, version='2025.8', state='RUNNING'
2025-10-15 17:08:51,515 - freqtrade.worker - INFO - Bot heartbeat. PID=55755, version='2025.8', state='RUNNING'
2025-10-15 17:09:51,571 - freqtrade.worker - INFO - Bot heartbeat. PID=55755, version='2025.8', state='RUNNING'
2025-10-15 17:10:51,623 - freqtrade.worker - INFO - Bot heartbeat. PID=55755, version='2025.8', state='RUNNING'
2025-10-15 17:11:51,666 - freqtrade.worker - INFO - Bot heartbeat. PID=55755, version='2025.8', state='RUNNING'
2025-10-15 17:12:51,717 - freqtrade.worker - INFO - Bot heartbeat. PID=55755, version='2025.8', state='RUNNING'
2025-10-15 17:13:51,759 - freqtrade.worker - INFO - Bot heartbeat. PID=55755, version='2025.8', state='RUNNING'
2025-10-15 17:14:51,805 - freqtrade.worker - INFO - Bot heartbeat. PID=55755, version='2025.8', state='RUNNING'
2025-10-15 17:15:51,857 - freqtrade.worker - INFO - Bot heartbeat. PID=55755, version='2025.8', state='RUNNING'
2025-10-15 17:16:51,903 - freqtrade.worker - INFO - Bot heartbeat. PID=55755, version='2025.8', state='RUNNING'
2025-10-15 17:17:51,954 - freqtrade.worker - INFO - Bot heartbeat. PID=55755, version='2025.8', state='RUNNING'
2025-10-15 17:18:51,997 - freqtrade.worker - INFO - Bot heartbeat. PID=55755, version='2025.8', state='RUNNING'
2025-10-15 17:19:52,049 - freqtrade.worker - INFO - Bot heartbeat. PID=55755, version='2025.8', state='RUNNING'
2025-10-15 17:20:52,118 - freqtrade.worker - INFO - Bot heartbeat. PID=55755, version='2025.8', state='RUNNING'
2025-10-15 17:21:52,172 - freqtrade.worker - INFO - Bot heartbeat. PID=55755, version='2025.8', state='RUNNING'
2025-10-15 17:22:52,217 - freqtrade.worker - INFO - Bot heartbeat. PID=55755, version='2025.8', state='RUNNING'
2025-10-15 17:23:52,270 - freqtrade.worker - INFO - Bot heartbeat. PID=55755, version='2025.8', state='RUNNING'
2025-10-15 17:24:52,312 - freqtrade.worker - INFO - Bot heartbeat. PID=55755, version='2025.8', state='RUNNING'
2025-10-15 17:25:52,382 - freqtrade.worker - INFO - Bot heartbeat. PID=55755, version='2025.8', state='RUNNING'
2025-10-15 17:26:52,470 - freqtrade.worker - INFO - Bot heartbeat. PID=55755, version='2025.8', state='RUNNING'
2025-10-15 17:27:52,577 - freqtrade.worker - INFO - Bot heartbeat. PID=55755, version='2025.8', state='RUNNING'
2025-10-15 17:28:52,676 - freqtrade.worker - INFO - Bot heartbeat. PID=55755, version='2025.8', state='RUNNING'
2025-10-15 17:29:52,776 - freqtrade.worker - INFO - Bot heartbeat. PID=55755, version='2025.8', state='RUNNING'
2025-10-15 17:30:52,823 - freqtrade.worker - INFO - Bot heartbeat. PID=55755, version='2025.8', state='RUNNING'
2025-10-15 17:31:52,878 - freqtrade.worker - INFO - Bot heartbeat. PID=55755, version='2025.8', state='RUNNING'
2025-10-15 17:32:52,932 - freqtrade.worker - INFO - Bot heartbeat. PID=55755, version='2025.8', state='RUNNING'
2025-10-15 17:33:52,991 - freqtrade.worker - INFO - Bot heartbeat. PID=55755, version='2025.8', state='RUNNING'
2025-10-15 17:34:53,105 - freqtrade.worker - INFO - Bot heartbeat. PID=55755, version='2025.8', state='RUNNING'
2025-10-15 17:35:53,158 - freqtrade.worker - INFO - Bot heartbeat. PID=55755, version='2025.8', state='RUNNING'
2025-10-15 17:36:53,220 - freqtrade.worker - INFO - Bot heartbeat. PID=55755, version='2025.8', state='RUNNING'
2025-10-15 17:37:53,277 - freqtrade.worker - INFO - Bot heartbeat. PID=55755, version='2025.8', state='RUNNING'
2025-10-15 17:38:53,334 - freqtrade.worker - INFO - Bot heartbeat. PID=55755, version='2025.8', state='RUNNING'
2025-10-15 17:39:53,393 - freqtrade.worker - INFO - Bot heartbeat. PID=55755, version='2025.8', state='RUNNING'
2025-10-15 17:39:58,421 - freqtrade.plugins.pairlistmanager - INFO - Whitelist with 1 pairs: ['DOGE/USDT']
2025-10-15 17:40:53,459 - freqtrade.worker - INFO - Bot heartbeat. PID=55755, version='2025.8', state='RUNNING'
2025-10-15 17:41:53,519 - freqtrade.worker - INFO - Bot heartbeat. PID=55755, version='2025.8', state='RUNNING'
2025-10-15 17:42:53,569 - freqtrade.worker - INFO - Bot heartbeat. PID=55755, version='2025.8', state='RUNNING'
2025-10-15 17:43:53,616 - freqtrade.worker - INFO - Bot heartbeat. PID=55755, version='2025.8', state='RUNNING'
2025-10-15 17:44:53,663 - freqtrade.worker - INFO - Bot heartbeat. PID=55755, version='2025.8', state='RUNNING'
2025-10-15 17:45:53,714 - freqtrade.worker - INFO - Bot heartbeat. PID=55755, version='2025.8', state='RUNNING'
2025-10-15 17:46:53,767 - freqtrade.worker - INFO - Bot heartbeat. PID=55755, version='2025.8', state='RUNNING'
2025-10-15 17:47:53,824 - freqtrade.worker - INFO - Bot heartbeat. PID=55755, version='2025.8', state='RUNNING'
2025-10-15 17:48:53,883 - freqtrade.worker - INFO - Bot heartbeat. PID=55755, version='2025.8', state='RUNNING'
2025-10-15 17:49:53,922 - freqtrade.worker - INFO - Bot heartbeat. PID=55755, version='2025.8', state='RUNNING'
2025-10-15 17:50:53,983 - freqtrade.worker - INFO - Bot heartbeat. PID=55755, version='2025.8', state='RUNNING'
2025-10-15 17:51:54,027 - freqtrade.worker - INFO - Bot heartbeat. PID=55755, version='2025.8', state='RUNNING'
2025-10-15 17:52:54,085 - freqtrade.worker - INFO - Bot heartbeat. PID=55755, version='2025.8', state='RUNNING'
2025-10-15 17:53:54,162 - freqtrade.worker - INFO - Bot heartbeat. PID=55755, version='2025.8', state='RUNNING'
2025-10-15 17:54:54,214 - freqtrade.worker - INFO - Bot heartbeat. PID=55755, version='2025.8', state='RUNNING'
2025-10-15 17:55:54,282 - freqtrade.worker - INFO - Bot heartbeat. PID=55755, version='2025.8', state='RUNNING'
2025-10-15 17:56:54,335 - freqtrade.worker - INFO - Bot heartbeat. PID=55755, version='2025.8', state='RUNNING'
2025-10-15 17:57:54,392 - freqtrade.worker - INFO - Bot heartbeat. PID=55755, version='2025.8', state='RUNNING'
2025-10-15 17:58:54,434 - freqtrade.worker - INFO - Bot heartbeat. PID=55755, version='2025.8', state='RUNNING'
2025-10-15 17:59:54,501 - freqtrade.worker - INFO - Bot heartbeat. PID=55755, version='2025.8', state='RUNNING'
2025-10-15 18:00:56,068 - freqtrade.worker - INFO - Bot heartbeat. PID=55755, version='2025.8', state='RUNNING'
2025-10-15 18:01:56,114 - freqtrade.worker - INFO - Bot heartbeat. PID=55755, version='2025.8', state='RUNNING'
2025-10-15 18:02:56,177 - freqtrade.worker - INFO - Bot heartbeat. PID=55755, version='2025.8', state='RUNNING'
2025-10-15 18:03:56,235 - freqtrade.worker - INFO - Bot heartbeat. PID=55755, version='2025.8', state='RUNNING'
2025-10-15 18:04:56,292 - freqtrade.worker - INFO - Bot heartbeat. PID=55755, version='2025.8', state='RUNNING'
2025-10-15 18:05:56,370 - freqtrade.worker - INFO - Bot heartbeat. PID=55755, version='2025.8', state='RUNNING'
2025-10-15 18:06:56,453 - freqtrade.worker - INFO - Bot heartbeat. PID=55755, version='2025.8', state='RUNNING'
2025-10-15 18:07:56,503 - freqtrade.worker - INFO - Bot heartbeat. PID=55755, version='2025.8', state='RUNNING'
2025-10-15 18:08:56,547 - freqtrade.worker - INFO - Bot heartbeat. PID=55755, version='2025.8', state='RUNNING'
2025-10-15 18:09:56,598 - freqtrade.worker - INFO - Bot heartbeat. PID=55755, version='2025.8', state='RUNNING'
2025-10-15 18:10:56,657 - freqtrade.worker - INFO - Bot heartbeat. PID=55755, version='2025.8', state='RUNNING'
2025-10-15 18:11:56,714 - freqtrade.worker - INFO - Bot heartbeat. PID=55755, version='2025.8', state='RUNNING'
2025-10-15 18:12:56,769 - freqtrade.worker - INFO - Bot heartbeat. PID=55755, version='2025.8', state='RUNNING'
2025-10-15 18:13:56,874 - freqtrade.worker - INFO - Bot heartbeat. PID=55755, version='2025.8', state='RUNNING'
2025-10-15 18:14:56,925 - freqtrade.worker - INFO - Bot heartbeat. PID=55755, version='2025.8', state='RUNNING'
2025-10-15 18:15:57,049 - freqtrade.worker - INFO - Bot heartbeat. PID=55755, version='2025.8', state='RUNNING'
2025-10-15 18:16:57,102 - freqtrade.worker - INFO - Bot heartbeat. PID=55755, version='2025.8', state='RUNNING'
2025-10-15 18:17:57,135 - freqtrade.worker - INFO - Bot heartbeat. PID=55755, version='2025.8', state='RUNNING'
2025-10-15 18:18:57,171 - freqtrade.worker - INFO - Bot heartbeat. PID=55755, version='2025.8', state='RUNNING'
2025-10-15 18:19:57,421 - freqtrade.worker - INFO - Bot heartbeat. PID=55755, version='2025.8', state='RUNNING'
2025-10-15 18:20:57,699 - freqtrade.worker - INFO - Bot heartbeat. PID=55755, version='2025.8', state='RUNNING'
2025-10-15 18:21:57,880 - freqtrade.worker - INFO - Bot heartbeat. PID=55755, version='2025.8', state='RUNNING'
2025-10-15 18:22:58,044 - freqtrade.worker - INFO - Bot heartbeat. PID=55755, version='2025.8', state='RUNNING'
2025-10-15 18:23:58,104 - freqtrade.worker - INFO - Bot heartbeat. PID=55755, version='2025.8', state='RUNNING'
2025-10-15 18:24:58,186 - freqtrade.worker - INFO - Bot heartbeat. PID=55755, version='2025.8', state='RUNNING'
2025-10-15 18:25:58,358 - freqtrade.worker - INFO - Bot heartbeat. PID=55755, version='2025.8', state='RUNNING'
2025-10-15 18:26:58,409 - freqtrade.worker - INFO - Bot heartbeat. PID=55755, version='2025.8', state='RUNNING'
2025-10-15 18:27:58,488 - freqtrade.worker - INFO - Bot heartbeat. PID=55755, version='2025.8', state='RUNNING'
2025-10-15 18:28:58,540 - freqtrade.worker - INFO - Bot heartbeat. PID=55755, version='2025.8', state='RUNNING'
2025-10-15 18:29:58,589 - freqtrade.worker - INFO - Bot heartbeat. PID=55755, version='2025.8', state='RUNNING'
2025-10-15 18:30:58,640 - freqtrade.worker - INFO - Bot heartbeat. PID=55755, version='2025.8', state='RUNNING'
2025-10-15 18:31:58,695 - freqtrade.worker - INFO - Bot heartbeat. PID=55755, version='2025.8', state='RUNNING'
2025-10-15 18:32:58,747 - freqtrade.worker - INFO - Bot heartbeat. PID=55755, version='2025.8', state='RUNNING'
2025-10-15 18:33:58,812 - freqtrade.worker - INFO - Bot heartbeat. PID=55755, version='2025.8', state='RUNNING'
2025-10-15 18:34:58,875 - freqtrade.worker - INFO - Bot heartbeat. PID=55755, version='2025.8', state='RUNNING'
2025-10-15 18:35:58,937 - freqtrade.worker - INFO - Bot heartbeat. PID=55755, version='2025.8', state='RUNNING'
2025-10-15 18:36:58,988 - freqtrade.worker - INFO - Bot heartbeat. PID=55755, version='2025.8', state='RUNNING'
2025-10-15 18:37:59,052 - freqtrade.worker - INFO - Bot heartbeat. PID=55755, version='2025.8', state='RUNNING'
2025-10-15 18:38:59,105 - freqtrade.worker - INFO - Bot heartbeat. PID=55755, version='2025.8', state='RUNNING'
2025-10-15 18:39:59,158 - freqtrade.worker - INFO - Bot heartbeat. PID=55755, version='2025.8', state='RUNNING'
2025-10-15 18:39:59,172 - freqtrade.plugins.pairlistmanager - INFO - Whitelist with 1 pairs: ['DOGE/USDT']
2025-10-15 18:40:59,210 - freqtrade.worker - INFO - Bot heartbeat. PID=55755, version='2025.8', state='RUNNING'
2025-10-15 18:41:59,253 - freqtrade.worker - INFO - Bot heartbeat. PID=55755, version='2025.8', state='RUNNING'
2025-10-15 18:42:59,298 - freqtrade.worker - INFO - Bot heartbeat. PID=55755, version='2025.8', state='RUNNING'
2025-10-15 18:43:59,347 - freqtrade.worker - INFO - Bot heartbeat. PID=55755, version='2025.8', state='RUNNING'
2025-10-15 18:44:59,402 - freqtrade.worker - INFO - Bot heartbeat. PID=55755, version='2025.8', state='RUNNING'
2025-10-15 18:45:59,459 - freqtrade.worker - INFO - Bot heartbeat. PID=55755, version='2025.8', state='RUNNING'
2025-10-15 18:46:59,515 - freqtrade.worker - INFO - Bot heartbeat. PID=55755, version='2025.8', state='RUNNING'
2025-10-15 18:47:59,561 - freqtrade.worker - INFO - Bot heartbeat. PID=55755, version='2025.8', state='RUNNING'
2025-10-15 18:48:59,605 - freqtrade.worker - INFO - Bot heartbeat. PID=55755, version='2025.8', state='RUNNING'
2025-10-15 18:49:59,662 - freqtrade.worker - INFO - Bot heartbeat. PID=55755, version='2025.8', state='RUNNING'
2025-10-15 18:50:59,716 - freqtrade.worker - INFO - Bot heartbeat. PID=55755, version='2025.8', state='RUNNING'
2025-10-15 18:51:59,773 - freqtrade.worker - INFO - Bot heartbeat. PID=55755, version='2025.8', state='RUNNING'
2025-10-15 18:52:59,825 - freqtrade.worker - INFO - Bot heartbeat. PID=55755, version='2025.8', state='RUNNING'
2025-10-15 18:53:59,886 - freqtrade.worker - INFO - Bot heartbeat. PID=55755, version='2025.8', state='RUNNING'
2025-10-15 18:54:59,945 - freqtrade.worker - INFO - Bot heartbeat. PID=55755, version='2025.8', state='RUNNING'
2025-10-15 18:56:00,003 - freqtrade.worker - INFO - Bot heartbeat. PID=55755, version='2025.8', state='RUNNING'
2025-10-15 18:57:00,055 - freqtrade.worker - INFO - Bot heartbeat. PID=55755, version='2025.8', state='RUNNING'
2025-10-15 18:58:00,108 - freqtrade.worker - INFO - Bot heartbeat. PID=55755, version='2025.8', state='RUNNING'
2025-10-15 18:59:00,166 - freqtrade.worker - INFO - Bot heartbeat. PID=55755, version='2025.8', state='RUNNING'
2025-10-15 19:00:01,008 - freqtrade.worker - INFO - Bot heartbeat. PID=55755, version='2025.8', state='RUNNING'
2025-10-15 19:01:01,081 - freqtrade.worker - INFO - Bot heartbeat. PID=55755, version='2025.8', state='RUNNING'
2025-10-15 19:02:01,127 - freqtrade.worker - INFO - Bot heartbeat. PID=55755, version='2025.8', state='RUNNING'
2025-10-15 19:03:01,185 - freqtrade.worker - INFO - Bot heartbeat. PID=55755, version='2025.8', state='RUNNING'
2025-10-15 19:04:01,232 - freqtrade.worker - INFO - Bot heartbeat. PID=55755, version='2025.8', state='RUNNING'
2025-10-15 19:05:01,282 - freqtrade.worker - INFO - Bot heartbeat. PID=55755, version='2025.8', state='RUNNING'
2025-10-15 19:06:01,329 - freqtrade.worker - INFO - Bot heartbeat. PID=55755, version='2025.8', state='RUNNING'
2025-10-15 19:07:01,376 - freqtrade.worker - INFO - Bot heartbeat. PID=55755, version='2025.8', state='RUNNING'
2025-10-15 19:08:01,444 - freqtrade.worker - INFO - Bot heartbeat. PID=55755, version='2025.8', state='RUNNING'
2025-10-15 19:09:01,478 - freqtrade.worker - INFO - Bot heartbeat. PID=55755, version='2025.8', state='RUNNING'
2025-10-15 19:10:01,524 - freqtrade.worker - INFO - Bot heartbeat. PID=55755, version='2025.8', state='RUNNING'
2025-10-15 19:11:01,567 - freqtrade.worker - INFO - Bot heartbeat. PID=55755, version='2025.8', state='RUNNING'
2025-10-15 19:12:01,613 - freqtrade.worker - INFO - Bot heartbeat. PID=55755, version='2025.8', state='RUNNING'
2025-10-15 19:13:01,694 - freqtrade.worker - INFO - Bot heartbeat. PID=55755, version='2025.8', state='RUNNING'
2025-10-15 19:14:01,746 - freqtrade.worker - INFO - Bot heartbeat. PID=55755, version='2025.8', state='RUNNING'
2025-10-15 19:15:01,792 - freqtrade.worker - INFO - Bot heartbeat. PID=55755, version='2025.8', state='RUNNING'
2025-10-15 19:16:01,837 - freqtrade.worker - INFO - Bot heartbeat. PID=55755, version='2025.8', state='RUNNING'
2025-10-15 19:17:01,893 - freqtrade.worker - INFO - Bot heartbeat. PID=55755, version='2025.8', state='RUNNING'
2025-10-15 19:18:01,936 - freqtrade.worker - INFO - Bot heartbeat. PID=55755, version='2025.8', state='RUNNING'
2025-10-15 19:19:01,984 - freqtrade.worker - INFO - Bot heartbeat. PID=55755, version='2025.8', state='RUNNING'
2025-10-15 19:20:02,019 - freqtrade.worker - INFO - Bot heartbeat. PID=55755, version='2025.8', state='RUNNING'
2025-10-15 19:21:02,060 - freqtrade.worker - INFO - Bot heartbeat. PID=55755, version='2025.8', state='RUNNING'
2025-10-15 19:22:02,108 - freqtrade.worker - INFO - Bot heartbeat. PID=55755, version='2025.8', state='RUNNING'
2025-10-15 19:23:02,164 - freqtrade.worker - INFO - Bot heartbeat. PID=55755, version='2025.8', state='RUNNING'
2025-10-15 19:24:02,216 - freqtrade.worker - INFO - Bot heartbeat. PID=55755, version='2025.8', state='RUNNING'
2025-10-15 19:25:02,288 - freqtrade.worker - INFO - Bot heartbeat. PID=55755, version='2025.8', state='RUNNING'
2025-10-15 19:26:02,335 - freqtrade.worker - INFO - Bot heartbeat. PID=55755, version='2025.8', state='RUNNING'
2025-10-15 19:27:02,387 - freqtrade.worker - INFO - Bot heartbeat. PID=55755, version='2025.8', state='RUNNING'
2025-10-15 19:28:02,439 - freqtrade.worker - INFO - Bot heartbeat. PID=55755, version='2025.8', state='RUNNING'
2025-10-15 19:29:02,493 - freqtrade.worker - INFO - Bot heartbeat. PID=55755, version='2025.8', state='RUNNING'
2025-10-15 19:30:02,550 - freqtrade.worker - INFO - Bot heartbeat. PID=55755, version='2025.8', state='RUNNING'
2025-10-15 19:31:02,602 - freqtrade.worker - INFO - Bot heartbeat. PID=55755, version='2025.8', state='RUNNING'
2025-10-15 19:32:02,658 - freqtrade.worker - INFO - Bot heartbeat. PID=55755, version='2025.8', state='RUNNING'
2025-10-15 19:33:02,708 - freqtrade.worker - INFO - Bot heartbeat. PID=55755, version='2025.8', state='RUNNING'
2025-10-15 19:34:02,757 - freqtrade.worker - INFO - Bot heartbeat. PID=55755, version='2025.8', state='RUNNING'
2025-10-15 19:35:02,813 - freqtrade.worker - INFO - Bot heartbeat. PID=55755, version='2025.8', state='RUNNING'
2025-10-15 19:36:02,868 - freqtrade.worker - INFO - Bot heartbeat. PID=55755, version='2025.8', state='RUNNING'
2025-10-15 19:37:02,955 - freqtrade.worker - INFO - Bot heartbeat. PID=55755, version='2025.8', state='RUNNING'
2025-10-15 19:38:03,008 - freqtrade.worker - INFO - Bot heartbeat. PID=55755, version='2025.8', state='RUNNING'
2025-10-15 19:39:03,056 - freqtrade.worker - INFO - Bot heartbeat. PID=55755, version='2025.8', state='RUNNING'
2025-10-15 19:40:03,106 - freqtrade.worker - INFO - Bot heartbeat. PID=55755, version='2025.8', state='RUNNING'
2025-10-15 19:40:03,116 - freqtrade.plugins.pairlistmanager - INFO - Whitelist with 1 pairs: ['DOGE/USDT']
2025-10-15 20:26:47,267 - freqtrade.worker - INFO - Bot heartbeat. PID=55755, version='2025.8', state='RUNNING'
2025-10-15 20:26:47,382 - freqtrade.exchange.common - WARNING - _load_async_markets() returned exception: "Error in reload_markets due to ExchangeNotAvailable. Message: okx GET 
https://www.okx.com/api/v5/public/instruments?instType=SPOT". Giving up.
2025-10-15 20:26:47,383 - freqtrade.exchange.exchange - ERROR - Could not load markets.
Traceback (most recent call last):
  File "/Users/htq/miniconda3/envs/freqtrade311/lib/python3.11/site-packages/aiohttp/connector.py", line 1432, in _start_tls_connection
    tls_transport = await self._loop.start_tls(
                    ^^^^^^^^^^^^^^^^^^^^^^^^^^^
  File "/Users/htq/miniconda3/envs/freqtrade311/lib/python3.11/asyncio/base_events.py", line 1253, in start_tls
    await waiter
  File "/Users/htq/miniconda3/envs/freqtrade311/lib/python3.11/asyncio/selector_events.py", line 962, in _read_ready__get_buffer
    nbytes = self._sock.recv_into(buf)
             ^^^^^^^^^^^^^^^^^^^^^^^^^
ConnectionResetError: [Errno 54] Connection reset by peer

The above exception was the direct cause of the following exception:

Traceback (most recent call last):
  File "/Users/htq/miniconda3/envs/freqtrade311/lib/python3.11/site-packages/ccxt/async_support/base/exchange.py", line 217, in fetch
    async with session_method(yarl.URL(url, encoded=True),
  File "/Users/htq/miniconda3/envs/freqtrade311/lib/python3.11/site-packages/aiohttp/client.py", line 1488, in __aenter__
    self._resp: _RetType = await self._coro
                           ^^^^^^^^^^^^^^^^
  File "/Users/htq/miniconda3/envs/freqtrade311/lib/python3.11/site-packages/aiohttp/client.py", line 770, in _request
    resp = await handler(req)
           ^^^^^^^^^^^^^^^^^^
  File "/Users/htq/miniconda3/envs/freqtrade311/lib/python3.11/site-packages/aiohttp/client.py", line 725, in _connect_and_send_request
    conn = await self._connector.connect(
           ^^^^^^^^^^^^^^^^^^^^^^^^^^^^^^
  File "/Users/htq/miniconda3/envs/freqtrade311/lib/python3.11/site-packages/aiohttp/connector.py", line 642, in connect
    proto = await self._create_connection(req, traces, timeout)
            ^^^^^^^^^^^^^^^^^^^^^^^^^^^^^^^^^^^^^^^^^^^^^^^^^^^
  File "/Users/htq/miniconda3/envs/freqtrade311/lib/python3.11/site-packages/aiohttp/connector.py", line 1207, in _create_connection
    _, proto = await self._create_proxy_connection(req, traces, timeout)
               ^^^^^^^^^^^^^^^^^^^^^^^^^^^^^^^^^^^^^^^^^^^^^^^^^^^^^^^^^
  File "/Users/htq/miniconda3/envs/freqtrade311/lib/python3.11/site-packages/aiohttp/connector.py", line 1697, in _create_proxy_connection
    return await self._start_tls_connection(
           ^^^^^^^^^^^^^^^^^^^^^^^^^^^^^^^^^
  File "/Users/htq/miniconda3/envs/freqtrade311/lib/python3.11/site-packages/aiohttp/connector.py", line 1465, in _start_tls_connection
    raise client_error(req.connection_key, exc) from exc
aiohttp.client_exceptions.ClientConnectorError: Cannot connect to host www.okx.com:443 ssl:default [Connection reset by peer]

The above exception was the direct cause of the following exception:

Traceback (most recent call last):
  File "/Users/htq/Desktop/真正的金融/币圈/freqtrade/freqtrade/exchange/exchange.py", line 651, in _api_reload_markets
    await self._api_async.load_markets(reload=reload, params={})
  File "/Users/htq/miniconda3/envs/freqtrade311/lib/python3.11/site-packages/ccxt/async_support/base/exchange.py", line 338, in load_markets
    raise e
  File "/Users/htq/miniconda3/envs/freqtrade311/lib/python3.11/site-packages/ccxt/async_support/base/exchange.py", line 330, in load_markets
    result = await self.markets_loading
             ^^^^^^^^^^^^^^^^^^^^^^^^^^
  File "/Users/htq/miniconda3/envs/freqtrade311/lib/python3.11/site-packages/ccxt/async_support/base/exchange.py", line 297, in load_markets_helper
    markets = await self.fetch_markets(params)
              ^^^^^^^^^^^^^^^^^^^^^^^^^^^^^^^^
  File "/Users/htq/miniconda3/envs/freqtrade311/lib/python3.11/site-packages/ccxt/async_support/okx.py", line 1576, in fetch_markets
    promises = await asyncio.gather(*promises)
               ^^^^^^^^^^^^^^^^^^^^^^^^^^^^^^^
  File "/Users/htq/miniconda3/envs/freqtrade311/lib/python3.11/site-packages/ccxt/async_support/okx.py", line 1744, in fetch_markets_by_type
    response = await self.publicGetPublicInstruments(self.extend(request, params))
               ^^^^^^^^^^^^^^^^^^^^^^^^^^^^^^^^^^^^^^^^^^^^^^^^^^^^^^^^^^^^^^^^^^^
  File "/Users/htq/miniconda3/envs/freqtrade311/lib/python3.11/site-packages/ccxt/async_support/base/exchange.py", line 978, in request
    return await self.fetch2(path, api, method, params, headers, body, config)
           ^^^^^^^^^^^^^^^^^^^^^^^^^^^^^^^^^^^^^^^^^^^^^^^^^^^^^^^^^^^^^^^^^^^
  File "/Users/htq/miniconda3/envs/freqtrade311/lib/python3.11/site-packages/ccxt/async_support/base/exchange.py", line 972, in fetch2
    raise e
  File "/Users/htq/miniconda3/envs/freqtrade311/lib/python3.11/site-packages/ccxt/async_support/base/exchange.py", line 963, in fetch2
    return await self.fetch(request['url'], request['method'], request['headers'], request['body'])
           ^^^^^^^^^^^^^^^^^^^^^^^^^^^^^^^^^^^^^^^^^^^^^^^^^^^^^^^^^^^^^^^^^^^^^^^^^^^^^^^^^^^^^^^^
  File "/Users/htq/miniconda3/envs/freqtrade311/lib/python3.11/site-packages/ccxt/async_support/base/exchange.py", line 257, in fetch
    raise ExchangeNotAvailable(details) from e
ccxt.base.errors.ExchangeNotAvailable: okx GET https://www.okx.com/api/v5/public/instruments?instType=SPOT

The above exception was the direct cause of the following exception:

Traceback (most recent call last):
  File "/Users/htq/Desktop/真正的金融/币圈/freqtrade/freqtrade/exchange/exchange.py", line 691, in reload_markets
    retrier(self._load_async_markets, retries=retries)(reload=True)
  File "/Users/htq/Desktop/真正的金融/币圈/freqtrade/freqtrade/exchange/common.py", line 187, in wrapper
    raise ex
  File "/Users/htq/Desktop/真正的金融/币圈/freqtrade/freqtrade/exchange/common.py", line 172, in wrapper
    return f(*args, **kwargs)
           ^^^^^^^^^^^^^^^^^^
  File "/Users/htq/Desktop/真正的金融/币圈/freqtrade/freqtrade/exchange/exchange.py", line 664, in _load_async_markets
    markets = self.loop.run_until_complete(self._api_reload_markets(reload=reload))
              ^^^^^^^^^^^^^^^^^^^^^^^^^^^^^^^^^^^^^^^^^^^^^^^^^^^^^^^^^^^^^^^^^^^^^
  File "/Users/htq/miniconda3/envs/freqtrade311/lib/python3.11/asyncio/base_events.py", line 650, in run_until_complete
    return future.result()
           ^^^^^^^^^^^^^^^
  File "/Users/htq/Desktop/真正的金融/币圈/freqtrade/freqtrade/exchange/exchange.py", line 655, in _api_reload_markets
    raise TemporaryError(
freqtrade.exceptions.TemporaryError: Error in reload_markets due to ExchangeNotAvailable. Message: okx GET https://www.okx.com/api/v5/public/instruments?instType=SPOT
2025-10-15 20:26:52,585 - freqtrade.exchange.common - WARNING - _load_async_markets() returned exception: "Error in reload_markets due to ExchangeNotAvailable. Message: okx GET 
https://www.okx.com/api/v5/public/instruments?instType=SPOT". Giving up.
2025-10-15 20:26:52,586 - freqtrade.exchange.exchange - ERROR - Could not load markets.
Traceback (most recent call last):
  File "/Users/htq/miniconda3/envs/freqtrade311/lib/python3.11/site-packages/aiohttp/connector.py", line 1432, in _start_tls_connection
    tls_transport = await self._loop.start_tls(
                    ^^^^^^^^^^^^^^^^^^^^^^^^^^^
  File "/Users/htq/miniconda3/envs/freqtrade311/lib/python3.11/asyncio/base_events.py", line 1253, in start_tls
    await waiter
  File "/Users/htq/miniconda3/envs/freqtrade311/lib/python3.11/asyncio/selector_events.py", line 962, in _read_ready__get_buffer
    nbytes = self._sock.recv_into(buf)
             ^^^^^^^^^^^^^^^^^^^^^^^^^
ConnectionResetError: [Errno 54] Connection reset by peer

The above exception was the direct cause of the following exception:

Traceback (most recent call last):
  File "/Users/htq/miniconda3/envs/freqtrade311/lib/python3.11/site-packages/ccxt/async_support/base/exchange.py", line 217, in fetch
    async with session_method(yarl.URL(url, encoded=True),
  File "/Users/htq/miniconda3/envs/freqtrade311/lib/python3.11/site-packages/aiohttp/client.py", line 1488, in __aenter__
    self._resp: _RetType = await self._coro
                           ^^^^^^^^^^^^^^^^
  File "/Users/htq/miniconda3/envs/freqtrade311/lib/python3.11/site-packages/aiohttp/client.py", line 770, in _request
    resp = await handler(req)
           ^^^^^^^^^^^^^^^^^^
  File "/Users/htq/miniconda3/envs/freqtrade311/lib/python3.11/site-packages/aiohttp/client.py", line 725, in _connect_and_send_request
    conn = await self._connector.connect(
           ^^^^^^^^^^^^^^^^^^^^^^^^^^^^^^
  File "/Users/htq/miniconda3/envs/freqtrade311/lib/python3.11/site-packages/aiohttp/connector.py", line 642, in connect
    proto = await self._create_connection(req, traces, timeout)
            ^^^^^^^^^^^^^^^^^^^^^^^^^^^^^^^^^^^^^^^^^^^^^^^^^^^
  File "/Users/htq/miniconda3/envs/freqtrade311/lib/python3.11/site-packages/aiohttp/connector.py", line 1207, in _create_connection
    _, proto = await self._create_proxy_connection(req, traces, timeout)
               ^^^^^^^^^^^^^^^^^^^^^^^^^^^^^^^^^^^^^^^^^^^^^^^^^^^^^^^^^
  File "/Users/htq/miniconda3/envs/freqtrade311/lib/python3.11/site-packages/aiohttp/connector.py", line 1697, in _create_proxy_connection
    return await self._start_tls_connection(
           ^^^^^^^^^^^^^^^^^^^^^^^^^^^^^^^^^
  File "/Users/htq/miniconda3/envs/freqtrade311/lib/python3.11/site-packages/aiohttp/connector.py", line 1465, in _start_tls_connection
    raise client_error(req.connection_key, exc) from exc
aiohttp.client_exceptions.ClientConnectorError: Cannot connect to host www.okx.com:443 ssl:default [Connection reset by peer]

The above exception was the direct cause of the following exception:

Traceback (most recent call last):
  File "/Users/htq/Desktop/真正的金融/币圈/freqtrade/freqtrade/exchange/exchange.py", line 651, in _api_reload_markets
    await self._api_async.load_markets(reload=reload, params={})
  File "/Users/htq/miniconda3/envs/freqtrade311/lib/python3.11/site-packages/ccxt/async_support/base/exchange.py", line 338, in load_markets
    raise e
  File "/Users/htq/miniconda3/envs/freqtrade311/lib/python3.11/site-packages/ccxt/async_support/base/exchange.py", line 330, in load_markets
    result = await self.markets_loading
             ^^^^^^^^^^^^^^^^^^^^^^^^^^
  File "/Users/htq/miniconda3/envs/freqtrade311/lib/python3.11/site-packages/ccxt/async_support/base/exchange.py", line 297, in load_markets_helper
    markets = await self.fetch_markets(params)
              ^^^^^^^^^^^^^^^^^^^^^^^^^^^^^^^^
  File "/Users/htq/miniconda3/envs/freqtrade311/lib/python3.11/site-packages/ccxt/async_support/okx.py", line 1576, in fetch_markets
    promises = await asyncio.gather(*promises)
               ^^^^^^^^^^^^^^^^^^^^^^^^^^^^^^^
  File "/Users/htq/miniconda3/envs/freqtrade311/lib/python3.11/site-packages/ccxt/async_support/okx.py", line 1744, in fetch_markets_by_type
    response = await self.publicGetPublicInstruments(self.extend(request, params))
               ^^^^^^^^^^^^^^^^^^^^^^^^^^^^^^^^^^^^^^^^^^^^^^^^^^^^^^^^^^^^^^^^^^^
  File "/Users/htq/miniconda3/envs/freqtrade311/lib/python3.11/site-packages/ccxt/async_support/base/exchange.py", line 978, in request
    return await self.fetch2(path, api, method, params, headers, body, config)
           ^^^^^^^^^^^^^^^^^^^^^^^^^^^^^^^^^^^^^^^^^^^^^^^^^^^^^^^^^^^^^^^^^^^
  File "/Users/htq/miniconda3/envs/freqtrade311/lib/python3.11/site-packages/ccxt/async_support/base/exchange.py", line 972, in fetch2
    raise e
  File "/Users/htq/miniconda3/envs/freqtrade311/lib/python3.11/site-packages/ccxt/async_support/base/exchange.py", line 963, in fetch2
    return await self.fetch(request['url'], request['method'], request['headers'], request['body'])
           ^^^^^^^^^^^^^^^^^^^^^^^^^^^^^^^^^^^^^^^^^^^^^^^^^^^^^^^^^^^^^^^^^^^^^^^^^^^^^^^^^^^^^^^^
  File "/Users/htq/miniconda3/envs/freqtrade311/lib/python3.11/site-packages/ccxt/async_support/base/exchange.py", line 257, in fetch
    raise ExchangeNotAvailable(details) from e
ccxt.base.errors.ExchangeNotAvailable: okx GET https://www.okx.com/api/v5/public/instruments?instType=SPOT

The above exception was the direct cause of the following exception:

Traceback (most recent call last):
  File "/Users/htq/Desktop/真正的金融/币圈/freqtrade/freqtrade/exchange/exchange.py", line 691, in reload_markets
    retrier(self._load_async_markets, retries=retries)(reload=True)
  File "/Users/htq/Desktop/真正的金融/币圈/freqtrade/freqtrade/exchange/common.py", line 187, in wrapper
    raise ex
  File "/Users/htq/Desktop/真正的金融/币圈/freqtrade/freqtrade/exchange/common.py", line 172, in wrapper
    return f(*args, **kwargs)
           ^^^^^^^^^^^^^^^^^^
  File "/Users/htq/Desktop/真正的金融/币圈/freqtrade/freqtrade/exchange/exchange.py", line 664, in _load_async_markets
    markets = self.loop.run_until_complete(self._api_reload_markets(reload=reload))
              ^^^^^^^^^^^^^^^^^^^^^^^^^^^^^^^^^^^^^^^^^^^^^^^^^^^^^^^^^^^^^^^^^^^^^
  File "/Users/htq/miniconda3/envs/freqtrade311/lib/python3.11/asyncio/base_events.py", line 650, in run_until_complete
    return future.result()
           ^^^^^^^^^^^^^^^
  File "/Users/htq/Desktop/真正的金融/币圈/freqtrade/freqtrade/exchange/exchange.py", line 655, in _api_reload_markets
    raise TemporaryError(
freqtrade.exceptions.TemporaryError: Error in reload_markets due to ExchangeNotAvailable. Message: okx GET https://www.okx.com/api/v5/public/instruments?instType=SPOT
2025-10-15 20:26:57,592 - freqtrade.exchange.common - WARNING - _load_async_markets() returned exception: "Error in reload_markets due to ExchangeNotAvailable. Message: okx GET 
https://www.okx.com/api/v5/public/instruments?instType=SPOT". Giving up.
2025-10-15 20:26:57,595 - freqtrade.exchange.exchange - ERROR - Could not load markets.
Traceback (most recent call last):
  File "/Users/htq/miniconda3/envs/freqtrade311/lib/python3.11/site-packages/aiohttp/connector.py", line 1432, in _start_tls_connection
    tls_transport = await self._loop.start_tls(
                    ^^^^^^^^^^^^^^^^^^^^^^^^^^^
  File "/Users/htq/miniconda3/envs/freqtrade311/lib/python3.11/asyncio/base_events.py", line 1253, in start_tls
    await waiter
  File "/Users/htq/miniconda3/envs/freqtrade311/lib/python3.11/asyncio/selector_events.py", line 962, in _read_ready__get_buffer
    nbytes = self._sock.recv_into(buf)
             ^^^^^^^^^^^^^^^^^^^^^^^^^
ConnectionResetError: [Errno 54] Connection reset by peer

The above exception was the direct cause of the following exception:

Traceback (most recent call last):
  File "/Users/htq/miniconda3/envs/freqtrade311/lib/python3.11/site-packages/ccxt/async_support/base/exchange.py", line 217, in fetch
    async with session_method(yarl.URL(url, encoded=True),
  File "/Users/htq/miniconda3/envs/freqtrade311/lib/python3.11/site-packages/aiohttp/client.py", line 1488, in __aenter__
    self._resp: _RetType = await self._coro
                           ^^^^^^^^^^^^^^^^
  File "/Users/htq/miniconda3/envs/freqtrade311/lib/python3.11/site-packages/aiohttp/client.py", line 770, in _request
    resp = await handler(req)
           ^^^^^^^^^^^^^^^^^^
  File "/Users/htq/miniconda3/envs/freqtrade311/lib/python3.11/site-packages/aiohttp/client.py", line 725, in _connect_and_send_request
    conn = await self._connector.connect(
           ^^^^^^^^^^^^^^^^^^^^^^^^^^^^^^
  File "/Users/htq/miniconda3/envs/freqtrade311/lib/python3.11/site-packages/aiohttp/connector.py", line 642, in connect
    proto = await self._create_connection(req, traces, timeout)
            ^^^^^^^^^^^^^^^^^^^^^^^^^^^^^^^^^^^^^^^^^^^^^^^^^^^
  File "/Users/htq/miniconda3/envs/freqtrade311/lib/python3.11/site-packages/aiohttp/connector.py", line 1207, in _create_connection
    _, proto = await self._create_proxy_connection(req, traces, timeout)
               ^^^^^^^^^^^^^^^^^^^^^^^^^^^^^^^^^^^^^^^^^^^^^^^^^^^^^^^^^
  File "/Users/htq/miniconda3/envs/freqtrade311/lib/python3.11/site-packages/aiohttp/connector.py", line 1697, in _create_proxy_connection
    return await self._start_tls_connection(
           ^^^^^^^^^^^^^^^^^^^^^^^^^^^^^^^^^
  File "/Users/htq/miniconda3/envs/freqtrade311/lib/python3.11/site-packages/aiohttp/connector.py", line 1465, in _start_tls_connection
    raise client_error(req.connection_key, exc) from exc
aiohttp.client_exceptions.ClientConnectorError: Cannot connect to host www.okx.com:443 ssl:default [Connection reset by peer]

The above exception was the direct cause of the following exception:

Traceback (most recent call last):
  File "/Users/htq/Desktop/真正的金融/币圈/freqtrade/freqtrade/exchange/exchange.py", line 651, in _api_reload_markets
    await self._api_async.load_markets(reload=reload, params={})
  File "/Users/htq/miniconda3/envs/freqtrade311/lib/python3.11/site-packages/ccxt/async_support/base/exchange.py", line 338, in load_markets
    raise e
  File "/Users/htq/miniconda3/envs/freqtrade311/lib/python3.11/site-packages/ccxt/async_support/base/exchange.py", line 330, in load_markets
    result = await self.markets_loading
             ^^^^^^^^^^^^^^^^^^^^^^^^^^
  File "/Users/htq/miniconda3/envs/freqtrade311/lib/python3.11/site-packages/ccxt/async_support/base/exchange.py", line 297, in load_markets_helper
    markets = await self.fetch_markets(params)
              ^^^^^^^^^^^^^^^^^^^^^^^^^^^^^^^^
  File "/Users/htq/miniconda3/envs/freqtrade311/lib/python3.11/site-packages/ccxt/async_support/okx.py", line 1576, in fetch_markets
    promises = await asyncio.gather(*promises)
               ^^^^^^^^^^^^^^^^^^^^^^^^^^^^^^^
  File "/Users/htq/miniconda3/envs/freqtrade311/lib/python3.11/site-packages/ccxt/async_support/okx.py", line 1744, in fetch_markets_by_type
    response = await self.publicGetPublicInstruments(self.extend(request, params))
               ^^^^^^^^^^^^^^^^^^^^^^^^^^^^^^^^^^^^^^^^^^^^^^^^^^^^^^^^^^^^^^^^^^^
  File "/Users/htq/miniconda3/envs/freqtrade311/lib/python3.11/site-packages/ccxt/async_support/base/exchange.py", line 978, in request
    return await self.fetch2(path, api, method, params, headers, body, config)
           ^^^^^^^^^^^^^^^^^^^^^^^^^^^^^^^^^^^^^^^^^^^^^^^^^^^^^^^^^^^^^^^^^^^
  File "/Users/htq/miniconda3/envs/freqtrade311/lib/python3.11/site-packages/ccxt/async_support/base/exchange.py", line 972, in fetch2
    raise e
  File "/Users/htq/miniconda3/envs/freqtrade311/lib/python3.11/site-packages/ccxt/async_support/base/exchange.py", line 963, in fetch2
    return await self.fetch(request['url'], request['method'], request['headers'], request['body'])
           ^^^^^^^^^^^^^^^^^^^^^^^^^^^^^^^^^^^^^^^^^^^^^^^^^^^^^^^^^^^^^^^^^^^^^^^^^^^^^^^^^^^^^^^^
  File "/Users/htq/miniconda3/envs/freqtrade311/lib/python3.11/site-packages/ccxt/async_support/base/exchange.py", line 257, in fetch
    raise ExchangeNotAvailable(details) from e
ccxt.base.errors.ExchangeNotAvailable: okx GET https://www.okx.com/api/v5/public/instruments?instType=SPOT

The above exception was the direct cause of the following exception:

Traceback (most recent call last):
  File "/Users/htq/Desktop/真正的金融/币圈/freqtrade/freqtrade/exchange/exchange.py", line 691, in reload_markets
    retrier(self._load_async_markets, retries=retries)(reload=True)
  File "/Users/htq/Desktop/真正的金融/币圈/freqtrade/freqtrade/exchange/common.py", line 187, in wrapper
    raise ex
  File "/Users/htq/Desktop/真正的金融/币圈/freqtrade/freqtrade/exchange/common.py", line 172, in wrapper
    return f(*args, **kwargs)
           ^^^^^^^^^^^^^^^^^^
  File "/Users/htq/Desktop/真正的金融/币圈/freqtrade/freqtrade/exchange/exchange.py", line 664, in _load_async_markets
    markets = self.loop.run_until_complete(self._api_reload_markets(reload=reload))
              ^^^^^^^^^^^^^^^^^^^^^^^^^^^^^^^^^^^^^^^^^^^^^^^^^^^^^^^^^^^^^^^^^^^^^
  File "/Users/htq/miniconda3/envs/freqtrade311/lib/python3.11/asyncio/base_events.py", line 650, in run_until_complete
    return future.result()
           ^^^^^^^^^^^^^^^
  File "/Users/htq/Desktop/真正的金融/币圈/freqtrade/freqtrade/exchange/exchange.py", line 655, in _api_reload_markets
    raise TemporaryError(
freqtrade.exceptions.TemporaryError: Error in reload_markets due to ExchangeNotAvailable. Message: okx GET https://www.okx.com/api/v5/public/instruments?instType=SPOT
2025-10-15 20:27:00,537 - freqtrade.exchange.exchange_ws - ERROR - Exception in continuously_async_watch_ohlcv for DOGE/USDT, 1h
Traceback (most recent call last):
  File "/Users/htq/Desktop/真正的金融/币圈/freqtrade/freqtrade/exchange/exchange_ws.py", line 176, in _continuously_async_watch_ohlcv
    data = await self._ccxt_object.watch_ohlcv(pair, timeframe)
           ^^^^^^^^^^^^^^^^^^^^^^^^^^^^^^^^^^^^^^^^^^^^^^^^^^^^
  File "/Users/htq/miniconda3/envs/freqtrade311/lib/python3.11/site-packages/ccxt/pro/okx.py", line 900, in watch_ohlcv
    ohlcv = await self.subscribe('public', name, name, symbol, params)
            ^^^^^^^^^^^^^^^^^^^^^^^^^^^^^^^^^^^^^^^^^^^^^^^^^^^^^^^^^^
  File "/Users/htq/miniconda3/envs/freqtrade311/lib/python3.11/site-packages/ccxt/pro/okx.py", line 171, in subscribe
    return await self.watch(url, messageHash, request, messageHash)
           ^^^^^^^^^^^^^^^^^^^^^^^^^^^^^^^^^^^^^^^^^^^^^^^^^^^^^^^^
ccxt.base.errors.RequestTimeout: Connection to wss://ws.okx.com:8443/ws/v5/business timed out due to a ping-pong keepalive missing on time
2025-10-15 20:27:00,541 - freqtrade.exchange.exchange_ws - INFO - DOGE/USDT, 1h, spot - Task finished - done
2025-10-15 20:27:00,554 - freqtrade.exchange.exchange_ws - ERROR - Exception in _unwatch_ohlcv
Traceback (most recent call last):
  File "/Users/htq/Desktop/真正的金融/币圈/freqtrade/freqtrade/exchange/exchange_ws.py", line 144, in _unwatch_ohlcv
    await self._ccxt_object.un_watch_ohlcv_for_symbols([[pair, timeframe]])
  File "/Users/htq/miniconda3/envs/freqtrade311/lib/python3.11/site-packages/ccxt/pro/okx.py", line 986, in un_watch_ohlcv_for_symbols
    return await self.watch_multiple(url, messageHashes, request, messageHashes)
           ^^^^^^^^^^^^^^^^^^^^^^^^^^^^^^^^^^^^^^^^^^^^^^^^^^^^^^^^^^^^^^^^^^^^^
ccxt.base.errors.NetworkError: Cannot connect to host ws.okx.com:8443 ssl:default [Could not contact DNS servers]
2025-10-15 20:27:02,592 - freqtrade.exchange.common - WARNING - _load_async_markets() returned exception: "Error in reload_markets due to ExchangeNotAvailable. Message: okx GET 
https://www.okx.com/api/v5/public/instruments?instType=SPOT". Giving up.
2025-10-15 20:27:02,593 - freqtrade.exchange.exchange - ERROR - Could not load markets.
Traceback (most recent call last):
  File "/Users/htq/miniconda3/envs/freqtrade311/lib/python3.11/site-packages/aiohttp/connector.py", line 1432, in _start_tls_connection
    tls_transport = await self._loop.start_tls(
                    ^^^^^^^^^^^^^^^^^^^^^^^^^^^
  File "/Users/htq/miniconda3/envs/freqtrade311/lib/python3.11/asyncio/base_events.py", line 1253, in start_tls
    await waiter
  File "/Users/htq/miniconda3/envs/freqtrade311/lib/python3.11/asyncio/selector_events.py", line 962, in _read_ready__get_buffer
    nbytes = self._sock.recv_into(buf)
             ^^^^^^^^^^^^^^^^^^^^^^^^^
ConnectionResetError: [Errno 54] Connection reset by peer

The above exception was the direct cause of the following exception:

Traceback (most recent call last):
  File "/Users/htq/miniconda3/envs/freqtrade311/lib/python3.11/site-packages/ccxt/async_support/base/exchange.py", line 217, in fetch
    async with session_method(yarl.URL(url, encoded=True),
  File "/Users/htq/miniconda3/envs/freqtrade311/lib/python3.11/site-packages/aiohttp/client.py", line 1488, in __aenter__
    self._resp: _RetType = await self._coro
                           ^^^^^^^^^^^^^^^^
  File "/Users/htq/miniconda3/envs/freqtrade311/lib/python3.11/site-packages/aiohttp/client.py", line 770, in _request
    resp = await handler(req)
           ^^^^^^^^^^^^^^^^^^
  File "/Users/htq/miniconda3/envs/freqtrade311/lib/python3.11/site-packages/aiohttp/client.py", line 725, in _connect_and_send_request
    conn = await self._connector.connect(
           ^^^^^^^^^^^^^^^^^^^^^^^^^^^^^^
  File "/Users/htq/miniconda3/envs/freqtrade311/lib/python3.11/site-packages/aiohttp/connector.py", line 642, in connect
    proto = await self._create_connection(req, traces, timeout)
            ^^^^^^^^^^^^^^^^^^^^^^^^^^^^^^^^^^^^^^^^^^^^^^^^^^^
  File "/Users/htq/miniconda3/envs/freqtrade311/lib/python3.11/site-packages/aiohttp/connector.py", line 1207, in _create_connection
    _, proto = await self._create_proxy_connection(req, traces, timeout)
               ^^^^^^^^^^^^^^^^^^^^^^^^^^^^^^^^^^^^^^^^^^^^^^^^^^^^^^^^^
  File "/Users/htq/miniconda3/envs/freqtrade311/lib/python3.11/site-packages/aiohttp/connector.py", line 1697, in _create_proxy_connection
    return await self._start_tls_connection(
           ^^^^^^^^^^^^^^^^^^^^^^^^^^^^^^^^^
  File "/Users/htq/miniconda3/envs/freqtrade311/lib/python3.11/site-packages/aiohttp/connector.py", line 1465, in _start_tls_connection
    raise client_error(req.connection_key, exc) from exc
aiohttp.client_exceptions.ClientConnectorError: Cannot connect to host www.okx.com:443 ssl:default [Connection reset by peer]

The above exception was the direct cause of the following exception:

Traceback (most recent call last):
  File "/Users/htq/Desktop/真正的金融/币圈/freqtrade/freqtrade/exchange/exchange.py", line 651, in _api_reload_markets
    await self._api_async.load_markets(reload=reload, params={})
  File "/Users/htq/miniconda3/envs/freqtrade311/lib/python3.11/site-packages/ccxt/async_support/base/exchange.py", line 338, in load_markets
    raise e
  File "/Users/htq/miniconda3/envs/freqtrade311/lib/python3.11/site-packages/ccxt/async_support/base/exchange.py", line 330, in load_markets
    result = await self.markets_loading
             ^^^^^^^^^^^^^^^^^^^^^^^^^^
  File "/Users/htq/miniconda3/envs/freqtrade311/lib/python3.11/site-packages/ccxt/async_support/base/exchange.py", line 297, in load_markets_helper
    markets = await self.fetch_markets(params)
              ^^^^^^^^^^^^^^^^^^^^^^^^^^^^^^^^
  File "/Users/htq/miniconda3/envs/freqtrade311/lib/python3.11/site-packages/ccxt/async_support/okx.py", line 1576, in fetch_markets
    promises = await asyncio.gather(*promises)
               ^^^^^^^^^^^^^^^^^^^^^^^^^^^^^^^
  File "/Users/htq/miniconda3/envs/freqtrade311/lib/python3.11/site-packages/ccxt/async_support/okx.py", line 1744, in fetch_markets_by_type
    response = await self.publicGetPublicInstruments(self.extend(request, params))
               ^^^^^^^^^^^^^^^^^^^^^^^^^^^^^^^^^^^^^^^^^^^^^^^^^^^^^^^^^^^^^^^^^^^
  File "/Users/htq/miniconda3/envs/freqtrade311/lib/python3.11/site-packages/ccxt/async_support/base/exchange.py", line 978, in request
    return await self.fetch2(path, api, method, params, headers, body, config)
           ^^^^^^^^^^^^^^^^^^^^^^^^^^^^^^^^^^^^^^^^^^^^^^^^^^^^^^^^^^^^^^^^^^^
  File "/Users/htq/miniconda3/envs/freqtrade311/lib/python3.11/site-packages/ccxt/async_support/base/exchange.py", line 972, in fetch2
    raise e
  File "/Users/htq/miniconda3/envs/freqtrade311/lib/python3.11/site-packages/ccxt/async_support/base/exchange.py", line 963, in fetch2
    return await self.fetch(request['url'], request['method'], request['headers'], request['body'])
           ^^^^^^^^^^^^^^^^^^^^^^^^^^^^^^^^^^^^^^^^^^^^^^^^^^^^^^^^^^^^^^^^^^^^^^^^^^^^^^^^^^^^^^^^
  File "/Users/htq/miniconda3/envs/freqtrade311/lib/python3.11/site-packages/ccxt/async_support/base/exchange.py", line 257, in fetch
    raise ExchangeNotAvailable(details) from e
ccxt.base.errors.ExchangeNotAvailable: okx GET https://www.okx.com/api/v5/public/instruments?instType=SPOT

The above exception was the direct cause of the following exception:

Traceback (most recent call last):
  File "/Users/htq/Desktop/真正的金融/币圈/freqtrade/freqtrade/exchange/exchange.py", line 691, in reload_markets
    retrier(self._load_async_markets, retries=retries)(reload=True)
  File "/Users/htq/Desktop/真正的金融/币圈/freqtrade/freqtrade/exchange/common.py", line 187, in wrapper
    raise ex
  File "/Users/htq/Desktop/真正的金融/币圈/freqtrade/freqtrade/exchange/common.py", line 172, in wrapper
    return f(*args, **kwargs)
           ^^^^^^^^^^^^^^^^^^
  File "/Users/htq/Desktop/真正的金融/币圈/freqtrade/freqtrade/exchange/exchange.py", line 664, in _load_async_markets
    markets = self.loop.run_until_complete(self._api_reload_markets(reload=reload))
              ^^^^^^^^^^^^^^^^^^^^^^^^^^^^^^^^^^^^^^^^^^^^^^^^^^^^^^^^^^^^^^^^^^^^^
  File "/Users/htq/miniconda3/envs/freqtrade311/lib/python3.11/asyncio/base_events.py", line 650, in run_until_complete
    return future.result()
           ^^^^^^^^^^^^^^^
  File "/Users/htq/Desktop/真正的金融/币圈/freqtrade/freqtrade/exchange/exchange.py", line 655, in _api_reload_markets
    raise TemporaryError(
freqtrade.exceptions.TemporaryError: Error in reload_markets due to ExchangeNotAvailable. Message: okx GET https://www.okx.com/api/v5/public/instruments?instType=SPOT
2025-10-15 20:59:06,218 - freqtrade.exchange.common - WARNING - _load_async_markets() returned exception: "Error in reload_markets due to ExchangeNotAvailable. Message: okx GET 
https://www.okx.com/api/v5/public/instruments?instType=SPOT". Giving up.
2025-10-15 20:59:06,548 - freqtrade.exchange.exchange - ERROR - Could not load markets.
Traceback (most recent call last):
  File "/Users/htq/miniconda3/envs/freqtrade311/lib/python3.11/site-packages/aiohttp/connector.py", line 1432, in _start_tls_connection
    tls_transport = await self._loop.start_tls(
                    ^^^^^^^^^^^^^^^^^^^^^^^^^^^
  File "/Users/htq/miniconda3/envs/freqtrade311/lib/python3.11/asyncio/base_events.py", line 1253, in start_tls
    await waiter
  File "/Users/htq/miniconda3/envs/freqtrade311/lib/python3.11/asyncio/selector_events.py", line 962, in _read_ready__get_buffer
    nbytes = self._sock.recv_into(buf)
             ^^^^^^^^^^^^^^^^^^^^^^^^^
ConnectionResetError: [Errno 54] Connection reset by peer

The above exception was the direct cause of the following exception:

Traceback (most recent call last):
  File "/Users/htq/miniconda3/envs/freqtrade311/lib/python3.11/site-packages/ccxt/async_support/base/exchange.py", line 217, in fetch
    async with session_method(yarl.URL(url, encoded=True),
  File "/Users/htq/miniconda3/envs/freqtrade311/lib/python3.11/site-packages/aiohttp/client.py", line 1488, in __aenter__
    self._resp: _RetType = await self._coro
                           ^^^^^^^^^^^^^^^^
  File "/Users/htq/miniconda3/envs/freqtrade311/lib/python3.11/site-packages/aiohttp/client.py", line 770, in _request
    resp = await handler(req)
           ^^^^^^^^^^^^^^^^^^
  File "/Users/htq/miniconda3/envs/freqtrade311/lib/python3.11/site-packages/aiohttp/client.py", line 725, in _connect_and_send_request
    conn = await self._connector.connect(
           ^^^^^^^^^^^^^^^^^^^^^^^^^^^^^^
  File "/Users/htq/miniconda3/envs/freqtrade311/lib/python3.11/site-packages/aiohttp/connector.py", line 642, in connect
    proto = await self._create_connection(req, traces, timeout)
            ^^^^^^^^^^^^^^^^^^^^^^^^^^^^^^^^^^^^^^^^^^^^^^^^^^^
  File "/Users/htq/miniconda3/envs/freqtrade311/lib/python3.11/site-packages/aiohttp/connector.py", line 1207, in _create_connection
    _, proto = await self._create_proxy_connection(req, traces, timeout)
               ^^^^^^^^^^^^^^^^^^^^^^^^^^^^^^^^^^^^^^^^^^^^^^^^^^^^^^^^^
  File "/Users/htq/miniconda3/envs/freqtrade311/lib/python3.11/site-packages/aiohttp/connector.py", line 1697, in _create_proxy_connection
    return await self._start_tls_connection(
           ^^^^^^^^^^^^^^^^^^^^^^^^^^^^^^^^^
  File "/Users/htq/miniconda3/envs/freqtrade311/lib/python3.11/site-packages/aiohttp/connector.py", line 1465, in _start_tls_connection
    raise client_error(req.connection_key, exc) from exc
aiohttp.client_exceptions.ClientConnectorError: Cannot connect to host www.okx.com:443 ssl:default [Connection reset by peer]

The above exception was the direct cause of the following exception:

Traceback (most recent call last):
  File "/Users/htq/Desktop/真正的金融/币圈/freqtrade/freqtrade/exchange/exchange.py", line 651, in _api_reload_markets
    await self._api_async.load_markets(reload=reload, params={})
  File "/Users/htq/miniconda3/envs/freqtrade311/lib/python3.11/site-packages/ccxt/async_support/base/exchange.py", line 338, in load_markets
    raise e
  File "/Users/htq/miniconda3/envs/freqtrade311/lib/python3.11/site-packages/ccxt/async_support/base/exchange.py", line 330, in load_markets
    result = await self.markets_loading
             ^^^^^^^^^^^^^^^^^^^^^^^^^^
  File "/Users/htq/miniconda3/envs/freqtrade311/lib/python3.11/site-packages/ccxt/async_support/base/exchange.py", line 297, in load_markets_helper
    markets = await self.fetch_markets(params)
              ^^^^^^^^^^^^^^^^^^^^^^^^^^^^^^^^
  File "/Users/htq/miniconda3/envs/freqtrade311/lib/python3.11/site-packages/ccxt/async_support/okx.py", line 1576, in fetch_markets
    promises = await asyncio.gather(*promises)
               ^^^^^^^^^^^^^^^^^^^^^^^^^^^^^^^
  File "/Users/htq/miniconda3/envs/freqtrade311/lib/python3.11/site-packages/ccxt/async_support/okx.py", line 1744, in fetch_markets_by_type
    response = await self.publicGetPublicInstruments(self.extend(request, params))
               ^^^^^^^^^^^^^^^^^^^^^^^^^^^^^^^^^^^^^^^^^^^^^^^^^^^^^^^^^^^^^^^^^^^
  File "/Users/htq/miniconda3/envs/freqtrade311/lib/python3.11/site-packages/ccxt/async_support/base/exchange.py", line 978, in request
    return await self.fetch2(path, api, method, params, headers, body, config)
           ^^^^^^^^^^^^^^^^^^^^^^^^^^^^^^^^^^^^^^^^^^^^^^^^^^^^^^^^^^^^^^^^^^^
  File "/Users/htq/miniconda3/envs/freqtrade311/lib/python3.11/site-packages/ccxt/async_support/base/exchange.py", line 972, in fetch2
    raise e
  File "/Users/htq/miniconda3/envs/freqtrade311/lib/python3.11/site-packages/ccxt/async_support/base/exchange.py", line 963, in fetch2
    return await self.fetch(request['url'], request['method'], request['headers'], request['body'])
           ^^^^^^^^^^^^^^^^^^^^^^^^^^^^^^^^^^^^^^^^^^^^^^^^^^^^^^^^^^^^^^^^^^^^^^^^^^^^^^^^^^^^^^^^
  File "/Users/htq/miniconda3/envs/freqtrade311/lib/python3.11/site-packages/ccxt/async_support/base/exchange.py", line 257, in fetch
    raise ExchangeNotAvailable(details) from e
ccxt.base.errors.ExchangeNotAvailable: okx GET https://www.okx.com/api/v5/public/instruments?instType=SPOT

The above exception was the direct cause of the following exception:

Traceback (most recent call last):
  File "/Users/htq/Desktop/真正的金融/币圈/freqtrade/freqtrade/exchange/exchange.py", line 691, in reload_markets
    retrier(self._load_async_markets, retries=retries)(reload=True)
  File "/Users/htq/Desktop/真正的金融/币圈/freqtrade/freqtrade/exchange/common.py", line 187, in wrapper
    raise ex
  File "/Users/htq/Desktop/真正的金融/币圈/freqtrade/freqtrade/exchange/common.py", line 172, in wrapper
    return f(*args, **kwargs)
           ^^^^^^^^^^^^^^^^^^
  File "/Users/htq/Desktop/真正的金融/币圈/freqtrade/freqtrade/exchange/exchange.py", line 664, in _load_async_markets
    markets = self.loop.run_until_complete(self._api_reload_markets(reload=reload))
              ^^^^^^^^^^^^^^^^^^^^^^^^^^^^^^^^^^^^^^^^^^^^^^^^^^^^^^^^^^^^^^^^^^^^^
  File "/Users/htq/miniconda3/envs/freqtrade311/lib/python3.11/asyncio/base_events.py", line 650, in run_until_complete
    return future.result()
           ^^^^^^^^^^^^^^^
  File "/Users/htq/Desktop/真正的金融/币圈/freqtrade/freqtrade/exchange/exchange.py", line 655, in _api_reload_markets
    raise TemporaryError(
freqtrade.exceptions.TemporaryError: Error in reload_markets due to ExchangeNotAvailable. Message: okx GET https://www.okx.com/api/v5/public/instruments?instType=SPOT
2025-10-15 20:59:06,671 - freqtrade.worker - INFO - Bot heartbeat. PID=55755, version='2025.8', state='RUNNING'
2025-10-15 20:59:07,075 - freqtrade.exchange.common - WARNING - _load_async_markets() returned exception: "Error in reload_markets due to ExchangeNotAvailable. Message: okx GET 
https://www.okx.com/api/v5/public/instruments?instType=SPOT". Giving up.
2025-10-15 20:59:07,115 - freqtrade.exchange.exchange - ERROR - Could not load markets.
Traceback (most recent call last):
  File "/Users/htq/miniconda3/envs/freqtrade311/lib/python3.11/site-packages/aiohttp/connector.py", line 1432, in _start_tls_connection
    tls_transport = await self._loop.start_tls(
                    ^^^^^^^^^^^^^^^^^^^^^^^^^^^
  File "/Users/htq/miniconda3/envs/freqtrade311/lib/python3.11/asyncio/base_events.py", line 1253, in start_tls
    await waiter
  File "/Users/htq/miniconda3/envs/freqtrade311/lib/python3.11/asyncio/selector_events.py", line 962, in _read_ready__get_buffer
    nbytes = self._sock.recv_into(buf)
             ^^^^^^^^^^^^^^^^^^^^^^^^^
ConnectionResetError: [Errno 54] Connection reset by peer

The above exception was the direct cause of the following exception:

Traceback (most recent call last):
  File "/Users/htq/miniconda3/envs/freqtrade311/lib/python3.11/site-packages/ccxt/async_support/base/exchange.py", line 217, in fetch
    async with session_method(yarl.URL(url, encoded=True),
  File "/Users/htq/miniconda3/envs/freqtrade311/lib/python3.11/site-packages/aiohttp/client.py", line 1488, in __aenter__
    self._resp: _RetType = await self._coro
                           ^^^^^^^^^^^^^^^^
  File "/Users/htq/miniconda3/envs/freqtrade311/lib/python3.11/site-packages/aiohttp/client.py", line 770, in _request
    resp = await handler(req)
           ^^^^^^^^^^^^^^^^^^
  File "/Users/htq/miniconda3/envs/freqtrade311/lib/python3.11/site-packages/aiohttp/client.py", line 725, in _connect_and_send_request
    conn = await self._connector.connect(
           ^^^^^^^^^^^^^^^^^^^^^^^^^^^^^^
  File "/Users/htq/miniconda3/envs/freqtrade311/lib/python3.11/site-packages/aiohttp/connector.py", line 642, in connect
    proto = await self._create_connection(req, traces, timeout)
            ^^^^^^^^^^^^^^^^^^^^^^^^^^^^^^^^^^^^^^^^^^^^^^^^^^^
  File "/Users/htq/miniconda3/envs/freqtrade311/lib/python3.11/site-packages/aiohttp/connector.py", line 1207, in _create_connection
    _, proto = await self._create_proxy_connection(req, traces, timeout)
               ^^^^^^^^^^^^^^^^^^^^^^^^^^^^^^^^^^^^^^^^^^^^^^^^^^^^^^^^^
  File "/Users/htq/miniconda3/envs/freqtrade311/lib/python3.11/site-packages/aiohttp/connector.py", line 1697, in _create_proxy_connection
    return await self._start_tls_connection(
           ^^^^^^^^^^^^^^^^^^^^^^^^^^^^^^^^^
  File "/Users/htq/miniconda3/envs/freqtrade311/lib/python3.11/site-packages/aiohttp/connector.py", line 1465, in _start_tls_connection
    raise client_error(req.connection_key, exc) from exc
aiohttp.client_exceptions.ClientConnectorError: Cannot connect to host www.okx.com:443 ssl:default [Connection reset by peer]

The above exception was the direct cause of the following exception:

Traceback (most recent call last):
  File "/Users/htq/Desktop/真正的金融/币圈/freqtrade/freqtrade/exchange/exchange.py", line 651, in _api_reload_markets
    await self._api_async.load_markets(reload=reload, params={})
  File "/Users/htq/miniconda3/envs/freqtrade311/lib/python3.11/site-packages/ccxt/async_support/base/exchange.py", line 338, in load_markets
    raise e
  File "/Users/htq/miniconda3/envs/freqtrade311/lib/python3.11/site-packages/ccxt/async_support/base/exchange.py", line 330, in load_markets
    result = await self.markets_loading
             ^^^^^^^^^^^^^^^^^^^^^^^^^^
  File "/Users/htq/miniconda3/envs/freqtrade311/lib/python3.11/site-packages/ccxt/async_support/base/exchange.py", line 297, in load_markets_helper
    markets = await self.fetch_markets(params)
              ^^^^^^^^^^^^^^^^^^^^^^^^^^^^^^^^
  File "/Users/htq/miniconda3/envs/freqtrade311/lib/python3.11/site-packages/ccxt/async_support/okx.py", line 1576, in fetch_markets
    promises = await asyncio.gather(*promises)
               ^^^^^^^^^^^^^^^^^^^^^^^^^^^^^^^
  File "/Users/htq/miniconda3/envs/freqtrade311/lib/python3.11/site-packages/ccxt/async_support/okx.py", line 1744, in fetch_markets_by_type
    response = await self.publicGetPublicInstruments(self.extend(request, params))
               ^^^^^^^^^^^^^^^^^^^^^^^^^^^^^^^^^^^^^^^^^^^^^^^^^^^^^^^^^^^^^^^^^^^
  File "/Users/htq/miniconda3/envs/freqtrade311/lib/python3.11/site-packages/ccxt/async_support/base/exchange.py", line 978, in request
    return await self.fetch2(path, api, method, params, headers, body, config)
           ^^^^^^^^^^^^^^^^^^^^^^^^^^^^^^^^^^^^^^^^^^^^^^^^^^^^^^^^^^^^^^^^^^^
  File "/Users/htq/miniconda3/envs/freqtrade311/lib/python3.11/site-packages/ccxt/async_support/base/exchange.py", line 972, in fetch2
    raise e
  File "/Users/htq/miniconda3/envs/freqtrade311/lib/python3.11/site-packages/ccxt/async_support/base/exchange.py", line 963, in fetch2
    return await self.fetch(request['url'], request['method'], request['headers'], request['body'])
           ^^^^^^^^^^^^^^^^^^^^^^^^^^^^^^^^^^^^^^^^^^^^^^^^^^^^^^^^^^^^^^^^^^^^^^^^^^^^^^^^^^^^^^^^
  File "/Users/htq/miniconda3/envs/freqtrade311/lib/python3.11/site-packages/ccxt/async_support/base/exchange.py", line 257, in fetch
    raise ExchangeNotAvailable(details) from e
ccxt.base.errors.ExchangeNotAvailable: okx GET https://www.okx.com/api/v5/public/instruments?instType=SPOT

The above exception was the direct cause of the following exception:

Traceback (most recent call last):
  File "/Users/htq/Desktop/真正的金融/币圈/freqtrade/freqtrade/exchange/exchange.py", line 691, in reload_markets
    retrier(self._load_async_markets, retries=retries)(reload=True)
  File "/Users/htq/Desktop/真正的金融/币圈/freqtrade/freqtrade/exchange/common.py", line 187, in wrapper
    raise ex
  File "/Users/htq/Desktop/真正的金融/币圈/freqtrade/freqtrade/exchange/common.py", line 172, in wrapper
    return f(*args, **kwargs)
           ^^^^^^^^^^^^^^^^^^
  File "/Users/htq/Desktop/真正的金融/币圈/freqtrade/freqtrade/exchange/exchange.py", line 664, in _load_async_markets
    markets = self.loop.run_until_complete(self._api_reload_markets(reload=reload))
              ^^^^^^^^^^^^^^^^^^^^^^^^^^^^^^^^^^^^^^^^^^^^^^^^^^^^^^^^^^^^^^^^^^^^^
  File "/Users/htq/miniconda3/envs/freqtrade311/lib/python3.11/asyncio/base_events.py", line 650, in run_until_complete
    return future.result()
           ^^^^^^^^^^^^^^^
  File "/Users/htq/Desktop/真正的金融/币圈/freqtrade/freqtrade/exchange/exchange.py", line 655, in _api_reload_markets
    raise TemporaryError(
freqtrade.exceptions.TemporaryError: Error in reload_markets due to ExchangeNotAvailable. Message: okx GET https://www.okx.com/api/v5/public/instruments?instType=SPOT
2025-10-15 20:59:11,890 - freqtrade.exchange.common - WARNING - _load_async_markets() returned exception: "Error in reload_markets due to ExchangeNotAvailable. Message: okx GET 
https://www.okx.com/api/v5/public/instruments?instType=SPOT". Giving up.
2025-10-15 20:59:11,893 - freqtrade.exchange.exchange - ERROR - Could not load markets.
Traceback (most recent call last):
  File "/Users/htq/miniconda3/envs/freqtrade311/lib/python3.11/site-packages/aiohttp/connector.py", line 1432, in _start_tls_connection
    tls_transport = await self._loop.start_tls(
                    ^^^^^^^^^^^^^^^^^^^^^^^^^^^
  File "/Users/htq/miniconda3/envs/freqtrade311/lib/python3.11/asyncio/base_events.py", line 1253, in start_tls
    await waiter
  File "/Users/htq/miniconda3/envs/freqtrade311/lib/python3.11/asyncio/selector_events.py", line 962, in _read_ready__get_buffer
    nbytes = self._sock.recv_into(buf)
             ^^^^^^^^^^^^^^^^^^^^^^^^^
ConnectionResetError: [Errno 54] Connection reset by peer

The above exception was the direct cause of the following exception:

Traceback (most recent call last):
  File "/Users/htq/miniconda3/envs/freqtrade311/lib/python3.11/site-packages/ccxt/async_support/base/exchange.py", line 217, in fetch
    async with session_method(yarl.URL(url, encoded=True),
  File "/Users/htq/miniconda3/envs/freqtrade311/lib/python3.11/site-packages/aiohttp/client.py", line 1488, in __aenter__
    self._resp: _RetType = await self._coro
                           ^^^^^^^^^^^^^^^^
  File "/Users/htq/miniconda3/envs/freqtrade311/lib/python3.11/site-packages/aiohttp/client.py", line 770, in _request
    resp = await handler(req)
           ^^^^^^^^^^^^^^^^^^
  File "/Users/htq/miniconda3/envs/freqtrade311/lib/python3.11/site-packages/aiohttp/client.py", line 725, in _connect_and_send_request
    conn = await self._connector.connect(
           ^^^^^^^^^^^^^^^^^^^^^^^^^^^^^^
  File "/Users/htq/miniconda3/envs/freqtrade311/lib/python3.11/site-packages/aiohttp/connector.py", line 642, in connect
    proto = await self._create_connection(req, traces, timeout)
            ^^^^^^^^^^^^^^^^^^^^^^^^^^^^^^^^^^^^^^^^^^^^^^^^^^^
  File "/Users/htq/miniconda3/envs/freqtrade311/lib/python3.11/site-packages/aiohttp/connector.py", line 1207, in _create_connection
    _, proto = await self._create_proxy_connection(req, traces, timeout)
               ^^^^^^^^^^^^^^^^^^^^^^^^^^^^^^^^^^^^^^^^^^^^^^^^^^^^^^^^^
  File "/Users/htq/miniconda3/envs/freqtrade311/lib/python3.11/site-packages/aiohttp/connector.py", line 1697, in _create_proxy_connection
    return await self._start_tls_connection(
           ^^^^^^^^^^^^^^^^^^^^^^^^^^^^^^^^^
  File "/Users/htq/miniconda3/envs/freqtrade311/lib/python3.11/site-packages/aiohttp/connector.py", line 1465, in _start_tls_connection
    raise client_error(req.connection_key, exc) from exc
aiohttp.client_exceptions.ClientConnectorError: Cannot connect to host www.okx.com:443 ssl:default [Connection reset by peer]

The above exception was the direct cause of the following exception:

Traceback (most recent call last):
  File "/Users/htq/Desktop/真正的金融/币圈/freqtrade/freqtrade/exchange/exchange.py", line 651, in _api_reload_markets
    await self._api_async.load_markets(reload=reload, params={})
  File "/Users/htq/miniconda3/envs/freqtrade311/lib/python3.11/site-packages/ccxt/async_support/base/exchange.py", line 338, in load_markets
    raise e
  File "/Users/htq/miniconda3/envs/freqtrade311/lib/python3.11/site-packages/ccxt/async_support/base/exchange.py", line 330, in load_markets
    result = await self.markets_loading
             ^^^^^^^^^^^^^^^^^^^^^^^^^^
  File "/Users/htq/miniconda3/envs/freqtrade311/lib/python3.11/site-packages/ccxt/async_support/base/exchange.py", line 297, in load_markets_helper
    markets = await self.fetch_markets(params)
              ^^^^^^^^^^^^^^^^^^^^^^^^^^^^^^^^
  File "/Users/htq/miniconda3/envs/freqtrade311/lib/python3.11/site-packages/ccxt/async_support/okx.py", line 1576, in fetch_markets
    promises = await asyncio.gather(*promises)
               ^^^^^^^^^^^^^^^^^^^^^^^^^^^^^^^
  File "/Users/htq/miniconda3/envs/freqtrade311/lib/python3.11/site-packages/ccxt/async_support/okx.py", line 1744, in fetch_markets_by_type
    response = await self.publicGetPublicInstruments(self.extend(request, params))
               ^^^^^^^^^^^^^^^^^^^^^^^^^^^^^^^^^^^^^^^^^^^^^^^^^^^^^^^^^^^^^^^^^^^
  File "/Users/htq/miniconda3/envs/freqtrade311/lib/python3.11/site-packages/ccxt/async_support/base/exchange.py", line 978, in request
    return await self.fetch2(path, api, method, params, headers, body, config)
           ^^^^^^^^^^^^^^^^^^^^^^^^^^^^^^^^^^^^^^^^^^^^^^^^^^^^^^^^^^^^^^^^^^^
  File "/Users/htq/miniconda3/envs/freqtrade311/lib/python3.11/site-packages/ccxt/async_support/base/exchange.py", line 972, in fetch2
    raise e
  File "/Users/htq/miniconda3/envs/freqtrade311/lib/python3.11/site-packages/ccxt/async_support/base/exchange.py", line 963, in fetch2
    return await self.fetch(request['url'], request['method'], request['headers'], request['body'])
           ^^^^^^^^^^^^^^^^^^^^^^^^^^^^^^^^^^^^^^^^^^^^^^^^^^^^^^^^^^^^^^^^^^^^^^^^^^^^^^^^^^^^^^^^
  File "/Users/htq/miniconda3/envs/freqtrade311/lib/python3.11/site-packages/ccxt/async_support/base/exchange.py", line 257, in fetch
    raise ExchangeNotAvailable(details) from e
ccxt.base.errors.ExchangeNotAvailable: okx GET https://www.okx.com/api/v5/public/instruments?instType=SPOT

The above exception was the direct cause of the following exception:

Traceback (most recent call last):
  File "/Users/htq/Desktop/真正的金融/币圈/freqtrade/freqtrade/exchange/exchange.py", line 691, in reload_markets
    retrier(self._load_async_markets, retries=retries)(reload=True)
  File "/Users/htq/Desktop/真正的金融/币圈/freqtrade/freqtrade/exchange/common.py", line 187, in wrapper
    raise ex
  File "/Users/htq/Desktop/真正的金融/币圈/freqtrade/freqtrade/exchange/common.py", line 172, in wrapper
    return f(*args, **kwargs)
           ^^^^^^^^^^^^^^^^^^
  File "/Users/htq/Desktop/真正的金融/币圈/freqtrade/freqtrade/exchange/exchange.py", line 664, in _load_async_markets
    markets = self.loop.run_until_complete(self._api_reload_markets(reload=reload))
              ^^^^^^^^^^^^^^^^^^^^^^^^^^^^^^^^^^^^^^^^^^^^^^^^^^^^^^^^^^^^^^^^^^^^^
  File "/Users/htq/miniconda3/envs/freqtrade311/lib/python3.11/asyncio/base_events.py", line 650, in run_until_complete
    return future.result()
           ^^^^^^^^^^^^^^^
  File "/Users/htq/Desktop/真正的金融/币圈/freqtrade/freqtrade/exchange/exchange.py", line 655, in _api_reload_markets
    raise TemporaryError(
freqtrade.exceptions.TemporaryError: Error in reload_markets due to ExchangeNotAvailable. Message: okx GET https://www.okx.com/api/v5/public/instruments?instType=SPOT
2025-10-15 20:59:16,994 - freqtrade.exchange.common - WARNING - _load_async_markets() returned exception: "Error in reload_markets due to ExchangeNotAvailable. Message: okx GET 
https://www.okx.com/api/v5/public/instruments?instType=SPOT". Giving up.
2025-10-15 20:59:16,994 - freqtrade.exchange.exchange - ERROR - Could not load markets.
Traceback (most recent call last):
  File "/Users/htq/miniconda3/envs/freqtrade311/lib/python3.11/site-packages/aiohttp/connector.py", line 1432, in _start_tls_connection
    tls_transport = await self._loop.start_tls(
                    ^^^^^^^^^^^^^^^^^^^^^^^^^^^
  File "/Users/htq/miniconda3/envs/freqtrade311/lib/python3.11/asyncio/base_events.py", line 1253, in start_tls
    await waiter
  File "/Users/htq/miniconda3/envs/freqtrade311/lib/python3.11/asyncio/selector_events.py", line 962, in _read_ready__get_buffer
    nbytes = self._sock.recv_into(buf)
             ^^^^^^^^^^^^^^^^^^^^^^^^^
ConnectionResetError: [Errno 54] Connection reset by peer

The above exception was the direct cause of the following exception:

Traceback (most recent call last):
  File "/Users/htq/miniconda3/envs/freqtrade311/lib/python3.11/site-packages/ccxt/async_support/base/exchange.py", line 217, in fetch
    async with session_method(yarl.URL(url, encoded=True),
  File "/Users/htq/miniconda3/envs/freqtrade311/lib/python3.11/site-packages/aiohttp/client.py", line 1488, in __aenter__
    self._resp: _RetType = await self._coro
                           ^^^^^^^^^^^^^^^^
  File "/Users/htq/miniconda3/envs/freqtrade311/lib/python3.11/site-packages/aiohttp/client.py", line 770, in _request
    resp = await handler(req)
           ^^^^^^^^^^^^^^^^^^
  File "/Users/htq/miniconda3/envs/freqtrade311/lib/python3.11/site-packages/aiohttp/client.py", line 725, in _connect_and_send_request
    conn = await self._connector.connect(
           ^^^^^^^^^^^^^^^^^^^^^^^^^^^^^^
  File "/Users/htq/miniconda3/envs/freqtrade311/lib/python3.11/site-packages/aiohttp/connector.py", line 642, in connect
    proto = await self._create_connection(req, traces, timeout)
            ^^^^^^^^^^^^^^^^^^^^^^^^^^^^^^^^^^^^^^^^^^^^^^^^^^^
  File "/Users/htq/miniconda3/envs/freqtrade311/lib/python3.11/site-packages/aiohttp/connector.py", line 1207, in _create_connection
    _, proto = await self._create_proxy_connection(req, traces, timeout)
               ^^^^^^^^^^^^^^^^^^^^^^^^^^^^^^^^^^^^^^^^^^^^^^^^^^^^^^^^^
  File "/Users/htq/miniconda3/envs/freqtrade311/lib/python3.11/site-packages/aiohttp/connector.py", line 1697, in _create_proxy_connection
    return await self._start_tls_connection(
           ^^^^^^^^^^^^^^^^^^^^^^^^^^^^^^^^^
  File "/Users/htq/miniconda3/envs/freqtrade311/lib/python3.11/site-packages/aiohttp/connector.py", line 1465, in _start_tls_connection
    raise client_error(req.connection_key, exc) from exc
aiohttp.client_exceptions.ClientConnectorError: Cannot connect to host www.okx.com:443 ssl:default [Connection reset by peer]

The above exception was the direct cause of the following exception:

Traceback (most recent call last):
  File "/Users/htq/Desktop/真正的金融/币圈/freqtrade/freqtrade/exchange/exchange.py", line 651, in _api_reload_markets
    await self._api_async.load_markets(reload=reload, params={})
  File "/Users/htq/miniconda3/envs/freqtrade311/lib/python3.11/site-packages/ccxt/async_support/base/exchange.py", line 338, in load_markets
    raise e
  File "/Users/htq/miniconda3/envs/freqtrade311/lib/python3.11/site-packages/ccxt/async_support/base/exchange.py", line 330, in load_markets
    result = await self.markets_loading
             ^^^^^^^^^^^^^^^^^^^^^^^^^^
  File "/Users/htq/miniconda3/envs/freqtrade311/lib/python3.11/site-packages/ccxt/async_support/base/exchange.py", line 297, in load_markets_helper
    markets = await self.fetch_markets(params)
              ^^^^^^^^^^^^^^^^^^^^^^^^^^^^^^^^
  File "/Users/htq/miniconda3/envs/freqtrade311/lib/python3.11/site-packages/ccxt/async_support/okx.py", line 1576, in fetch_markets
    promises = await asyncio.gather(*promises)
               ^^^^^^^^^^^^^^^^^^^^^^^^^^^^^^^
  File "/Users/htq/miniconda3/envs/freqtrade311/lib/python3.11/site-packages/ccxt/async_support/okx.py", line 1744, in fetch_markets_by_type
    response = await self.publicGetPublicInstruments(self.extend(request, params))
               ^^^^^^^^^^^^^^^^^^^^^^^^^^^^^^^^^^^^^^^^^^^^^^^^^^^^^^^^^^^^^^^^^^^
  File "/Users/htq/miniconda3/envs/freqtrade311/lib/python3.11/site-packages/ccxt/async_support/base/exchange.py", line 978, in request
    return await self.fetch2(path, api, method, params, headers, body, config)
           ^^^^^^^^^^^^^^^^^^^^^^^^^^^^^^^^^^^^^^^^^^^^^^^^^^^^^^^^^^^^^^^^^^^
  File "/Users/htq/miniconda3/envs/freqtrade311/lib/python3.11/site-packages/ccxt/async_support/base/exchange.py", line 972, in fetch2
    raise e
  File "/Users/htq/miniconda3/envs/freqtrade311/lib/python3.11/site-packages/ccxt/async_support/base/exchange.py", line 963, in fetch2
    return await self.fetch(request['url'], request['method'], request['headers'], request['body'])
           ^^^^^^^^^^^^^^^^^^^^^^^^^^^^^^^^^^^^^^^^^^^^^^^^^^^^^^^^^^^^^^^^^^^^^^^^^^^^^^^^^^^^^^^^
  File "/Users/htq/miniconda3/envs/freqtrade311/lib/python3.11/site-packages/ccxt/async_support/base/exchange.py", line 257, in fetch
    raise ExchangeNotAvailable(details) from e
ccxt.base.errors.ExchangeNotAvailable: okx GET https://www.okx.com/api/v5/public/instruments?instType=SPOT

The above exception was the direct cause of the following exception:

Traceback (most recent call last):
  File "/Users/htq/Desktop/真正的金融/币圈/freqtrade/freqtrade/exchange/exchange.py", line 691, in reload_markets
    retrier(self._load_async_markets, retries=retries)(reload=True)
  File "/Users/htq/Desktop/真正的金融/币圈/freqtrade/freqtrade/exchange/common.py", line 187, in wrapper
    raise ex
  File "/Users/htq/Desktop/真正的金融/币圈/freqtrade/freqtrade/exchange/common.py", line 172, in wrapper
    return f(*args, **kwargs)
           ^^^^^^^^^^^^^^^^^^
  File "/Users/htq/Desktop/真正的金融/币圈/freqtrade/freqtrade/exchange/exchange.py", line 664, in _load_async_markets
    markets = self.loop.run_until_complete(self._api_reload_markets(reload=reload))
              ^^^^^^^^^^^^^^^^^^^^^^^^^^^^^^^^^^^^^^^^^^^^^^^^^^^^^^^^^^^^^^^^^^^^^
  File "/Users/htq/miniconda3/envs/freqtrade311/lib/python3.11/asyncio/base_events.py", line 650, in run_until_complete
    return future.result()
           ^^^^^^^^^^^^^^^
  File "/Users/htq/Desktop/真正的金融/币圈/freqtrade/freqtrade/exchange/exchange.py", line 655, in _api_reload_markets
    raise TemporaryError(
freqtrade.exceptions.TemporaryError: Error in reload_markets due to ExchangeNotAvailable. Message: okx GET https://www.okx.com/api/v5/public/instruments?instType=SPOT
2025-10-15 21:00:01,012 - freqtrade.exchange.exchange - INFO - Couldn't reuse watch for DOGE/USDT, 1h, falling back to REST api. False, 1760533200000, 0, 2025-10-15T13:00:00, 1970-01-01T00:00:00 
2025-10-15 21:00:11,011 - freqtrade.worker - INFO - Bot heartbeat. PID=55755, version='2025.8', state='RUNNING'
2025-10-15 21:01:11,061 - freqtrade.worker - INFO - Bot heartbeat. PID=55755, version='2025.8', state='RUNNING'
2025-10-15 21:02:11,117 - freqtrade.worker - INFO - Bot heartbeat. PID=55755, version='2025.8', state='RUNNING'
2025-10-15 21:03:11,163 - freqtrade.worker - INFO - Bot heartbeat. PID=55755, version='2025.8', state='RUNNING'
2025-10-15 21:04:11,216 - freqtrade.worker - INFO - Bot heartbeat. PID=55755, version='2025.8', state='RUNNING'
2025-10-15 21:05:11,303 - freqtrade.worker - INFO - Bot heartbeat. PID=55755, version='2025.8', state='RUNNING'
2025-10-15 21:06:11,399 - freqtrade.worker - INFO - Bot heartbeat. PID=55755, version='2025.8', state='RUNNING'
2025-10-15 21:07:11,495 - freqtrade.worker - INFO - Bot heartbeat. PID=55755, version='2025.8', state='RUNNING'
2025-10-15 21:08:11,589 - freqtrade.worker - INFO - Bot heartbeat. PID=55755, version='2025.8', state='RUNNING'
2025-10-15 21:09:11,692 - freqtrade.worker - INFO - Bot heartbeat. PID=55755, version='2025.8', state='RUNNING'
2025-10-15 21:10:11,782 - freqtrade.worker - INFO - Bot heartbeat. PID=55755, version='2025.8', state='RUNNING'
2025-10-15 21:11:11,853 - freqtrade.worker - INFO - Bot heartbeat. PID=55755, version='2025.8', state='RUNNING'
2025-10-15 21:12:11,933 - freqtrade.worker - INFO - Bot heartbeat. PID=55755, version='2025.8', state='RUNNING'
2025-10-15 21:13:12,021 - freqtrade.worker - INFO - Bot heartbeat. PID=55755, version='2025.8', state='RUNNING'
2025-10-15 21:14:12,122 - freqtrade.worker - INFO - Bot heartbeat. PID=55755, version='2025.8', state='RUNNING'
2025-10-15 21:15:12,228 - freqtrade.worker - INFO - Bot heartbeat. PID=55755, version='2025.8', state='RUNNING'
2025-10-15 21:16:12,318 - freqtrade.worker - INFO - Bot heartbeat. PID=55755, version='2025.8', state='RUNNING'
2025-10-15 21:17:12,422 - freqtrade.worker - INFO - Bot heartbeat. PID=55755, version='2025.8', state='RUNNING'
2025-10-15 21:18:12,484 - freqtrade.worker - INFO - Bot heartbeat. PID=55755, version='2025.8', state='RUNNING'
2025-10-15 21:19:12,539 - freqtrade.worker - INFO - Bot heartbeat. PID=55755, version='2025.8', state='RUNNING'
2025-10-15 21:20:12,593 - freqtrade.worker - INFO - Bot heartbeat. PID=55755, version='2025.8', state='RUNNING'
2025-10-15 21:21:12,645 - freqtrade.worker - INFO - Bot heartbeat. PID=55755, version='2025.8', state='RUNNING'
2025-10-15 21:22:12,710 - freqtrade.worker - INFO - Bot heartbeat. PID=55755, version='2025.8', state='RUNNING'
2025-10-15 21:23:12,812 - freqtrade.worker - INFO - Bot heartbeat. PID=55755, version='2025.8', state='RUNNING'
2025-10-15 21:24:12,912 - freqtrade.worker - INFO - Bot heartbeat. PID=55755, version='2025.8', state='RUNNING'
2025-10-15 21:25:13,108 - freqtrade.worker - INFO - Bot heartbeat. PID=55755, version='2025.8', state='RUNNING'
2025-10-15 21:26:13,164 - freqtrade.worker - INFO - Bot heartbeat. PID=55755, version='2025.8', state='RUNNING'
2025-10-15 21:27:13,214 - freqtrade.worker - INFO - Bot heartbeat. PID=55755, version='2025.8', state='RUNNING'
2025-10-15 21:28:13,264 - freqtrade.worker - INFO - Bot heartbeat. PID=55755, version='2025.8', state='RUNNING'
2025-10-15 21:29:13,307 - freqtrade.worker - INFO - Bot heartbeat. PID=55755, version='2025.8', state='RUNNING'
2025-10-15 21:30:13,365 - freqtrade.worker - INFO - Bot heartbeat. PID=55755, version='2025.8', state='RUNNING'
2025-10-15 21:31:13,444 - freqtrade.worker - INFO - Bot heartbeat. PID=55755, version='2025.8', state='RUNNING'
2025-10-15 21:32:13,556 - freqtrade.worker - INFO - Bot heartbeat. PID=55755, version='2025.8', state='RUNNING'
2025-10-15 21:33:13,656 - freqtrade.worker - INFO - Bot heartbeat. PID=55755, version='2025.8', state='RUNNING'
2025-10-15 21:34:13,742 - freqtrade.worker - INFO - Bot heartbeat. PID=55755, version='2025.8', state='RUNNING'
2025-10-15 21:35:13,854 - freqtrade.worker - INFO - Bot heartbeat. PID=55755, version='2025.8', state='RUNNING'
2025-10-15 21:36:13,959 - freqtrade.worker - INFO - Bot heartbeat. PID=55755, version='2025.8', state='RUNNING'
2025-10-15 21:37:14,070 - freqtrade.worker - INFO - Bot heartbeat. PID=55755, version='2025.8', state='RUNNING'
2025-10-15 21:38:14,155 - freqtrade.worker - INFO - Bot heartbeat. PID=55755, version='2025.8', state='RUNNING'
2025-10-15 21:39:14,229 - freqtrade.worker - INFO - Bot heartbeat. PID=55755, version='2025.8', state='RUNNING'
2025-10-15 21:39:41,138 - freqtrade.wallets - INFO - Wallets synced.
2025-10-15 21:39:41,177 - uvicorn.error - INFO - 127.0.0.1:64250 - "WebSocket 
/api/v1/message/ws?token=eyJhbGciOiJIUzI1NiIsInR5cCI6IkpXVCJ9.eyJpZGVudGl0eSI6eyJ1IjoiRnJlcXRyYWRlciJ9LCJleHAiOjE3NjA1MzY0ODEsImlhdCI6MTc2MDUzNTU4MSwidHlwZSI6ImFjY2VzcyJ9.AapV2Z3kv21XsjMlgU4JOhBntEqrX
IntDIqR3P9vcGI" [accepted]
2025-10-15 21:39:41,178 - freqtrade.rpc.api_server.ws.channel - INFO - Connected to channel - WebSocketChannel(d155047e, ('127.0.0.1', 64250))
2025-10-15 21:39:41,180 - uvicorn.error - INFO - connection open
2025-10-15 21:40:14,282 - freqtrade.worker - INFO - Bot heartbeat. PID=55755, version='2025.8', state='RUNNING'
2025-10-15 21:40:56,191 - urllib3.connectionpool - WARNING - Retrying (Retry(total=0, connect=None, read=None, redirect=None, status=None)) after connection broken by 
'ConnectTimeoutError(<urllib3.connection.HTTPSConnection object at 0x130cb28d0>, 'Connection to api.coingecko.com timed out. (connect timeout=120)')': /api/v3/simple/price?ids=tether&vs_currencies=usd
2025-10-15 21:40:56,193 - urllib3.connectionpool - WARNING - Retrying (Retry(total=0, connect=None, read=None, redirect=None, status=None)) after connection broken by 
'ConnectTimeoutError(<urllib3.connection.HTTPSConnection object at 0x134c154d0>, 'Connection to api.coingecko.com timed out. (connect timeout=120)')': /api/v3/simple/price?ids=tether&vs_currencies=usd
2025-10-15 21:40:56,223 - urllib3.connectionpool - WARNING - Retrying (Retry(total=0, connect=None, read=None, redirect=None, status=None)) after connection broken by 
'ConnectTimeoutError(<urllib3.connection.HTTPSConnection object at 0x130a1e5d0>, 'Connection to api.coingecko.com timed out. (connect timeout=120)')': /api/v3/simple/price?ids=tether&vs_currencies=usd
2025-10-15 21:41:11,021 - uvicorn.error - ERROR - Exception in ASGI application
Traceback (most recent call last):
  File "/Users/htq/miniconda3/envs/freqtrade311/lib/python3.11/site-packages/uvicorn/protocols/http/h11_impl.py", line 403, in run_asgi
    result = await app(  # type: ignore[func-returns-value]
             ^^^^^^^^^^^^^^^^^^^^^^^^^^^^^^^^^^^^^^^^^^^^^^
  File "/Users/htq/miniconda3/envs/freqtrade311/lib/python3.11/site-packages/uvicorn/middleware/proxy_headers.py", line 60, in __call__
    return await self.app(scope, receive, send)
           ^^^^^^^^^^^^^^^^^^^^^^^^^^^^^^^^^^^^
  File "/Users/htq/miniconda3/envs/freqtrade311/lib/python3.11/site-packages/fastapi/applications.py", line 1054, in __call__
    await super().__call__(scope, receive, send)
  File "/Users/htq/miniconda3/envs/freqtrade311/lib/python3.11/site-packages/starlette/applications.py", line 113, in __call__
    await self.middleware_stack(scope, receive, send)
  File "/Users/htq/miniconda3/envs/freqtrade311/lib/python3.11/site-packages/starlette/middleware/errors.py", line 186, in __call__
    raise exc
  File "/Users/htq/miniconda3/envs/freqtrade311/lib/python3.11/site-packages/starlette/middleware/errors.py", line 164, in __call__
    await self.app(scope, receive, _send)
  File "/Users/htq/miniconda3/envs/freqtrade311/lib/python3.11/site-packages/starlette/middleware/cors.py", line 85, in __call__
    await self.app(scope, receive, send)
  File "/Users/htq/miniconda3/envs/freqtrade311/lib/python3.11/site-packages/starlette/middleware/exceptions.py", line 63, in __call__
    await wrap_app_handling_exceptions(self.app, conn)(scope, receive, send)
  File "/Users/htq/miniconda3/envs/freqtrade311/lib/python3.11/site-packages/starlette/_exception_handler.py", line 53, in wrapped_app
    raise exc
  File "/Users/htq/miniconda3/envs/freqtrade311/lib/python3.11/site-packages/starlette/_exception_handler.py", line 42, in wrapped_app
    await app(scope, receive, sender)
  File "/Users/htq/miniconda3/envs/freqtrade311/lib/python3.11/site-packages/starlette/routing.py", line 716, in __call__
    await self.middleware_stack(scope, receive, send)
  File "/Users/htq/miniconda3/envs/freqtrade311/lib/python3.11/site-packages/starlette/routing.py", line 736, in app
    await route.handle(scope, receive, send)
  File "/Users/htq/miniconda3/envs/freqtrade311/lib/python3.11/site-packages/starlette/routing.py", line 290, in handle
    await self.app(scope, receive, send)
  File "/Users/htq/miniconda3/envs/freqtrade311/lib/python3.11/site-packages/starlette/routing.py", line 78, in app
    await wrap_app_handling_exceptions(app, request)(scope, receive, send)
  File "/Users/htq/miniconda3/envs/freqtrade311/lib/python3.11/site-packages/starlette/_exception_handler.py", line 53, in wrapped_app
    raise exc
  File "/Users/htq/miniconda3/envs/freqtrade311/lib/python3.11/site-packages/starlette/_exception_handler.py", line 42, in wrapped_app
    await app(scope, receive, sender)
  File "/Users/htq/miniconda3/envs/freqtrade311/lib/python3.11/site-packages/starlette/routing.py", line 75, in app
    response = await f(request)
               ^^^^^^^^^^^^^^^^
  File "/Users/htq/miniconda3/envs/freqtrade311/lib/python3.11/contextlib.py", line 222, in __aexit__
    await self.gen.athrow(typ, value, traceback)
  File "/Users/htq/Desktop/真正的金融/币圈/freqtrade/freqtrade/rpc/api_server/deps.py", line 30, in get_rpc
    yield _rpc
  File "/Users/htq/miniconda3/envs/freqtrade311/lib/python3.11/site-packages/fastapi/routing.py", line 302, in app
    raw_response = await run_endpoint_function(
                   ^^^^^^^^^^^^^^^^^^^^^^^^^^^^
  File "/Users/htq/miniconda3/envs/freqtrade311/lib/python3.11/site-packages/fastapi/routing.py", line 215, in run_endpoint_function
    return await run_in_threadpool(dependant.call, **values)
           ^^^^^^^^^^^^^^^^^^^^^^^^^^^^^^^^^^^^^^^^^^^^^^^^^
  File "/Users/htq/miniconda3/envs/freqtrade311/lib/python3.11/site-packages/starlette/concurrency.py", line 38, in run_in_threadpool
    return await anyio.to_thread.run_sync(func)
           ^^^^^^^^^^^^^^^^^^^^^^^^^^^^^^^^^^^^
  File "/Users/htq/miniconda3/envs/freqtrade311/lib/python3.11/site-packages/anyio/to_thread.py", line 56, in run_sync
    return await get_async_backend().run_sync_in_worker_thread(
           ^^^^^^^^^^^^^^^^^^^^^^^^^^^^^^^^^^^^^^^^^^^^^^^^^^^^
  File "/Users/htq/miniconda3/envs/freqtrade311/lib/python3.11/site-packages/anyio/_backends/_asyncio.py", line 2476, in run_sync_in_worker_thread
    return await future
           ^^^^^^^^^^^^
  File "/Users/htq/miniconda3/envs/freqtrade311/lib/python3.11/site-packages/anyio/_backends/_asyncio.py", line 967, in run
    result = context.run(func, *args)
             ^^^^^^^^^^^^^^^^^^^^^^^^
  File "/Users/htq/Desktop/真正的金融/币圈/freqtrade/freqtrade/rpc/api_server/api_v1.py", line 354, in locks
    return rpc._rpc_locks()
           ^^^^^^^^^^^^^^^^
  File "/Users/htq/Desktop/真正的金融/币圈/freqtrade/freqtrade/rpc/rpc.py", line 1304, in _rpc_locks
    locks = PairLocks.get_pair_locks(None)
            ^^^^^^^^^^^^^^^^^^^^^^^^^^^^^^
  File "/Users/htq/Desktop/真正的金融/币圈/freqtrade/freqtrade/persistence/pairlock_middleware.py", line 83, in get_pair_locks
    return PairLock.query_pair_locks(pair, now, side).all()
           ^^^^^^^^^^^^^^^^^^^^^^^^^^^^^^^^^^^^^^^^^^
  File "/Users/htq/Desktop/真正的金融/币圈/freqtrade/freqtrade/persistence/pairlock.py", line 61, in query_pair_locks
    return PairLock.session.scalars(select(PairLock).filter(*filters))
           ^^^^^^^^^^^^^^^^^^^^^^^^^^^^^^^^^^^^^^^^^^^^^^^^^^^^^^^^^^^
  File "/Users/htq/miniconda3/envs/freqtrade311/lib/python3.11/site-packages/sqlalchemy/orm/scoping.py", line 1905, in scalars
    return self._proxied.scalars(
           ^^^^^^^^^^^^^^^^^^^^^^
  File "/Users/htq/miniconda3/envs/freqtrade311/lib/python3.11/site-packages/sqlalchemy/orm/session.py", line 2473, in scalars
    return self._execute_internal(
           ^^^^^^^^^^^^^^^^^^^^^^^
  File "/Users/htq/miniconda3/envs/freqtrade311/lib/python3.11/site-packages/sqlalchemy/orm/session.py", line 2241, in _execute_internal
    conn = self._connection_for_bind(bind)
           ^^^^^^^^^^^^^^^^^^^^^^^^^^^^^^^
  File "/Users/htq/miniconda3/envs/freqtrade311/lib/python3.11/site-packages/sqlalchemy/orm/session.py", line 2110, in _connection_for_bind
    return trans._connection_for_bind(engine, execution_options)
           ^^^^^^^^^^^^^^^^^^^^^^^^^^^^^^^^^^^^^^^^^^^^^^^^^^^^^
  File "<string>", line 2, in _connection_for_bind
  File "/Users/htq/miniconda3/envs/freqtrade311/lib/python3.11/site-packages/sqlalchemy/orm/state_changes.py", line 137, in _go
    ret_value = fn(self, *arg, **kw)
                ^^^^^^^^^^^^^^^^^^^^
  File "/Users/htq/miniconda3/envs/freqtrade311/lib/python3.11/site-packages/sqlalchemy/orm/session.py", line 1189, in _connection_for_bind
    conn = bind.connect()
           ^^^^^^^^^^^^^^
  File "/Users/htq/miniconda3/envs/freqtrade311/lib/python3.11/site-packages/sqlalchemy/engine/base.py", line 3277, in connect
    return self._connection_cls(self)
           ^^^^^^^^^^^^^^^^^^^^^^^^^^
  File "/Users/htq/miniconda3/envs/freqtrade311/lib/python3.11/site-packages/sqlalchemy/engine/base.py", line 143, in __init__
    self._dbapi_connection = engine.raw_connection()
                             ^^^^^^^^^^^^^^^^^^^^^^^
  File "/Users/htq/miniconda3/envs/freqtrade311/lib/python3.11/site-packages/sqlalchemy/engine/base.py", line 3301, in raw_connection
    return self.pool.connect()
           ^^^^^^^^^^^^^^^^^^^
  File "/Users/htq/miniconda3/envs/freqtrade311/lib/python3.11/site-packages/sqlalchemy/pool/base.py", line 447, in connect
    return _ConnectionFairy._checkout(self)
           ^^^^^^^^^^^^^^^^^^^^^^^^^^^^^^^^
  File "/Users/htq/miniconda3/envs/freqtrade311/lib/python3.11/site-packages/sqlalchemy/pool/base.py", line 1264, in _checkout
    fairy = _ConnectionRecord.checkout(pool)
            ^^^^^^^^^^^^^^^^^^^^^^^^^^^^^^^^
  File "/Users/htq/miniconda3/envs/freqtrade311/lib/python3.11/site-packages/sqlalchemy/pool/base.py", line 711, in checkout
    rec = pool._do_get()
          ^^^^^^^^^^^^^^
  File "/Users/htq/miniconda3/envs/freqtrade311/lib/python3.11/site-packages/sqlalchemy/pool/impl.py", line 166, in _do_get
    raise exc.TimeoutError(
sqlalchemy.exc.TimeoutError: QueuePool limit of size 5 overflow 10 reached, connection timed out, timeout 30.00 (Background on this error at: https://sqlalche.me/e/20/3o7r)
2025-10-15 21:41:14,314 - freqtrade.commands.trade_commands - INFO - worker found ... calling exit
2025-10-15 21:41:14,315 - freqtrade.rpc.rpc_manager - INFO - Sending rpc message: {'type': status, 'status': 'process died'}
2025-10-15 21:41:14,316 - freqtrade.freqtradebot - INFO - Cleaning up modules ...
2025-10-15 21:41:15,982 - uvicorn.error - ERROR - Exception in ASGI application
Traceback (most recent call last):
  File "/Users/htq/miniconda3/envs/freqtrade311/lib/python3.11/site-packages/uvicorn/protocols/http/h11_impl.py", line 403, in run_asgi
    result = await app(  # type: ignore[func-returns-value]
             ^^^^^^^^^^^^^^^^^^^^^^^^^^^^^^^^^^^^^^^^^^^^^^
  File "/Users/htq/miniconda3/envs/freqtrade311/lib/python3.11/site-packages/uvicorn/middleware/proxy_headers.py", line 60, in __call__
    return await self.app(scope, receive, send)
           ^^^^^^^^^^^^^^^^^^^^^^^^^^^^^^^^^^^^
  File "/Users/htq/miniconda3/envs/freqtrade311/lib/python3.11/site-packages/fastapi/applications.py", line 1054, in __call__
    await super().__call__(scope, receive, send)
  File "/Users/htq/miniconda3/envs/freqtrade311/lib/python3.11/site-packages/starlette/applications.py", line 113, in __call__
    await self.middleware_stack(scope, receive, send)
  File "/Users/htq/miniconda3/envs/freqtrade311/lib/python3.11/site-packages/starlette/middleware/errors.py", line 186, in __call__
    raise exc
  File "/Users/htq/miniconda3/envs/freqtrade311/lib/python3.11/site-packages/starlette/middleware/errors.py", line 164, in __call__
    await self.app(scope, receive, _send)
  File "/Users/htq/miniconda3/envs/freqtrade311/lib/python3.11/site-packages/starlette/middleware/cors.py", line 85, in __call__
    await self.app(scope, receive, send)
  File "/Users/htq/miniconda3/envs/freqtrade311/lib/python3.11/site-packages/starlette/middleware/exceptions.py", line 63, in __call__
    await wrap_app_handling_exceptions(self.app, conn)(scope, receive, send)
  File "/Users/htq/miniconda3/envs/freqtrade311/lib/python3.11/site-packages/starlette/_exception_handler.py", line 53, in wrapped_app
    raise exc
  File "/Users/htq/miniconda3/envs/freqtrade311/lib/python3.11/site-packages/starlette/_exception_handler.py", line 42, in wrapped_app
    await app(scope, receive, sender)
  File "/Users/htq/miniconda3/envs/freqtrade311/lib/python3.11/site-packages/starlette/routing.py", line 716, in __call__
    await self.middleware_stack(scope, receive, send)
  File "/Users/htq/miniconda3/envs/freqtrade311/lib/python3.11/site-packages/starlette/routing.py", line 736, in app
    await route.handle(scope, receive, send)
  File "/Users/htq/miniconda3/envs/freqtrade311/lib/python3.11/site-packages/starlette/routing.py", line 290, in handle
    await self.app(scope, receive, send)
  File "/Users/htq/miniconda3/envs/freqtrade311/lib/python3.11/site-packages/starlette/routing.py", line 78, in app
    await wrap_app_handling_exceptions(app, request)(scope, receive, send)
  File "/Users/htq/miniconda3/envs/freqtrade311/lib/python3.11/site-packages/starlette/_exception_handler.py", line 53, in wrapped_app
    raise exc
  File "/Users/htq/miniconda3/envs/freqtrade311/lib/python3.11/site-packages/starlette/_exception_handler.py", line 42, in wrapped_app
    await app(scope, receive, sender)
  File "/Users/htq/miniconda3/envs/freqtrade311/lib/python3.11/site-packages/starlette/routing.py", line 75, in app
    response = await f(request)
               ^^^^^^^^^^^^^^^^
  File "/Users/htq/miniconda3/envs/freqtrade311/lib/python3.11/contextlib.py", line 222, in __aexit__
    await self.gen.athrow(typ, value, traceback)
  File "/Users/htq/Desktop/真正的金融/币圈/freqtrade/freqtrade/rpc/api_server/deps.py", line 30, in get_rpc
    yield _rpc
  File "/Users/htq/miniconda3/envs/freqtrade311/lib/python3.11/site-packages/fastapi/routing.py", line 302, in app
    raw_response = await run_endpoint_function(
                   ^^^^^^^^^^^^^^^^^^^^^^^^^^^^
  File "/Users/htq/miniconda3/envs/freqtrade311/lib/python3.11/site-packages/fastapi/routing.py", line 215, in run_endpoint_function
    return await run_in_threadpool(dependant.call, **values)
           ^^^^^^^^^^^^^^^^^^^^^^^^^^^^^^^^^^^^^^^^^^^^^^^^^
  File "/Users/htq/miniconda3/envs/freqtrade311/lib/python3.11/site-packages/starlette/concurrency.py", line 38, in run_in_threadpool
    return await anyio.to_thread.run_sync(func)
           ^^^^^^^^^^^^^^^^^^^^^^^^^^^^^^^^^^^^
  File "/Users/htq/miniconda3/envs/freqtrade311/lib/python3.11/site-packages/anyio/to_thread.py", line 56, in run_sync
    return await get_async_backend().run_sync_in_worker_thread(
           ^^^^^^^^^^^^^^^^^^^^^^^^^^^^^^^^^^^^^^^^^^^^^^^^^^^^
  File "/Users/htq/miniconda3/envs/freqtrade311/lib/python3.11/site-packages/anyio/_backends/_asyncio.py", line 2476, in run_sync_in_worker_thread
    return await future
           ^^^^^^^^^^^^
  File "/Users/htq/miniconda3/envs/freqtrade311/lib/python3.11/site-packages/anyio/_backends/_asyncio.py", line 967, in run
    result = context.run(func, *args)
             ^^^^^^^^^^^^^^^^^^^^^^^^
  File "/Users/htq/Desktop/真正的金融/币圈/freqtrade/freqtrade/rpc/api_server/api_v1.py", line 212, in status
    return rpc._rpc_trade_status()
           ^^^^^^^^^^^^^^^^^^^^^^^
  File "/Users/htq/Desktop/真正的金融/币圈/freqtrade/freqtrade/rpc/rpc.py", line 192, in _rpc_trade_status
    trades = Trade.get_open_trades()
             ^^^^^^^^^^^^^^^^^^^^^^^
  File "/Users/htq/Desktop/真正的金融/币圈/freqtrade/freqtrade/persistence/trade_model.py", line 1507, in get_open_trades
    return Trade.get_trades_proxy(is_open=True)
           ^^^^^^^^^^^^^^^^^^^^^^^^^^^^^^^^^^^^
  File "/Users/htq/Desktop/真正的金融/币圈/freqtrade/freqtrade/persistence/trade_model.py", line 1800, in get_trades_proxy
    return cast(list[LocalTrade], Trade.get_trades(trade_filter).all())
                                  ^^^^^^^^^^^^^^^^^^^^^^^^^^^^^^
  File "/Users/htq/Desktop/真正的金融/币圈/freqtrade/freqtrade/persistence/trade_model.py", line 1845, in get_trades
    return Trade.session.scalars(query)
           ^^^^^^^^^^^^^^^^^^^^^^^^^^^^
  File "/Users/htq/miniconda3/envs/freqtrade311/lib/python3.11/site-packages/sqlalchemy/orm/scoping.py", line 1905, in scalars
    return self._proxied.scalars(
           ^^^^^^^^^^^^^^^^^^^^^^
  File "/Users/htq/miniconda3/envs/freqtrade311/lib/python3.11/site-packages/sqlalchemy/orm/session.py", line 2473, in scalars
    return self._execute_internal(
           ^^^^^^^^^^^^^^^^^^^^^^^
  File "/Users/htq/miniconda3/envs/freqtrade311/lib/python3.11/site-packages/sqlalchemy/orm/session.py", line 2241, in _execute_internal
    conn = self._connection_for_bind(bind)
           ^^^^^^^^^^^^^^^^^^^^^^^^^^^^^^^
  File "/Users/htq/miniconda3/envs/freqtrade311/lib/python3.11/site-packages/sqlalchemy/orm/session.py", line 2110, in _connection_for_bind
    return trans._connection_for_bind(engine, execution_options)
           ^^^^^^^^^^^^^^^^^^^^^^^^^^^^^^^^^^^^^^^^^^^^^^^^^^^^^
  File "<string>", line 2, in _connection_for_bind
  File "/Users/htq/miniconda3/envs/freqtrade311/lib/python3.11/site-packages/sqlalchemy/orm/state_changes.py", line 137, in _go
    ret_value = fn(self, *arg, **kw)
                ^^^^^^^^^^^^^^^^^^^^
  File "/Users/htq/miniconda3/envs/freqtrade311/lib/python3.11/site-packages/sqlalchemy/orm/session.py", line 1189, in _connection_for_bind
    conn = bind.connect()
           ^^^^^^^^^^^^^^
  File "/Users/htq/miniconda3/envs/freqtrade311/lib/python3.11/site-packages/sqlalchemy/engine/base.py", line 3277, in connect
    return self._connection_cls(self)
           ^^^^^^^^^^^^^^^^^^^^^^^^^^
  File "/Users/htq/miniconda3/envs/freqtrade311/lib/python3.11/site-packages/sqlalchemy/engine/base.py", line 143, in __init__
    self._dbapi_connection = engine.raw_connection()
                             ^^^^^^^^^^^^^^^^^^^^^^^
  File "/Users/htq/miniconda3/envs/freqtrade311/lib/python3.11/site-packages/sqlalchemy/engine/base.py", line 3301, in raw_connection
    return self.pool.connect()
           ^^^^^^^^^^^^^^^^^^^
  File "/Users/htq/miniconda3/envs/freqtrade311/lib/python3.11/site-packages/sqlalchemy/pool/base.py", line 447, in connect
    return _ConnectionFairy._checkout(self)
           ^^^^^^^^^^^^^^^^^^^^^^^^^^^^^^^^
  File "/Users/htq/miniconda3/envs/freqtrade311/lib/python3.11/site-packages/sqlalchemy/pool/base.py", line 1264, in _checkout
    fairy = _ConnectionRecord.checkout(pool)
            ^^^^^^^^^^^^^^^^^^^^^^^^^^^^^^^^
  File "/Users/htq/miniconda3/envs/freqtrade311/lib/python3.11/site-packages/sqlalchemy/pool/base.py", line 711, in checkout
    rec = pool._do_get()
          ^^^^^^^^^^^^^^
  File "/Users/htq/miniconda3/envs/freqtrade311/lib/python3.11/site-packages/sqlalchemy/pool/impl.py", line 166, in _do_get
    raise exc.TimeoutError(
sqlalchemy.exc.TimeoutError: QueuePool limit of size 5 overflow 10 reached, connection timed out, timeout 30.00 (Background on this error at: https://sqlalche.me/e/20/3o7r)
2025-10-15 21:41:16,094 - urllib3.connectionpool - WARNING - Retrying (Retry(total=0, connect=None, read=None, redirect=None, status=None)) after connection broken by 
'ConnectTimeoutError(<urllib3.connection.HTTPSConnection object at 0x133cdba50>, 'Connection to api.coingecko.com timed out. (connect timeout=120)')': /api/v3/simple/price?ids=tether&vs_currencies=usd
2025-10-15 21:41:16,217 - urllib3.connectionpool - WARNING - Retrying (Retry(total=0, connect=None, read=None, redirect=None, status=None)) after connection broken by 
'ConnectTimeoutError(<urllib3.connection.HTTPSConnection object at 0x130ab5790>, 'Connection to api.coingecko.com timed out. (connect timeout=120)')': /api/v3/simple/price?ids=tether&vs_currencies=usd
2025-10-15 21:41:16,218 - urllib3.connectionpool - WARNING - Retrying (Retry(total=0, connect=None, read=None, redirect=None, status=None)) after connection broken by 
'ConnectTimeoutError(<urllib3.connection.HTTPSConnection object at 0x130ab4f90>, 'Connection to api.coingecko.com timed out. (connect timeout=120)')': /api/v3/simple/price?ids=tether&vs_currencies=usd
2025-10-15 21:41:20,263 - urllib3.connectionpool - WARNING - Retrying (Retry(total=0, connect=None, read=None, redirect=None, status=None)) after connection broken by 
'ConnectTimeoutError(<urllib3.connection.HTTPSConnection object at 0x127a697d0>, 'Connection to api.coingecko.com timed out. (connect timeout=120)')': /api/v3/simple/price?ids=tether&vs_currencies=usd
2025-10-15 21:41:20,265 - urllib3.connectionpool - WARNING - Retrying (Retry(total=0, connect=None, read=None, redirect=None, status=None)) after connection broken by 
'ConnectTimeoutError(<urllib3.connection.HTTPSConnection object at 0x127a6a810>, 'Connection to api.coingecko.com timed out. (connect timeout=120)')': /api/v3/simple/price?ids=tether&vs_currencies=usd
2025-10-15 21:41:32,731 - urllib3.connectionpool - WARNING - Retrying (Retry(total=0, connect=None, read=None, redirect=None, status=None)) after connection broken by 
'ConnectTimeoutError(<urllib3.connection.HTTPSConnection object at 0x134a2e310>, 'Connection to api.coingecko.com timed out. (connect timeout=120)')': /api/v3/simple/price?ids=tether&vs_currencies=usd
2025-10-15 21:41:32,732 - urllib3.connectionpool - WARNING - Retrying (Retry(total=0, connect=None, read=None, redirect=None, status=None)) after connection broken by 
'ConnectTimeoutError(<urllib3.connection.HTTPSConnection object at 0x130ab7a10>, 'Connection to api.coingecko.com timed out. (connect timeout=120)')': /api/v3/simple/price?ids=tether&vs_currencies=usd
2025-10-15 21:41:35,996 - uvicorn.error - ERROR - Exception in ASGI application
Traceback (most recent call last):
  File "/Users/htq/miniconda3/envs/freqtrade311/lib/python3.11/site-packages/uvicorn/protocols/http/h11_impl.py", line 403, in run_asgi
    result = await app(  # type: ignore[func-returns-value]
             ^^^^^^^^^^^^^^^^^^^^^^^^^^^^^^^^^^^^^^^^^^^^^^
  File "/Users/htq/miniconda3/envs/freqtrade311/lib/python3.11/site-packages/uvicorn/middleware/proxy_headers.py", line 60, in __call__
    return await self.app(scope, receive, send)
           ^^^^^^^^^^^^^^^^^^^^^^^^^^^^^^^^^^^^
  File "/Users/htq/miniconda3/envs/freqtrade311/lib/python3.11/site-packages/fastapi/applications.py", line 1054, in __call__
    await super().__call__(scope, receive, send)
  File "/Users/htq/miniconda3/envs/freqtrade311/lib/python3.11/site-packages/starlette/applications.py", line 113, in __call__
    await self.middleware_stack(scope, receive, send)
  File "/Users/htq/miniconda3/envs/freqtrade311/lib/python3.11/site-packages/starlette/middleware/errors.py", line 186, in __call__
    raise exc
  File "/Users/htq/miniconda3/envs/freqtrade311/lib/python3.11/site-packages/starlette/middleware/errors.py", line 164, in __call__
    await self.app(scope, receive, _send)
  File "/Users/htq/miniconda3/envs/freqtrade311/lib/python3.11/site-packages/starlette/middleware/cors.py", line 85, in __call__
    await self.app(scope, receive, send)
  File "/Users/htq/miniconda3/envs/freqtrade311/lib/python3.11/site-packages/starlette/middleware/exceptions.py", line 63, in __call__
    await wrap_app_handling_exceptions(self.app, conn)(scope, receive, send)
  File "/Users/htq/miniconda3/envs/freqtrade311/lib/python3.11/site-packages/starlette/_exception_handler.py", line 53, in wrapped_app
    raise exc
  File "/Users/htq/miniconda3/envs/freqtrade311/lib/python3.11/site-packages/starlette/_exception_handler.py", line 42, in wrapped_app
    await app(scope, receive, sender)
  File "/Users/htq/miniconda3/envs/freqtrade311/lib/python3.11/site-packages/starlette/routing.py", line 716, in __call__
    await self.middleware_stack(scope, receive, send)
  File "/Users/htq/miniconda3/envs/freqtrade311/lib/python3.11/site-packages/starlette/routing.py", line 736, in app
    await route.handle(scope, receive, send)
  File "/Users/htq/miniconda3/envs/freqtrade311/lib/python3.11/site-packages/starlette/routing.py", line 290, in handle
    await self.app(scope, receive, send)
  File "/Users/htq/miniconda3/envs/freqtrade311/lib/python3.11/site-packages/starlette/routing.py", line 78, in app
    await wrap_app_handling_exceptions(app, request)(scope, receive, send)
  File "/Users/htq/miniconda3/envs/freqtrade311/lib/python3.11/site-packages/starlette/_exception_handler.py", line 53, in wrapped_app
    raise exc
  File "/Users/htq/miniconda3/envs/freqtrade311/lib/python3.11/site-packages/starlette/_exception_handler.py", line 42, in wrapped_app
    await app(scope, receive, sender)
  File "/Users/htq/miniconda3/envs/freqtrade311/lib/python3.11/site-packages/starlette/routing.py", line 75, in app
    response = await f(request)
               ^^^^^^^^^^^^^^^^
  File "/Users/htq/miniconda3/envs/freqtrade311/lib/python3.11/contextlib.py", line 222, in __aexit__
    await self.gen.athrow(typ, value, traceback)
  File "/Users/htq/Desktop/真正的金融/币圈/freqtrade/freqtrade/rpc/api_server/deps.py", line 30, in get_rpc
    yield _rpc
  File "/Users/htq/miniconda3/envs/freqtrade311/lib/python3.11/site-packages/fastapi/routing.py", line 302, in app
    raw_response = await run_endpoint_function(
                   ^^^^^^^^^^^^^^^^^^^^^^^^^^^^
  File "/Users/htq/miniconda3/envs/freqtrade311/lib/python3.11/site-packages/fastapi/routing.py", line 215, in run_endpoint_function
    return await run_in_threadpool(dependant.call, **values)
           ^^^^^^^^^^^^^^^^^^^^^^^^^^^^^^^^^^^^^^^^^^^^^^^^^
  File "/Users/htq/miniconda3/envs/freqtrade311/lib/python3.11/site-packages/starlette/concurrency.py", line 38, in run_in_threadpool
    return await anyio.to_thread.run_sync(func)
           ^^^^^^^^^^^^^^^^^^^^^^^^^^^^^^^^^^^^
  File "/Users/htq/miniconda3/envs/freqtrade311/lib/python3.11/site-packages/anyio/to_thread.py", line 56, in run_sync
    return await get_async_backend().run_sync_in_worker_thread(
           ^^^^^^^^^^^^^^^^^^^^^^^^^^^^^^^^^^^^^^^^^^^^^^^^^^^^
  File "/Users/htq/miniconda3/envs/freqtrade311/lib/python3.11/site-packages/anyio/_backends/_asyncio.py", line 2476, in run_sync_in_worker_thread
    return await future
           ^^^^^^^^^^^^
  File "/Users/htq/miniconda3/envs/freqtrade311/lib/python3.11/site-packages/anyio/_backends/_asyncio.py", line 967, in run
    result = context.run(func, *args)
             ^^^^^^^^^^^^^^^^^^^^^^^^
  File "/Users/htq/Desktop/真正的金融/币圈/freqtrade/freqtrade/rpc/api_server/api_v1.py", line 212, in status
    return rpc._rpc_trade_status()
           ^^^^^^^^^^^^^^^^^^^^^^^
  File "/Users/htq/Desktop/真正的金融/币圈/freqtrade/freqtrade/rpc/rpc.py", line 192, in _rpc_trade_status
    trades = Trade.get_open_trades()
             ^^^^^^^^^^^^^^^^^^^^^^^
  File "/Users/htq/Desktop/真正的金融/币圈/freqtrade/freqtrade/persistence/trade_model.py", line 1507, in get_open_trades
    return Trade.get_trades_proxy(is_open=True)
           ^^^^^^^^^^^^^^^^^^^^^^^^^^^^^^^^^^^^
  File "/Users/htq/Desktop/真正的金融/币圈/freqtrade/freqtrade/persistence/trade_model.py", line 1800, in get_trades_proxy
    return cast(list[LocalTrade], Trade.get_trades(trade_filter).all())
                                  ^^^^^^^^^^^^^^^^^^^^^^^^^^^^^^
  File "/Users/htq/Desktop/真正的金融/币圈/freqtrade/freqtrade/persistence/trade_model.py", line 1845, in get_trades
    return Trade.session.scalars(query)
           ^^^^^^^^^^^^^^^^^^^^^^^^^^^^
  File "/Users/htq/miniconda3/envs/freqtrade311/lib/python3.11/site-packages/sqlalchemy/orm/scoping.py", line 1905, in scalars
    return self._proxied.scalars(
           ^^^^^^^^^^^^^^^^^^^^^^
  File "/Users/htq/miniconda3/envs/freqtrade311/lib/python3.11/site-packages/sqlalchemy/orm/session.py", line 2473, in scalars
    return self._execute_internal(
           ^^^^^^^^^^^^^^^^^^^^^^^
  File "/Users/htq/miniconda3/envs/freqtrade311/lib/python3.11/site-packages/sqlalchemy/orm/session.py", line 2241, in _execute_internal
    conn = self._connection_for_bind(bind)
           ^^^^^^^^^^^^^^^^^^^^^^^^^^^^^^^
  File "/Users/htq/miniconda3/envs/freqtrade311/lib/python3.11/site-packages/sqlalchemy/orm/session.py", line 2110, in _connection_for_bind
    return trans._connection_for_bind(engine, execution_options)
           ^^^^^^^^^^^^^^^^^^^^^^^^^^^^^^^^^^^^^^^^^^^^^^^^^^^^^
  File "<string>", line 2, in _connection_for_bind
  File "/Users/htq/miniconda3/envs/freqtrade311/lib/python3.11/site-packages/sqlalchemy/orm/state_changes.py", line 137, in _go
    ret_value = fn(self, *arg, **kw)
                ^^^^^^^^^^^^^^^^^^^^
  File "/Users/htq/miniconda3/envs/freqtrade311/lib/python3.11/site-packages/sqlalchemy/orm/session.py", line 1189, in _connection_for_bind
    conn = bind.connect()
           ^^^^^^^^^^^^^^
  File "/Users/htq/miniconda3/envs/freqtrade311/lib/python3.11/site-packages/sqlalchemy/engine/base.py", line 3277, in connect
    return self._connection_cls(self)
           ^^^^^^^^^^^^^^^^^^^^^^^^^^
  File "/Users/htq/miniconda3/envs/freqtrade311/lib/python3.11/site-packages/sqlalchemy/engine/base.py", line 143, in __init__
    self._dbapi_connection = engine.raw_connection()
                             ^^^^^^^^^^^^^^^^^^^^^^^
  File "/Users/htq/miniconda3/envs/freqtrade311/lib/python3.11/site-packages/sqlalchemy/engine/base.py", line 3301, in raw_connection
    return self.pool.connect()
           ^^^^^^^^^^^^^^^^^^^
  File "/Users/htq/miniconda3/envs/freqtrade311/lib/python3.11/site-packages/sqlalchemy/pool/base.py", line 447, in connect
    return _ConnectionFairy._checkout(self)
           ^^^^^^^^^^^^^^^^^^^^^^^^^^^^^^^^
  File "/Users/htq/miniconda3/envs/freqtrade311/lib/python3.11/site-packages/sqlalchemy/pool/base.py", line 1264, in _checkout
    fairy = _ConnectionRecord.checkout(pool)
            ^^^^^^^^^^^^^^^^^^^^^^^^^^^^^^^^
  File "/Users/htq/miniconda3/envs/freqtrade311/lib/python3.11/site-packages/sqlalchemy/pool/base.py", line 711, in checkout
    rec = pool._do_get()
          ^^^^^^^^^^^^^^
  File "/Users/htq/miniconda3/envs/freqtrade311/lib/python3.11/site-packages/sqlalchemy/pool/impl.py", line 166, in _do_get
    raise exc.TimeoutError(
sqlalchemy.exc.TimeoutError: QueuePool limit of size 5 overflow 10 reached, connection timed out, timeout 30.00 (Background on this error at: https://sqlalche.me/e/20/3o7r)
2025-10-15 21:41:36,002 - uvicorn.error - ERROR - Exception in ASGI application
Traceback (most recent call last):
  File "/Users/htq/miniconda3/envs/freqtrade311/lib/python3.11/site-packages/uvicorn/protocols/http/h11_impl.py", line 403, in run_asgi
    result = await app(  # type: ignore[func-returns-value]
             ^^^^^^^^^^^^^^^^^^^^^^^^^^^^^^^^^^^^^^^^^^^^^^
  File "/Users/htq/miniconda3/envs/freqtrade311/lib/python3.11/site-packages/uvicorn/middleware/proxy_headers.py", line 60, in __call__
    return await self.app(scope, receive, send)
           ^^^^^^^^^^^^^^^^^^^^^^^^^^^^^^^^^^^^
  File "/Users/htq/miniconda3/envs/freqtrade311/lib/python3.11/site-packages/fastapi/applications.py", line 1054, in __call__
    await super().__call__(scope, receive, send)
  File "/Users/htq/miniconda3/envs/freqtrade311/lib/python3.11/site-packages/starlette/applications.py", line 113, in __call__
    await self.middleware_stack(scope, receive, send)
  File "/Users/htq/miniconda3/envs/freqtrade311/lib/python3.11/site-packages/starlette/middleware/errors.py", line 186, in __call__
    raise exc
  File "/Users/htq/miniconda3/envs/freqtrade311/lib/python3.11/site-packages/starlette/middleware/errors.py", line 164, in __call__
    await self.app(scope, receive, _send)
  File "/Users/htq/miniconda3/envs/freqtrade311/lib/python3.11/site-packages/starlette/middleware/cors.py", line 85, in __call__
    await self.app(scope, receive, send)
  File "/Users/htq/miniconda3/envs/freqtrade311/lib/python3.11/site-packages/starlette/middleware/exceptions.py", line 63, in __call__
    await wrap_app_handling_exceptions(self.app, conn)(scope, receive, send)
  File "/Users/htq/miniconda3/envs/freqtrade311/lib/python3.11/site-packages/starlette/_exception_handler.py", line 53, in wrapped_app
    raise exc
  File "/Users/htq/miniconda3/envs/freqtrade311/lib/python3.11/site-packages/starlette/_exception_handler.py", line 42, in wrapped_app
    await app(scope, receive, sender)
  File "/Users/htq/miniconda3/envs/freqtrade311/lib/python3.11/site-packages/starlette/routing.py", line 716, in __call__
    await self.middleware_stack(scope, receive, send)
  File "/Users/htq/miniconda3/envs/freqtrade311/lib/python3.11/site-packages/starlette/routing.py", line 736, in app
    await route.handle(scope, receive, send)
  File "/Users/htq/miniconda3/envs/freqtrade311/lib/python3.11/site-packages/starlette/routing.py", line 290, in handle
    await self.app(scope, receive, send)
  File "/Users/htq/miniconda3/envs/freqtrade311/lib/python3.11/site-packages/starlette/routing.py", line 78, in app
    await wrap_app_handling_exceptions(app, request)(scope, receive, send)
  File "/Users/htq/miniconda3/envs/freqtrade311/lib/python3.11/site-packages/starlette/_exception_handler.py", line 53, in wrapped_app
    raise exc
  File "/Users/htq/miniconda3/envs/freqtrade311/lib/python3.11/site-packages/starlette/_exception_handler.py", line 42, in wrapped_app
    await app(scope, receive, sender)
  File "/Users/htq/miniconda3/envs/freqtrade311/lib/python3.11/site-packages/starlette/routing.py", line 75, in app
    response = await f(request)
               ^^^^^^^^^^^^^^^^
  File "/Users/htq/miniconda3/envs/freqtrade311/lib/python3.11/contextlib.py", line 222, in __aexit__
    await self.gen.athrow(typ, value, traceback)
  File "/Users/htq/Desktop/真正的金融/币圈/freqtrade/freqtrade/rpc/api_server/deps.py", line 30, in get_rpc
    yield _rpc
  File "/Users/htq/miniconda3/envs/freqtrade311/lib/python3.11/site-packages/fastapi/routing.py", line 302, in app
    raw_response = await run_endpoint_function(
                   ^^^^^^^^^^^^^^^^^^^^^^^^^^^^
  File "/Users/htq/miniconda3/envs/freqtrade311/lib/python3.11/site-packages/fastapi/routing.py", line 215, in run_endpoint_function
    return await run_in_threadpool(dependant.call, **values)
           ^^^^^^^^^^^^^^^^^^^^^^^^^^^^^^^^^^^^^^^^^^^^^^^^^
  File "/Users/htq/miniconda3/envs/freqtrade311/lib/python3.11/site-packages/starlette/concurrency.py", line 38, in run_in_threadpool
    return await anyio.to_thread.run_sync(func)
           ^^^^^^^^^^^^^^^^^^^^^^^^^^^^^^^^^^^^
  File "/Users/htq/miniconda3/envs/freqtrade311/lib/python3.11/site-packages/anyio/to_thread.py", line 56, in run_sync
    return await get_async_backend().run_sync_in_worker_thread(
           ^^^^^^^^^^^^^^^^^^^^^^^^^^^^^^^^^^^^^^^^^^^^^^^^^^^^
  File "/Users/htq/miniconda3/envs/freqtrade311/lib/python3.11/site-packages/anyio/_backends/_asyncio.py", line 2476, in run_sync_in_worker_thread
    return await future
           ^^^^^^^^^^^^
  File "/Users/htq/miniconda3/envs/freqtrade311/lib/python3.11/site-packages/anyio/_backends/_asyncio.py", line 967, in run
    result = context.run(func, *args)
             ^^^^^^^^^^^^^^^^^^^^^^^^
  File "/Users/htq/Desktop/真正的金融/币圈/freqtrade/freqtrade/rpc/api_server/api_v1.py", line 354, in locks
    return rpc._rpc_locks()
           ^^^^^^^^^^^^^^^^
  File "/Users/htq/Desktop/真正的金融/币圈/freqtrade/freqtrade/rpc/rpc.py", line 1304, in _rpc_locks
    locks = PairLocks.get_pair_locks(None)
            ^^^^^^^^^^^^^^^^^^^^^^^^^^^^^^
  File "/Users/htq/Desktop/真正的金融/币圈/freqtrade/freqtrade/persistence/pairlock_middleware.py", line 83, in get_pair_locks
    return PairLock.query_pair_locks(pair, now, side).all()
           ^^^^^^^^^^^^^^^^^^^^^^^^^^^^^^^^^^^^^^^^^^
  File "/Users/htq/Desktop/真正的金融/币圈/freqtrade/freqtrade/persistence/pairlock.py", line 61, in query_pair_locks
    return PairLock.session.scalars(select(PairLock).filter(*filters))
           ^^^^^^^^^^^^^^^^^^^^^^^^^^^^^^^^^^^^^^^^^^^^^^^^^^^^^^^^^^^
  File "/Users/htq/miniconda3/envs/freqtrade311/lib/python3.11/site-packages/sqlalchemy/orm/scoping.py", line 1905, in scalars
    return self._proxied.scalars(
           ^^^^^^^^^^^^^^^^^^^^^^
  File "/Users/htq/miniconda3/envs/freqtrade311/lib/python3.11/site-packages/sqlalchemy/orm/session.py", line 2473, in scalars
    return self._execute_internal(
           ^^^^^^^^^^^^^^^^^^^^^^^
  File "/Users/htq/miniconda3/envs/freqtrade311/lib/python3.11/site-packages/sqlalchemy/orm/session.py", line 2241, in _execute_internal
    conn = self._connection_for_bind(bind)
           ^^^^^^^^^^^^^^^^^^^^^^^^^^^^^^^
  File "/Users/htq/miniconda3/envs/freqtrade311/lib/python3.11/site-packages/sqlalchemy/orm/session.py", line 2110, in _connection_for_bind
    return trans._connection_for_bind(engine, execution_options)
           ^^^^^^^^^^^^^^^^^^^^^^^^^^^^^^^^^^^^^^^^^^^^^^^^^^^^^
  File "<string>", line 2, in _connection_for_bind
  File "/Users/htq/miniconda3/envs/freqtrade311/lib/python3.11/site-packages/sqlalchemy/orm/state_changes.py", line 137, in _go
    ret_value = fn(self, *arg, **kw)
                ^^^^^^^^^^^^^^^^^^^^
  File "/Users/htq/miniconda3/envs/freqtrade311/lib/python3.11/site-packages/sqlalchemy/orm/session.py", line 1189, in _connection_for_bind
    conn = bind.connect()
           ^^^^^^^^^^^^^^
  File "/Users/htq/miniconda3/envs/freqtrade311/lib/python3.11/site-packages/sqlalchemy/engine/base.py", line 3277, in connect
    return self._connection_cls(self)
           ^^^^^^^^^^^^^^^^^^^^^^^^^^
  File "/Users/htq/miniconda3/envs/freqtrade311/lib/python3.11/site-packages/sqlalchemy/engine/base.py", line 143, in __init__
    self._dbapi_connection = engine.raw_connection()
                             ^^^^^^^^^^^^^^^^^^^^^^^
  File "/Users/htq/miniconda3/envs/freqtrade311/lib/python3.11/site-packages/sqlalchemy/engine/base.py", line 3301, in raw_connection
    return self.pool.connect()
           ^^^^^^^^^^^^^^^^^^^
  File "/Users/htq/miniconda3/envs/freqtrade311/lib/python3.11/site-packages/sqlalchemy/pool/base.py", line 447, in connect
    return _ConnectionFairy._checkout(self)
           ^^^^^^^^^^^^^^^^^^^^^^^^^^^^^^^^
  File "/Users/htq/miniconda3/envs/freqtrade311/lib/python3.11/site-packages/sqlalchemy/pool/base.py", line 1264, in _checkout
    fairy = _ConnectionRecord.checkout(pool)
            ^^^^^^^^^^^^^^^^^^^^^^^^^^^^^^^^
  File "/Users/htq/miniconda3/envs/freqtrade311/lib/python3.11/site-packages/sqlalchemy/pool/base.py", line 711, in checkout
    rec = pool._do_get()
          ^^^^^^^^^^^^^^
  File "/Users/htq/miniconda3/envs/freqtrade311/lib/python3.11/site-packages/sqlalchemy/pool/impl.py", line 166, in _do_get
    raise exc.TimeoutError(
sqlalchemy.exc.TimeoutError: QueuePool limit of size 5 overflow 10 reached, connection timed out, timeout 30.00 (Background on this error at: https://sqlalche.me/e/20/3o7r)
2025-10-15 21:41:40,227 - urllib3.connectionpool - WARNING - Retrying (Retry(total=0, connect=None, read=None, redirect=None, status=None)) after connection broken by 
'ConnectTimeoutError(<urllib3.connection.HTTPSConnection object at 0x130cc59d0>, 'Connection to api.coingecko.com timed out. (connect timeout=120)')': /api/v3/simple/price?ids=tether&vs_currencies=usd
2025-10-15 21:41:40,243 - urllib3.connectionpool - WARNING - Retrying (Retry(total=0, connect=None, read=None, redirect=None, status=None)) after connection broken by 
'ConnectTimeoutError(<urllib3.connection.HTTPSConnection object at 0x133ccff90>, 'Connection to api.coingecko.com timed out. (connect timeout=120)')': /api/v3/simple/price?ids=tether&vs_currencies=usd
2025-10-15 21:41:40,244 - urllib3.connectionpool - WARNING - Retrying (Retry(total=0, connect=None, read=None, redirect=None, status=None)) after connection broken by 
'ConnectTimeoutError(<urllib3.connection.HTTPSConnection object at 0x133cce410>, 'Connection to api.coingecko.com timed out. (connect timeout=120)')': /api/v3/simple/price?ids=tether&vs_currencies=usd
2025-10-15 21:41:41,618 - uvicorn.error - ERROR - Exception in ASGI application
Traceback (most recent call last):
  File "/Users/htq/miniconda3/envs/freqtrade311/lib/python3.11/site-packages/uvicorn/protocols/http/h11_impl.py", line 403, in run_asgi
    result = await app(  # type: ignore[func-returns-value]
             ^^^^^^^^^^^^^^^^^^^^^^^^^^^^^^^^^^^^^^^^^^^^^^
  File "/Users/htq/miniconda3/envs/freqtrade311/lib/python3.11/site-packages/uvicorn/middleware/proxy_headers.py", line 60, in __call__
    return await self.app(scope, receive, send)
           ^^^^^^^^^^^^^^^^^^^^^^^^^^^^^^^^^^^^
  File "/Users/htq/miniconda3/envs/freqtrade311/lib/python3.11/site-packages/fastapi/applications.py", line 1054, in __call__
    await super().__call__(scope, receive, send)
  File "/Users/htq/miniconda3/envs/freqtrade311/lib/python3.11/site-packages/starlette/applications.py", line 113, in __call__
    await self.middleware_stack(scope, receive, send)
  File "/Users/htq/miniconda3/envs/freqtrade311/lib/python3.11/site-packages/starlette/middleware/errors.py", line 186, in __call__
    raise exc
  File "/Users/htq/miniconda3/envs/freqtrade311/lib/python3.11/site-packages/starlette/middleware/errors.py", line 164, in __call__
    await self.app(scope, receive, _send)
  File "/Users/htq/miniconda3/envs/freqtrade311/lib/python3.11/site-packages/starlette/middleware/cors.py", line 85, in __call__
    await self.app(scope, receive, send)
  File "/Users/htq/miniconda3/envs/freqtrade311/lib/python3.11/site-packages/starlette/middleware/exceptions.py", line 63, in __call__
    await wrap_app_handling_exceptions(self.app, conn)(scope, receive, send)
  File "/Users/htq/miniconda3/envs/freqtrade311/lib/python3.11/site-packages/starlette/_exception_handler.py", line 53, in wrapped_app
    raise exc
  File "/Users/htq/miniconda3/envs/freqtrade311/lib/python3.11/site-packages/starlette/_exception_handler.py", line 42, in wrapped_app
    await app(scope, receive, sender)
  File "/Users/htq/miniconda3/envs/freqtrade311/lib/python3.11/site-packages/starlette/routing.py", line 716, in __call__
    await self.middleware_stack(scope, receive, send)
  File "/Users/htq/miniconda3/envs/freqtrade311/lib/python3.11/site-packages/starlette/routing.py", line 736, in app
    await route.handle(scope, receive, send)
  File "/Users/htq/miniconda3/envs/freqtrade311/lib/python3.11/site-packages/starlette/routing.py", line 290, in handle
    await self.app(scope, receive, send)
  File "/Users/htq/miniconda3/envs/freqtrade311/lib/python3.11/site-packages/starlette/routing.py", line 78, in app
    await wrap_app_handling_exceptions(app, request)(scope, receive, send)
  File "/Users/htq/miniconda3/envs/freqtrade311/lib/python3.11/site-packages/starlette/_exception_handler.py", line 53, in wrapped_app
    raise exc
  File "/Users/htq/miniconda3/envs/freqtrade311/lib/python3.11/site-packages/starlette/_exception_handler.py", line 42, in wrapped_app
    await app(scope, receive, sender)
  File "/Users/htq/miniconda3/envs/freqtrade311/lib/python3.11/site-packages/starlette/routing.py", line 75, in app
    response = await f(request)
               ^^^^^^^^^^^^^^^^
  File "/Users/htq/miniconda3/envs/freqtrade311/lib/python3.11/contextlib.py", line 222, in __aexit__
    await self.gen.athrow(typ, value, traceback)
  File "/Users/htq/Desktop/真正的金融/币圈/freqtrade/freqtrade/rpc/api_server/deps.py", line 30, in get_rpc
    yield _rpc
  File "/Users/htq/miniconda3/envs/freqtrade311/lib/python3.11/site-packages/fastapi/routing.py", line 302, in app
    raw_response = await run_endpoint_function(
                   ^^^^^^^^^^^^^^^^^^^^^^^^^^^^
  File "/Users/htq/miniconda3/envs/freqtrade311/lib/python3.11/site-packages/fastapi/routing.py", line 215, in run_endpoint_function
    return await run_in_threadpool(dependant.call, **values)
           ^^^^^^^^^^^^^^^^^^^^^^^^^^^^^^^^^^^^^^^^^^^^^^^^^
  File "/Users/htq/miniconda3/envs/freqtrade311/lib/python3.11/site-packages/starlette/concurrency.py", line 38, in run_in_threadpool
    return await anyio.to_thread.run_sync(func)
           ^^^^^^^^^^^^^^^^^^^^^^^^^^^^^^^^^^^^
  File "/Users/htq/miniconda3/envs/freqtrade311/lib/python3.11/site-packages/anyio/to_thread.py", line 56, in run_sync
    return await get_async_backend().run_sync_in_worker_thread(
           ^^^^^^^^^^^^^^^^^^^^^^^^^^^^^^^^^^^^^^^^^^^^^^^^^^^^
  File "/Users/htq/miniconda3/envs/freqtrade311/lib/python3.11/site-packages/anyio/_backends/_asyncio.py", line 2476, in run_sync_in_worker_thread
    return await future
           ^^^^^^^^^^^^
  File "/Users/htq/miniconda3/envs/freqtrade311/lib/python3.11/site-packages/anyio/_backends/_asyncio.py", line 967, in run
    result = context.run(func, *args)
             ^^^^^^^^^^^^^^^^^^^^^^^^
  File "/Users/htq/Desktop/真正的金融/币圈/freqtrade/freqtrade/rpc/api_server/api_v1.py", line 212, in status
    return rpc._rpc_trade_status()
           ^^^^^^^^^^^^^^^^^^^^^^^
  File "/Users/htq/Desktop/真正的金融/币圈/freqtrade/freqtrade/rpc/rpc.py", line 192, in _rpc_trade_status
    trades = Trade.get_open_trades()
             ^^^^^^^^^^^^^^^^^^^^^^^
  File "/Users/htq/Desktop/真正的金融/币圈/freqtrade/freqtrade/persistence/trade_model.py", line 1507, in get_open_trades
    return Trade.get_trades_proxy(is_open=True)
           ^^^^^^^^^^^^^^^^^^^^^^^^^^^^^^^^^^^^
  File "/Users/htq/Desktop/真正的金融/币圈/freqtrade/freqtrade/persistence/trade_model.py", line 1800, in get_trades_proxy
    return cast(list[LocalTrade], Trade.get_trades(trade_filter).all())
                                  ^^^^^^^^^^^^^^^^^^^^^^^^^^^^^^
  File "/Users/htq/Desktop/真正的金融/币圈/freqtrade/freqtrade/persistence/trade_model.py", line 1845, in get_trades
    return Trade.session.scalars(query)
           ^^^^^^^^^^^^^^^^^^^^^^^^^^^^
  File "/Users/htq/miniconda3/envs/freqtrade311/lib/python3.11/site-packages/sqlalchemy/orm/scoping.py", line 1905, in scalars
    return self._proxied.scalars(
           ^^^^^^^^^^^^^^^^^^^^^^
  File "/Users/htq/miniconda3/envs/freqtrade311/lib/python3.11/site-packages/sqlalchemy/orm/session.py", line 2473, in scalars
    return self._execute_internal(
           ^^^^^^^^^^^^^^^^^^^^^^^
  File "/Users/htq/miniconda3/envs/freqtrade311/lib/python3.11/site-packages/sqlalchemy/orm/session.py", line 2241, in _execute_internal
    conn = self._connection_for_bind(bind)
           ^^^^^^^^^^^^^^^^^^^^^^^^^^^^^^^
  File "/Users/htq/miniconda3/envs/freqtrade311/lib/python3.11/site-packages/sqlalchemy/orm/session.py", line 2110, in _connection_for_bind
    return trans._connection_for_bind(engine, execution_options)
           ^^^^^^^^^^^^^^^^^^^^^^^^^^^^^^^^^^^^^^^^^^^^^^^^^^^^^
  File "<string>", line 2, in _connection_for_bind
  File "/Users/htq/miniconda3/envs/freqtrade311/lib/python3.11/site-packages/sqlalchemy/orm/state_changes.py", line 137, in _go
    ret_value = fn(self, *arg, **kw)
                ^^^^^^^^^^^^^^^^^^^^
  File "/Users/htq/miniconda3/envs/freqtrade311/lib/python3.11/site-packages/sqlalchemy/orm/session.py", line 1189, in _connection_for_bind
    conn = bind.connect()
           ^^^^^^^^^^^^^^
  File "/Users/htq/miniconda3/envs/freqtrade311/lib/python3.11/site-packages/sqlalchemy/engine/base.py", line 3277, in connect
    return self._connection_cls(self)
           ^^^^^^^^^^^^^^^^^^^^^^^^^^
  File "/Users/htq/miniconda3/envs/freqtrade311/lib/python3.11/site-packages/sqlalchemy/engine/base.py", line 143, in __init__
    self._dbapi_connection = engine.raw_connection()
                             ^^^^^^^^^^^^^^^^^^^^^^^
  File "/Users/htq/miniconda3/envs/freqtrade311/lib/python3.11/site-packages/sqlalchemy/engine/base.py", line 3301, in raw_connection
    return self.pool.connect()
           ^^^^^^^^^^^^^^^^^^^
  File "/Users/htq/miniconda3/envs/freqtrade311/lib/python3.11/site-packages/sqlalchemy/pool/base.py", line 447, in connect
    return _ConnectionFairy._checkout(self)
           ^^^^^^^^^^^^^^^^^^^^^^^^^^^^^^^^
  File "/Users/htq/miniconda3/envs/freqtrade311/lib/python3.11/site-packages/sqlalchemy/pool/base.py", line 1264, in _checkout
    fairy = _ConnectionRecord.checkout(pool)
            ^^^^^^^^^^^^^^^^^^^^^^^^^^^^^^^^
  File "/Users/htq/miniconda3/envs/freqtrade311/lib/python3.11/site-packages/sqlalchemy/pool/base.py", line 711, in checkout
    rec = pool._do_get()
          ^^^^^^^^^^^^^^
  File "/Users/htq/miniconda3/envs/freqtrade311/lib/python3.11/site-packages/sqlalchemy/pool/impl.py", line 166, in _do_get
    raise exc.TimeoutError(
sqlalchemy.exc.TimeoutError: QueuePool limit of size 5 overflow 10 reached, connection timed out, timeout 30.00 (Background on this error at: https://sqlalche.me/e/20/3o7r)
2025-10-15 21:41:44,318 - freqtrade.freqtradebot - WARNING - Exception during cleanup: TimeoutError QueuePool limit of size 5 overflow 10 reached, connection timed out, timeout 30.00 (Background on 
this error at: https://sqlalche.me/e/20/3o7r)
2025-10-15 21:41:44,320 - freqtrade.rpc.rpc_manager - INFO - Cleaning up rpc modules ...
2025-10-15 21:41:44,321 - freqtrade.rpc.rpc_manager - INFO - Cleaning up rpc.apiserver ...
2025-10-15 21:41:44,321 - freqtrade.rpc.api_server.webserver - INFO - Stopping API Server
2025-10-15 21:41:44,333 - uvicorn.error - INFO - Shutting down
2025-10-15 21:41:44,336 - uvicorn.error - INFO - connection closed
2025-10-15 21:41:44,337 - freqtrade.rpc.api_server.ws.channel - INFO - Disconnected from channel - WebSocketChannel(d155047e, ('127.0.0.1', 64250))
2025-10-15 21:41:44,436 - uvicorn.error - INFO - Waiting for connections to close. (CTRL+C to force quit)
2025-10-15 21:41:45,986 - uvicorn.error - ERROR - Exception in ASGI application
Traceback (most recent call last):
  File "/Users/htq/miniconda3/envs/freqtrade311/lib/python3.11/site-packages/uvicorn/protocols/http/h11_impl.py", line 403, in run_asgi
    result = await app(  # type: ignore[func-returns-value]
             ^^^^^^^^^^^^^^^^^^^^^^^^^^^^^^^^^^^^^^^^^^^^^^
  File "/Users/htq/miniconda3/envs/freqtrade311/lib/python3.11/site-packages/uvicorn/middleware/proxy_headers.py", line 60, in __call__
    return await self.app(scope, receive, send)
           ^^^^^^^^^^^^^^^^^^^^^^^^^^^^^^^^^^^^
  File "/Users/htq/miniconda3/envs/freqtrade311/lib/python3.11/site-packages/fastapi/applications.py", line 1054, in __call__
    await super().__call__(scope, receive, send)
  File "/Users/htq/miniconda3/envs/freqtrade311/lib/python3.11/site-packages/starlette/applications.py", line 113, in __call__
    await self.middleware_stack(scope, receive, send)
  File "/Users/htq/miniconda3/envs/freqtrade311/lib/python3.11/site-packages/starlette/middleware/errors.py", line 186, in __call__
    raise exc
  File "/Users/htq/miniconda3/envs/freqtrade311/lib/python3.11/site-packages/starlette/middleware/errors.py", line 164, in __call__
    await self.app(scope, receive, _send)
  File "/Users/htq/miniconda3/envs/freqtrade311/lib/python3.11/site-packages/starlette/middleware/cors.py", line 85, in __call__
    await self.app(scope, receive, send)
  File "/Users/htq/miniconda3/envs/freqtrade311/lib/python3.11/site-packages/starlette/middleware/exceptions.py", line 63, in __call__
    await wrap_app_handling_exceptions(self.app, conn)(scope, receive, send)
  File "/Users/htq/miniconda3/envs/freqtrade311/lib/python3.11/site-packages/starlette/_exception_handler.py", line 53, in wrapped_app
    raise exc
  File "/Users/htq/miniconda3/envs/freqtrade311/lib/python3.11/site-packages/starlette/_exception_handler.py", line 42, in wrapped_app
    await app(scope, receive, sender)
  File "/Users/htq/miniconda3/envs/freqtrade311/lib/python3.11/site-packages/starlette/routing.py", line 716, in __call__
    await self.middleware_stack(scope, receive, send)
  File "/Users/htq/miniconda3/envs/freqtrade311/lib/python3.11/site-packages/starlette/routing.py", line 736, in app
    await route.handle(scope, receive, send)
  File "/Users/htq/miniconda3/envs/freqtrade311/lib/python3.11/site-packages/starlette/routing.py", line 290, in handle
    await self.app(scope, receive, send)
  File "/Users/htq/miniconda3/envs/freqtrade311/lib/python3.11/site-packages/starlette/routing.py", line 78, in app
    await wrap_app_handling_exceptions(app, request)(scope, receive, send)
  File "/Users/htq/miniconda3/envs/freqtrade311/lib/python3.11/site-packages/starlette/_exception_handler.py", line 53, in wrapped_app
    raise exc
  File "/Users/htq/miniconda3/envs/freqtrade311/lib/python3.11/site-packages/starlette/_exception_handler.py", line 42, in wrapped_app
    await app(scope, receive, sender)
  File "/Users/htq/miniconda3/envs/freqtrade311/lib/python3.11/site-packages/starlette/routing.py", line 75, in app
    response = await f(request)
               ^^^^^^^^^^^^^^^^
  File "/Users/htq/miniconda3/envs/freqtrade311/lib/python3.11/contextlib.py", line 222, in __aexit__
    await self.gen.athrow(typ, value, traceback)
  File "/Users/htq/Desktop/真正的金融/币圈/freqtrade/freqtrade/rpc/api_server/deps.py", line 30, in get_rpc
    yield _rpc
  File "/Users/htq/miniconda3/envs/freqtrade311/lib/python3.11/site-packages/fastapi/routing.py", line 302, in app
    raw_response = await run_endpoint_function(
                   ^^^^^^^^^^^^^^^^^^^^^^^^^^^^
  File "/Users/htq/miniconda3/envs/freqtrade311/lib/python3.11/site-packages/fastapi/routing.py", line 215, in run_endpoint_function
    return await run_in_threadpool(dependant.call, **values)
           ^^^^^^^^^^^^^^^^^^^^^^^^^^^^^^^^^^^^^^^^^^^^^^^^^
  File "/Users/htq/miniconda3/envs/freqtrade311/lib/python3.11/site-packages/starlette/concurrency.py", line 38, in run_in_threadpool
    return await anyio.to_thread.run_sync(func)
           ^^^^^^^^^^^^^^^^^^^^^^^^^^^^^^^^^^^^
  File "/Users/htq/miniconda3/envs/freqtrade311/lib/python3.11/site-packages/anyio/to_thread.py", line 56, in run_sync
    return await get_async_backend().run_sync_in_worker_thread(
           ^^^^^^^^^^^^^^^^^^^^^^^^^^^^^^^^^^^^^^^^^^^^^^^^^^^^
  File "/Users/htq/miniconda3/envs/freqtrade311/lib/python3.11/site-packages/anyio/_backends/_asyncio.py", line 2476, in run_sync_in_worker_thread
    return await future
           ^^^^^^^^^^^^
  File "/Users/htq/miniconda3/envs/freqtrade311/lib/python3.11/site-packages/anyio/_backends/_asyncio.py", line 967, in run
    result = context.run(func, *args)
             ^^^^^^^^^^^^^^^^^^^^^^^^
  File "/Users/htq/Desktop/真正的金融/币圈/freqtrade/freqtrade/rpc/api_server/api_v1.py", line 212, in status
    return rpc._rpc_trade_status()
           ^^^^^^^^^^^^^^^^^^^^^^^
  File "/Users/htq/Desktop/真正的金融/币圈/freqtrade/freqtrade/rpc/rpc.py", line 192, in _rpc_trade_status
    trades = Trade.get_open_trades()
             ^^^^^^^^^^^^^^^^^^^^^^^
  File "/Users/htq/Desktop/真正的金融/币圈/freqtrade/freqtrade/persistence/trade_model.py", line 1507, in get_open_trades
    return Trade.get_trades_proxy(is_open=True)
           ^^^^^^^^^^^^^^^^^^^^^^^^^^^^^^^^^^^^
  File "/Users/htq/Desktop/真正的金融/币圈/freqtrade/freqtrade/persistence/trade_model.py", line 1800, in get_trades_proxy
    return cast(list[LocalTrade], Trade.get_trades(trade_filter).all())
                                  ^^^^^^^^^^^^^^^^^^^^^^^^^^^^^^
  File "/Users/htq/Desktop/真正的金融/币圈/freqtrade/freqtrade/persistence/trade_model.py", line 1845, in get_trades
    return Trade.session.scalars(query)
           ^^^^^^^^^^^^^^^^^^^^^^^^^^^^
  File "/Users/htq/miniconda3/envs/freqtrade311/lib/python3.11/site-packages/sqlalchemy/orm/scoping.py", line 1905, in scalars
    return self._proxied.scalars(
           ^^^^^^^^^^^^^^^^^^^^^^
  File "/Users/htq/miniconda3/envs/freqtrade311/lib/python3.11/site-packages/sqlalchemy/orm/session.py", line 2473, in scalars
    return self._execute_internal(
           ^^^^^^^^^^^^^^^^^^^^^^^
  File "/Users/htq/miniconda3/envs/freqtrade311/lib/python3.11/site-packages/sqlalchemy/orm/session.py", line 2241, in _execute_internal
    conn = self._connection_for_bind(bind)
           ^^^^^^^^^^^^^^^^^^^^^^^^^^^^^^^
  File "/Users/htq/miniconda3/envs/freqtrade311/lib/python3.11/site-packages/sqlalchemy/orm/session.py", line 2110, in _connection_for_bind
    return trans._connection_for_bind(engine, execution_options)
           ^^^^^^^^^^^^^^^^^^^^^^^^^^^^^^^^^^^^^^^^^^^^^^^^^^^^^
  File "<string>", line 2, in _connection_for_bind
  File "/Users/htq/miniconda3/envs/freqtrade311/lib/python3.11/site-packages/sqlalchemy/orm/state_changes.py", line 137, in _go
    ret_value = fn(self, *arg, **kw)
                ^^^^^^^^^^^^^^^^^^^^
  File "/Users/htq/miniconda3/envs/freqtrade311/lib/python3.11/site-packages/sqlalchemy/orm/session.py", line 1189, in _connection_for_bind
    conn = bind.connect()
           ^^^^^^^^^^^^^^
  File "/Users/htq/miniconda3/envs/freqtrade311/lib/python3.11/site-packages/sqlalchemy/engine/base.py", line 3277, in connect
    return self._connection_cls(self)
           ^^^^^^^^^^^^^^^^^^^^^^^^^^
  File "/Users/htq/miniconda3/envs/freqtrade311/lib/python3.11/site-packages/sqlalchemy/engine/base.py", line 143, in __init__
    self._dbapi_connection = engine.raw_connection()
                             ^^^^^^^^^^^^^^^^^^^^^^^
  File "/Users/htq/miniconda3/envs/freqtrade311/lib/python3.11/site-packages/sqlalchemy/engine/base.py", line 3301, in raw_connection
    return self.pool.connect()
           ^^^^^^^^^^^^^^^^^^^
  File "/Users/htq/miniconda3/envs/freqtrade311/lib/python3.11/site-packages/sqlalchemy/pool/base.py", line 447, in connect
    return _ConnectionFairy._checkout(self)
           ^^^^^^^^^^^^^^^^^^^^^^^^^^^^^^^^
  File "/Users/htq/miniconda3/envs/freqtrade311/lib/python3.11/site-packages/sqlalchemy/pool/base.py", line 1264, in _checkout
    fairy = _ConnectionRecord.checkout(pool)
            ^^^^^^^^^^^^^^^^^^^^^^^^^^^^^^^^
  File "/Users/htq/miniconda3/envs/freqtrade311/lib/python3.11/site-packages/sqlalchemy/pool/base.py", line 711, in checkout
    rec = pool._do_get()
          ^^^^^^^^^^^^^^
  File "/Users/htq/miniconda3/envs/freqtrade311/lib/python3.11/site-packages/sqlalchemy/pool/impl.py", line 166, in _do_get
    raise exc.TimeoutError(
sqlalchemy.exc.TimeoutError: QueuePool limit of size 5 overflow 10 reached, connection timed out, timeout 30.00 (Background on this error at: https://sqlalche.me/e/20/3o7r)
2025-10-15 21:41:50,983 - uvicorn.error - ERROR - Exception in ASGI application
Traceback (most recent call last):
  File "/Users/htq/miniconda3/envs/freqtrade311/lib/python3.11/site-packages/uvicorn/protocols/http/h11_impl.py", line 403, in run_asgi
    result = await app(  # type: ignore[func-returns-value]
             ^^^^^^^^^^^^^^^^^^^^^^^^^^^^^^^^^^^^^^^^^^^^^^
  File "/Users/htq/miniconda3/envs/freqtrade311/lib/python3.11/site-packages/uvicorn/middleware/proxy_headers.py", line 60, in __call__
    return await self.app(scope, receive, send)
           ^^^^^^^^^^^^^^^^^^^^^^^^^^^^^^^^^^^^
  File "/Users/htq/miniconda3/envs/freqtrade311/lib/python3.11/site-packages/fastapi/applications.py", line 1054, in __call__
    await super().__call__(scope, receive, send)
  File "/Users/htq/miniconda3/envs/freqtrade311/lib/python3.11/site-packages/starlette/applications.py", line 113, in __call__
    await self.middleware_stack(scope, receive, send)
  File "/Users/htq/miniconda3/envs/freqtrade311/lib/python3.11/site-packages/starlette/middleware/errors.py", line 186, in __call__
    raise exc
  File "/Users/htq/miniconda3/envs/freqtrade311/lib/python3.11/site-packages/starlette/middleware/errors.py", line 164, in __call__
    await self.app(scope, receive, _send)
  File "/Users/htq/miniconda3/envs/freqtrade311/lib/python3.11/site-packages/starlette/middleware/cors.py", line 85, in __call__
    await self.app(scope, receive, send)
  File "/Users/htq/miniconda3/envs/freqtrade311/lib/python3.11/site-packages/starlette/middleware/exceptions.py", line 63, in __call__
    await wrap_app_handling_exceptions(self.app, conn)(scope, receive, send)
  File "/Users/htq/miniconda3/envs/freqtrade311/lib/python3.11/site-packages/starlette/_exception_handler.py", line 53, in wrapped_app
    raise exc
  File "/Users/htq/miniconda3/envs/freqtrade311/lib/python3.11/site-packages/starlette/_exception_handler.py", line 42, in wrapped_app
    await app(scope, receive, sender)
  File "/Users/htq/miniconda3/envs/freqtrade311/lib/python3.11/site-packages/starlette/routing.py", line 716, in __call__
    await self.middleware_stack(scope, receive, send)
  File "/Users/htq/miniconda3/envs/freqtrade311/lib/python3.11/site-packages/starlette/routing.py", line 736, in app
    await route.handle(scope, receive, send)
  File "/Users/htq/miniconda3/envs/freqtrade311/lib/python3.11/site-packages/starlette/routing.py", line 290, in handle
    await self.app(scope, receive, send)
  File "/Users/htq/miniconda3/envs/freqtrade311/lib/python3.11/site-packages/starlette/routing.py", line 78, in app
    await wrap_app_handling_exceptions(app, request)(scope, receive, send)
  File "/Users/htq/miniconda3/envs/freqtrade311/lib/python3.11/site-packages/starlette/_exception_handler.py", line 53, in wrapped_app
    raise exc
  File "/Users/htq/miniconda3/envs/freqtrade311/lib/python3.11/site-packages/starlette/_exception_handler.py", line 42, in wrapped_app
    await app(scope, receive, sender)
  File "/Users/htq/miniconda3/envs/freqtrade311/lib/python3.11/site-packages/starlette/routing.py", line 75, in app
    response = await f(request)
               ^^^^^^^^^^^^^^^^
  File "/Users/htq/miniconda3/envs/freqtrade311/lib/python3.11/contextlib.py", line 222, in __aexit__
    await self.gen.athrow(typ, value, traceback)
  File "/Users/htq/Desktop/真正的金融/币圈/freqtrade/freqtrade/rpc/api_server/deps.py", line 30, in get_rpc
    yield _rpc
  File "/Users/htq/miniconda3/envs/freqtrade311/lib/python3.11/site-packages/fastapi/routing.py", line 302, in app
    raw_response = await run_endpoint_function(
                   ^^^^^^^^^^^^^^^^^^^^^^^^^^^^
  File "/Users/htq/miniconda3/envs/freqtrade311/lib/python3.11/site-packages/fastapi/routing.py", line 215, in run_endpoint_function
    return await run_in_threadpool(dependant.call, **values)
           ^^^^^^^^^^^^^^^^^^^^^^^^^^^^^^^^^^^^^^^^^^^^^^^^^
  File "/Users/htq/miniconda3/envs/freqtrade311/lib/python3.11/site-packages/starlette/concurrency.py", line 38, in run_in_threadpool
    return await anyio.to_thread.run_sync(func)
           ^^^^^^^^^^^^^^^^^^^^^^^^^^^^^^^^^^^^
  File "/Users/htq/miniconda3/envs/freqtrade311/lib/python3.11/site-packages/anyio/to_thread.py", line 56, in run_sync
    return await get_async_backend().run_sync_in_worker_thread(
           ^^^^^^^^^^^^^^^^^^^^^^^^^^^^^^^^^^^^^^^^^^^^^^^^^^^^
  File "/Users/htq/miniconda3/envs/freqtrade311/lib/python3.11/site-packages/anyio/_backends/_asyncio.py", line 2476, in run_sync_in_worker_thread
    return await future
           ^^^^^^^^^^^^
  File "/Users/htq/miniconda3/envs/freqtrade311/lib/python3.11/site-packages/anyio/_backends/_asyncio.py", line 967, in run
    result = context.run(func, *args)
             ^^^^^^^^^^^^^^^^^^^^^^^^
  File "/Users/htq/Desktop/真正的金融/币圈/freqtrade/freqtrade/rpc/api_server/api_v1.py", line 212, in status
    return rpc._rpc_trade_status()
           ^^^^^^^^^^^^^^^^^^^^^^^
  File "/Users/htq/Desktop/真正的金融/币圈/freqtrade/freqtrade/rpc/rpc.py", line 192, in _rpc_trade_status
    trades = Trade.get_open_trades()
             ^^^^^^^^^^^^^^^^^^^^^^^
  File "/Users/htq/Desktop/真正的金融/币圈/freqtrade/freqtrade/persistence/trade_model.py", line 1507, in get_open_trades
    return Trade.get_trades_proxy(is_open=True)
           ^^^^^^^^^^^^^^^^^^^^^^^^^^^^^^^^^^^^
  File "/Users/htq/Desktop/真正的金融/币圈/freqtrade/freqtrade/persistence/trade_model.py", line 1800, in get_trades_proxy
    return cast(list[LocalTrade], Trade.get_trades(trade_filter).all())
                                  ^^^^^^^^^^^^^^^^^^^^^^^^^^^^^^
  File "/Users/htq/Desktop/真正的金融/币圈/freqtrade/freqtrade/persistence/trade_model.py", line 1845, in get_trades
    return Trade.session.scalars(query)
           ^^^^^^^^^^^^^^^^^^^^^^^^^^^^
  File "/Users/htq/miniconda3/envs/freqtrade311/lib/python3.11/site-packages/sqlalchemy/orm/scoping.py", line 1905, in scalars
    return self._proxied.scalars(
           ^^^^^^^^^^^^^^^^^^^^^^
  File "/Users/htq/miniconda3/envs/freqtrade311/lib/python3.11/site-packages/sqlalchemy/orm/session.py", line 2473, in scalars
    return self._execute_internal(
           ^^^^^^^^^^^^^^^^^^^^^^^
  File "/Users/htq/miniconda3/envs/freqtrade311/lib/python3.11/site-packages/sqlalchemy/orm/session.py", line 2241, in _execute_internal
    conn = self._connection_for_bind(bind)
           ^^^^^^^^^^^^^^^^^^^^^^^^^^^^^^^
  File "/Users/htq/miniconda3/envs/freqtrade311/lib/python3.11/site-packages/sqlalchemy/orm/session.py", line 2110, in _connection_for_bind
    return trans._connection_for_bind(engine, execution_options)
           ^^^^^^^^^^^^^^^^^^^^^^^^^^^^^^^^^^^^^^^^^^^^^^^^^^^^^
  File "<string>", line 2, in _connection_for_bind
  File "/Users/htq/miniconda3/envs/freqtrade311/lib/python3.11/site-packages/sqlalchemy/orm/state_changes.py", line 137, in _go
    ret_value = fn(self, *arg, **kw)
                ^^^^^^^^^^^^^^^^^^^^
  File "/Users/htq/miniconda3/envs/freqtrade311/lib/python3.11/site-packages/sqlalchemy/orm/session.py", line 1189, in _connection_for_bind
    conn = bind.connect()
           ^^^^^^^^^^^^^^
  File "/Users/htq/miniconda3/envs/freqtrade311/lib/python3.11/site-packages/sqlalchemy/engine/base.py", line 3277, in connect
    return self._connection_cls(self)
           ^^^^^^^^^^^^^^^^^^^^^^^^^^
  File "/Users/htq/miniconda3/envs/freqtrade311/lib/python3.11/site-packages/sqlalchemy/engine/base.py", line 143, in __init__
    self._dbapi_connection = engine.raw_connection()
                             ^^^^^^^^^^^^^^^^^^^^^^^
  File "/Users/htq/miniconda3/envs/freqtrade311/lib/python3.11/site-packages/sqlalchemy/engine/base.py", line 3301, in raw_connection
    return self.pool.connect()
           ^^^^^^^^^^^^^^^^^^^
  File "/Users/htq/miniconda3/envs/freqtrade311/lib/python3.11/site-packages/sqlalchemy/pool/base.py", line 447, in connect
    return _ConnectionFairy._checkout(self)
           ^^^^^^^^^^^^^^^^^^^^^^^^^^^^^^^^
  File "/Users/htq/miniconda3/envs/freqtrade311/lib/python3.11/site-packages/sqlalchemy/pool/base.py", line 1264, in _checkout
    fairy = _ConnectionRecord.checkout(pool)
            ^^^^^^^^^^^^^^^^^^^^^^^^^^^^^^^^
  File "/Users/htq/miniconda3/envs/freqtrade311/lib/python3.11/site-packages/sqlalchemy/pool/base.py", line 711, in checkout
    rec = pool._do_get()
          ^^^^^^^^^^^^^^
  File "/Users/htq/miniconda3/envs/freqtrade311/lib/python3.11/site-packages/sqlalchemy/pool/impl.py", line 166, in _do_get
    raise exc.TimeoutError(
sqlalchemy.exc.TimeoutError: QueuePool limit of size 5 overflow 10 reached, connection timed out, timeout 30.00 (Background on this error at: https://sqlalche.me/e/20/3o7r)
2025-10-15 21:41:55,985 - uvicorn.error - ERROR - Exception in ASGI application
Traceback (most recent call last):
  File "/Users/htq/miniconda3/envs/freqtrade311/lib/python3.11/site-packages/uvicorn/protocols/http/h11_impl.py", line 403, in run_asgi
    result = await app(  # type: ignore[func-returns-value]
             ^^^^^^^^^^^^^^^^^^^^^^^^^^^^^^^^^^^^^^^^^^^^^^
  File "/Users/htq/miniconda3/envs/freqtrade311/lib/python3.11/site-packages/uvicorn/middleware/proxy_headers.py", line 60, in __call__
    return await self.app(scope, receive, send)
           ^^^^^^^^^^^^^^^^^^^^^^^^^^^^^^^^^^^^
  File "/Users/htq/miniconda3/envs/freqtrade311/lib/python3.11/site-packages/fastapi/applications.py", line 1054, in __call__
    await super().__call__(scope, receive, send)
  File "/Users/htq/miniconda3/envs/freqtrade311/lib/python3.11/site-packages/starlette/applications.py", line 113, in __call__
    await self.middleware_stack(scope, receive, send)
  File "/Users/htq/miniconda3/envs/freqtrade311/lib/python3.11/site-packages/starlette/middleware/errors.py", line 186, in __call__
    raise exc
  File "/Users/htq/miniconda3/envs/freqtrade311/lib/python3.11/site-packages/starlette/middleware/errors.py", line 164, in __call__
    await self.app(scope, receive, _send)
  File "/Users/htq/miniconda3/envs/freqtrade311/lib/python3.11/site-packages/starlette/middleware/cors.py", line 85, in __call__
    await self.app(scope, receive, send)
  File "/Users/htq/miniconda3/envs/freqtrade311/lib/python3.11/site-packages/starlette/middleware/exceptions.py", line 63, in __call__
    await wrap_app_handling_exceptions(self.app, conn)(scope, receive, send)
  File "/Users/htq/miniconda3/envs/freqtrade311/lib/python3.11/site-packages/starlette/_exception_handler.py", line 53, in wrapped_app
    raise exc
  File "/Users/htq/miniconda3/envs/freqtrade311/lib/python3.11/site-packages/starlette/_exception_handler.py", line 42, in wrapped_app
    await app(scope, receive, sender)
  File "/Users/htq/miniconda3/envs/freqtrade311/lib/python3.11/site-packages/starlette/routing.py", line 716, in __call__
    await self.middleware_stack(scope, receive, send)
  File "/Users/htq/miniconda3/envs/freqtrade311/lib/python3.11/site-packages/starlette/routing.py", line 736, in app
    await route.handle(scope, receive, send)
  File "/Users/htq/miniconda3/envs/freqtrade311/lib/python3.11/site-packages/starlette/routing.py", line 290, in handle
    await self.app(scope, receive, send)
  File "/Users/htq/miniconda3/envs/freqtrade311/lib/python3.11/site-packages/starlette/routing.py", line 78, in app
    await wrap_app_handling_exceptions(app, request)(scope, receive, send)
  File "/Users/htq/miniconda3/envs/freqtrade311/lib/python3.11/site-packages/starlette/_exception_handler.py", line 53, in wrapped_app
    raise exc
  File "/Users/htq/miniconda3/envs/freqtrade311/lib/python3.11/site-packages/starlette/_exception_handler.py", line 42, in wrapped_app
    await app(scope, receive, sender)
  File "/Users/htq/miniconda3/envs/freqtrade311/lib/python3.11/site-packages/starlette/routing.py", line 75, in app
    response = await f(request)
               ^^^^^^^^^^^^^^^^
  File "/Users/htq/miniconda3/envs/freqtrade311/lib/python3.11/contextlib.py", line 222, in __aexit__
    await self.gen.athrow(typ, value, traceback)
  File "/Users/htq/Desktop/真正的金融/币圈/freqtrade/freqtrade/rpc/api_server/deps.py", line 30, in get_rpc
    yield _rpc
  File "/Users/htq/miniconda3/envs/freqtrade311/lib/python3.11/site-packages/fastapi/routing.py", line 302, in app
    raw_response = await run_endpoint_function(
                   ^^^^^^^^^^^^^^^^^^^^^^^^^^^^
  File "/Users/htq/miniconda3/envs/freqtrade311/lib/python3.11/site-packages/fastapi/routing.py", line 215, in run_endpoint_function
    return await run_in_threadpool(dependant.call, **values)
           ^^^^^^^^^^^^^^^^^^^^^^^^^^^^^^^^^^^^^^^^^^^^^^^^^
  File "/Users/htq/miniconda3/envs/freqtrade311/lib/python3.11/site-packages/starlette/concurrency.py", line 38, in run_in_threadpool
    return await anyio.to_thread.run_sync(func)
           ^^^^^^^^^^^^^^^^^^^^^^^^^^^^^^^^^^^^
  File "/Users/htq/miniconda3/envs/freqtrade311/lib/python3.11/site-packages/anyio/to_thread.py", line 56, in run_sync
    return await get_async_backend().run_sync_in_worker_thread(
           ^^^^^^^^^^^^^^^^^^^^^^^^^^^^^^^^^^^^^^^^^^^^^^^^^^^^
  File "/Users/htq/miniconda3/envs/freqtrade311/lib/python3.11/site-packages/anyio/_backends/_asyncio.py", line 2476, in run_sync_in_worker_thread
    return await future
           ^^^^^^^^^^^^
  File "/Users/htq/miniconda3/envs/freqtrade311/lib/python3.11/site-packages/anyio/_backends/_asyncio.py", line 967, in run
    result = context.run(func, *args)
             ^^^^^^^^^^^^^^^^^^^^^^^^
  File "/Users/htq/Desktop/真正的金融/币圈/freqtrade/freqtrade/rpc/api_server/api_v1.py", line 354, in locks
    return rpc._rpc_locks()
           ^^^^^^^^^^^^^^^^
  File "/Users/htq/Desktop/真正的金融/币圈/freqtrade/freqtrade/rpc/rpc.py", line 1304, in _rpc_locks
    locks = PairLocks.get_pair_locks(None)
            ^^^^^^^^^^^^^^^^^^^^^^^^^^^^^^
  File "/Users/htq/Desktop/真正的金融/币圈/freqtrade/freqtrade/persistence/pairlock_middleware.py", line 83, in get_pair_locks
    return PairLock.query_pair_locks(pair, now, side).all()
           ^^^^^^^^^^^^^^^^^^^^^^^^^^^^^^^^^^^^^^^^^^
  File "/Users/htq/Desktop/真正的金融/币圈/freqtrade/freqtrade/persistence/pairlock.py", line 61, in query_pair_locks
    return PairLock.session.scalars(select(PairLock).filter(*filters))
           ^^^^^^^^^^^^^^^^^^^^^^^^^^^^^^^^^^^^^^^^^^^^^^^^^^^^^^^^^^^
  File "/Users/htq/miniconda3/envs/freqtrade311/lib/python3.11/site-packages/sqlalchemy/orm/scoping.py", line 1905, in scalars
    return self._proxied.scalars(
           ^^^^^^^^^^^^^^^^^^^^^^
  File "/Users/htq/miniconda3/envs/freqtrade311/lib/python3.11/site-packages/sqlalchemy/orm/session.py", line 2473, in scalars
    return self._execute_internal(
           ^^^^^^^^^^^^^^^^^^^^^^^
  File "/Users/htq/miniconda3/envs/freqtrade311/lib/python3.11/site-packages/sqlalchemy/orm/session.py", line 2241, in _execute_internal
    conn = self._connection_for_bind(bind)
           ^^^^^^^^^^^^^^^^^^^^^^^^^^^^^^^
  File "/Users/htq/miniconda3/envs/freqtrade311/lib/python3.11/site-packages/sqlalchemy/orm/session.py", line 2110, in _connection_for_bind
    return trans._connection_for_bind(engine, execution_options)
           ^^^^^^^^^^^^^^^^^^^^^^^^^^^^^^^^^^^^^^^^^^^^^^^^^^^^^
  File "<string>", line 2, in _connection_for_bind
  File "/Users/htq/miniconda3/envs/freqtrade311/lib/python3.11/site-packages/sqlalchemy/orm/state_changes.py", line 137, in _go
    ret_value = fn(self, *arg, **kw)
                ^^^^^^^^^^^^^^^^^^^^
  File "/Users/htq/miniconda3/envs/freqtrade311/lib/python3.11/site-packages/sqlalchemy/orm/session.py", line 1189, in _connection_for_bind
    conn = bind.connect()
           ^^^^^^^^^^^^^^
  File "/Users/htq/miniconda3/envs/freqtrade311/lib/python3.11/site-packages/sqlalchemy/engine/base.py", line 3277, in connect
    return self._connection_cls(self)
           ^^^^^^^^^^^^^^^^^^^^^^^^^^
  File "/Users/htq/miniconda3/envs/freqtrade311/lib/python3.11/site-packages/sqlalchemy/engine/base.py", line 143, in __init__
    self._dbapi_connection = engine.raw_connection()
                             ^^^^^^^^^^^^^^^^^^^^^^^
  File "/Users/htq/miniconda3/envs/freqtrade311/lib/python3.11/site-packages/sqlalchemy/engine/base.py", line 3301, in raw_connection
    return self.pool.connect()
           ^^^^^^^^^^^^^^^^^^^
  File "/Users/htq/miniconda3/envs/freqtrade311/lib/python3.11/site-packages/sqlalchemy/pool/base.py", line 447, in connect
    return _ConnectionFairy._checkout(self)
           ^^^^^^^^^^^^^^^^^^^^^^^^^^^^^^^^
  File "/Users/htq/miniconda3/envs/freqtrade311/lib/python3.11/site-packages/sqlalchemy/pool/base.py", line 1264, in _checkout
    fairy = _ConnectionRecord.checkout(pool)
            ^^^^^^^^^^^^^^^^^^^^^^^^^^^^^^^^
  File "/Users/htq/miniconda3/envs/freqtrade311/lib/python3.11/site-packages/sqlalchemy/pool/base.py", line 711, in checkout
    rec = pool._do_get()
          ^^^^^^^^^^^^^^
  File "/Users/htq/miniconda3/envs/freqtrade311/lib/python3.11/site-packages/sqlalchemy/pool/impl.py", line 166, in _do_get
    raise exc.TimeoutError(
sqlalchemy.exc.TimeoutError: QueuePool limit of size 5 overflow 10 reached, connection timed out, timeout 30.00 (Background on this error at: https://sqlalche.me/e/20/3o7r)
2025-10-15 21:41:56,019 - urllib3.connectionpool - WARNING - Retrying (Retry(total=0, connect=None, read=None, redirect=None, status=None)) after connection broken by 
'ConnectTimeoutError(<urllib3.connection.HTTPSConnection object at 0x130c7b050>, 'Connection to api.coingecko.com timed out. (connect timeout=120)')': /api/v3/simple/price?ids=tether&vs_currencies=usd
2025-10-15 21:41:56,020 - urllib3.connectionpool - WARNING - Retrying (Retry(total=0, connect=None, read=None, redirect=None, status=None)) after connection broken by 
'ConnectTimeoutError(<urllib3.connection.HTTPSConnection object at 0x130c79bd0>, 'Connection to api.coingecko.com timed out. (connect timeout=120)')': /api/v3/simple/price?ids=tether&vs_currencies=usd
2025-10-15 21:41:56,619 - uvicorn.error - ERROR - Exception in ASGI application
Traceback (most recent call last):
  File "/Users/htq/miniconda3/envs/freqtrade311/lib/python3.11/site-packages/uvicorn/protocols/http/h11_impl.py", line 403, in run_asgi
    result = await app(  # type: ignore[func-returns-value]
             ^^^^^^^^^^^^^^^^^^^^^^^^^^^^^^^^^^^^^^^^^^^^^^
  File "/Users/htq/miniconda3/envs/freqtrade311/lib/python3.11/site-packages/uvicorn/middleware/proxy_headers.py", line 60, in __call__
    return await self.app(scope, receive, send)
           ^^^^^^^^^^^^^^^^^^^^^^^^^^^^^^^^^^^^
  File "/Users/htq/miniconda3/envs/freqtrade311/lib/python3.11/site-packages/fastapi/applications.py", line 1054, in __call__
    await super().__call__(scope, receive, send)
  File "/Users/htq/miniconda3/envs/freqtrade311/lib/python3.11/site-packages/starlette/applications.py", line 113, in __call__
    await self.middleware_stack(scope, receive, send)
  File "/Users/htq/miniconda3/envs/freqtrade311/lib/python3.11/site-packages/starlette/middleware/errors.py", line 186, in __call__
    raise exc
  File "/Users/htq/miniconda3/envs/freqtrade311/lib/python3.11/site-packages/starlette/middleware/errors.py", line 164, in __call__
    await self.app(scope, receive, _send)
  File "/Users/htq/miniconda3/envs/freqtrade311/lib/python3.11/site-packages/starlette/middleware/cors.py", line 85, in __call__
    await self.app(scope, receive, send)
  File "/Users/htq/miniconda3/envs/freqtrade311/lib/python3.11/site-packages/starlette/middleware/exceptions.py", line 63, in __call__
    await wrap_app_handling_exceptions(self.app, conn)(scope, receive, send)
  File "/Users/htq/miniconda3/envs/freqtrade311/lib/python3.11/site-packages/starlette/_exception_handler.py", line 53, in wrapped_app
    raise exc
  File "/Users/htq/miniconda3/envs/freqtrade311/lib/python3.11/site-packages/starlette/_exception_handler.py", line 42, in wrapped_app
    await app(scope, receive, sender)
  File "/Users/htq/miniconda3/envs/freqtrade311/lib/python3.11/site-packages/starlette/routing.py", line 716, in __call__
    await self.middleware_stack(scope, receive, send)
  File "/Users/htq/miniconda3/envs/freqtrade311/lib/python3.11/site-packages/starlette/routing.py", line 736, in app
    await route.handle(scope, receive, send)
  File "/Users/htq/miniconda3/envs/freqtrade311/lib/python3.11/site-packages/starlette/routing.py", line 290, in handle
    await self.app(scope, receive, send)
  File "/Users/htq/miniconda3/envs/freqtrade311/lib/python3.11/site-packages/starlette/routing.py", line 78, in app
    await wrap_app_handling_exceptions(app, request)(scope, receive, send)
  File "/Users/htq/miniconda3/envs/freqtrade311/lib/python3.11/site-packages/starlette/_exception_handler.py", line 53, in wrapped_app
    raise exc
  File "/Users/htq/miniconda3/envs/freqtrade311/lib/python3.11/site-packages/starlette/_exception_handler.py", line 42, in wrapped_app
    await app(scope, receive, sender)
  File "/Users/htq/miniconda3/envs/freqtrade311/lib/python3.11/site-packages/starlette/routing.py", line 75, in app
    response = await f(request)
               ^^^^^^^^^^^^^^^^
  File "/Users/htq/miniconda3/envs/freqtrade311/lib/python3.11/contextlib.py", line 222, in __aexit__
    await self.gen.athrow(typ, value, traceback)
  File "/Users/htq/Desktop/真正的金融/币圈/freqtrade/freqtrade/rpc/api_server/deps.py", line 30, in get_rpc
    yield _rpc
  File "/Users/htq/miniconda3/envs/freqtrade311/lib/python3.11/site-packages/fastapi/routing.py", line 302, in app
    raw_response = await run_endpoint_function(
                   ^^^^^^^^^^^^^^^^^^^^^^^^^^^^
  File "/Users/htq/miniconda3/envs/freqtrade311/lib/python3.11/site-packages/fastapi/routing.py", line 215, in run_endpoint_function
    return await run_in_threadpool(dependant.call, **values)
           ^^^^^^^^^^^^^^^^^^^^^^^^^^^^^^^^^^^^^^^^^^^^^^^^^
  File "/Users/htq/miniconda3/envs/freqtrade311/lib/python3.11/site-packages/starlette/concurrency.py", line 38, in run_in_threadpool
    return await anyio.to_thread.run_sync(func)
           ^^^^^^^^^^^^^^^^^^^^^^^^^^^^^^^^^^^^
  File "/Users/htq/miniconda3/envs/freqtrade311/lib/python3.11/site-packages/anyio/to_thread.py", line 56, in run_sync
    return await get_async_backend().run_sync_in_worker_thread(
           ^^^^^^^^^^^^^^^^^^^^^^^^^^^^^^^^^^^^^^^^^^^^^^^^^^^^
  File "/Users/htq/miniconda3/envs/freqtrade311/lib/python3.11/site-packages/anyio/_backends/_asyncio.py", line 2476, in run_sync_in_worker_thread
    return await future
           ^^^^^^^^^^^^
  File "/Users/htq/miniconda3/envs/freqtrade311/lib/python3.11/site-packages/anyio/_backends/_asyncio.py", line 967, in run
    result = context.run(func, *args)
             ^^^^^^^^^^^^^^^^^^^^^^^^
  File "/Users/htq/Desktop/真正的金融/币圈/freqtrade/freqtrade/rpc/api_server/api_v1.py", line 212, in status
    return rpc._rpc_trade_status()
           ^^^^^^^^^^^^^^^^^^^^^^^
  File "/Users/htq/Desktop/真正的金融/币圈/freqtrade/freqtrade/rpc/rpc.py", line 192, in _rpc_trade_status
    trades = Trade.get_open_trades()
             ^^^^^^^^^^^^^^^^^^^^^^^
  File "/Users/htq/Desktop/真正的金融/币圈/freqtrade/freqtrade/persistence/trade_model.py", line 1507, in get_open_trades
    return Trade.get_trades_proxy(is_open=True)
           ^^^^^^^^^^^^^^^^^^^^^^^^^^^^^^^^^^^^
  File "/Users/htq/Desktop/真正的金融/币圈/freqtrade/freqtrade/persistence/trade_model.py", line 1800, in get_trades_proxy
    return cast(list[LocalTrade], Trade.get_trades(trade_filter).all())
                                  ^^^^^^^^^^^^^^^^^^^^^^^^^^^^^^
  File "/Users/htq/Desktop/真正的金融/币圈/freqtrade/freqtrade/persistence/trade_model.py", line 1845, in get_trades
    return Trade.session.scalars(query)
           ^^^^^^^^^^^^^^^^^^^^^^^^^^^^
  File "/Users/htq/miniconda3/envs/freqtrade311/lib/python3.11/site-packages/sqlalchemy/orm/scoping.py", line 1905, in scalars
    return self._proxied.scalars(
           ^^^^^^^^^^^^^^^^^^^^^^
  File "/Users/htq/miniconda3/envs/freqtrade311/lib/python3.11/site-packages/sqlalchemy/orm/session.py", line 2473, in scalars
    return self._execute_internal(
           ^^^^^^^^^^^^^^^^^^^^^^^
  File "/Users/htq/miniconda3/envs/freqtrade311/lib/python3.11/site-packages/sqlalchemy/orm/session.py", line 2241, in _execute_internal
    conn = self._connection_for_bind(bind)
           ^^^^^^^^^^^^^^^^^^^^^^^^^^^^^^^
  File "/Users/htq/miniconda3/envs/freqtrade311/lib/python3.11/site-packages/sqlalchemy/orm/session.py", line 2110, in _connection_for_bind
    return trans._connection_for_bind(engine, execution_options)
           ^^^^^^^^^^^^^^^^^^^^^^^^^^^^^^^^^^^^^^^^^^^^^^^^^^^^^
  File "<string>", line 2, in _connection_for_bind
  File "/Users/htq/miniconda3/envs/freqtrade311/lib/python3.11/site-packages/sqlalchemy/orm/state_changes.py", line 137, in _go
    ret_value = fn(self, *arg, **kw)
                ^^^^^^^^^^^^^^^^^^^^
  File "/Users/htq/miniconda3/envs/freqtrade311/lib/python3.11/site-packages/sqlalchemy/orm/session.py", line 1189, in _connection_for_bind
    conn = bind.connect()
           ^^^^^^^^^^^^^^
  File "/Users/htq/miniconda3/envs/freqtrade311/lib/python3.11/site-packages/sqlalchemy/engine/base.py", line 3277, in connect
    return self._connection_cls(self)
           ^^^^^^^^^^^^^^^^^^^^^^^^^^
  File "/Users/htq/miniconda3/envs/freqtrade311/lib/python3.11/site-packages/sqlalchemy/engine/base.py", line 143, in __init__
    self._dbapi_connection = engine.raw_connection()
                             ^^^^^^^^^^^^^^^^^^^^^^^
  File "/Users/htq/miniconda3/envs/freqtrade311/lib/python3.11/site-packages/sqlalchemy/engine/base.py", line 3301, in raw_connection
    return self.pool.connect()
           ^^^^^^^^^^^^^^^^^^^
  File "/Users/htq/miniconda3/envs/freqtrade311/lib/python3.11/site-packages/sqlalchemy/pool/base.py", line 447, in connect
    return _ConnectionFairy._checkout(self)
           ^^^^^^^^^^^^^^^^^^^^^^^^^^^^^^^^
  File "/Users/htq/miniconda3/envs/freqtrade311/lib/python3.11/site-packages/sqlalchemy/pool/base.py", line 1264, in _checkout
    fairy = _ConnectionRecord.checkout(pool)
            ^^^^^^^^^^^^^^^^^^^^^^^^^^^^^^^^
  File "/Users/htq/miniconda3/envs/freqtrade311/lib/python3.11/site-packages/sqlalchemy/pool/base.py", line 711, in checkout
    rec = pool._do_get()
          ^^^^^^^^^^^^^^
  File "/Users/htq/miniconda3/envs/freqtrade311/lib/python3.11/site-packages/sqlalchemy/pool/impl.py", line 166, in _do_get
    raise exc.TimeoutError(
sqlalchemy.exc.TimeoutError: QueuePool limit of size 5 overflow 10 reached, connection timed out, timeout 30.00 (Background on this error at: https://sqlalche.me/e/20/3o7r)
2025-10-15 21:42:01,616 - uvicorn.error - ERROR - Exception in ASGI application
Traceback (most recent call last):
  File "/Users/htq/miniconda3/envs/freqtrade311/lib/python3.11/site-packages/uvicorn/protocols/http/h11_impl.py", line 403, in run_asgi
    result = await app(  # type: ignore[func-returns-value]
             ^^^^^^^^^^^^^^^^^^^^^^^^^^^^^^^^^^^^^^^^^^^^^^
  File "/Users/htq/miniconda3/envs/freqtrade311/lib/python3.11/site-packages/uvicorn/middleware/proxy_headers.py", line 60, in __call__
    return await self.app(scope, receive, send)
           ^^^^^^^^^^^^^^^^^^^^^^^^^^^^^^^^^^^^
  File "/Users/htq/miniconda3/envs/freqtrade311/lib/python3.11/site-packages/fastapi/applications.py", line 1054, in __call__
    await super().__call__(scope, receive, send)
  File "/Users/htq/miniconda3/envs/freqtrade311/lib/python3.11/site-packages/starlette/applications.py", line 113, in __call__
    await self.middleware_stack(scope, receive, send)
  File "/Users/htq/miniconda3/envs/freqtrade311/lib/python3.11/site-packages/starlette/middleware/errors.py", line 186, in __call__
    raise exc
  File "/Users/htq/miniconda3/envs/freqtrade311/lib/python3.11/site-packages/starlette/middleware/errors.py", line 164, in __call__
    await self.app(scope, receive, _send)
  File "/Users/htq/miniconda3/envs/freqtrade311/lib/python3.11/site-packages/starlette/middleware/cors.py", line 85, in __call__
    await self.app(scope, receive, send)
  File "/Users/htq/miniconda3/envs/freqtrade311/lib/python3.11/site-packages/starlette/middleware/exceptions.py", line 63, in __call__
    await wrap_app_handling_exceptions(self.app, conn)(scope, receive, send)
  File "/Users/htq/miniconda3/envs/freqtrade311/lib/python3.11/site-packages/starlette/_exception_handler.py", line 53, in wrapped_app
    raise exc
  File "/Users/htq/miniconda3/envs/freqtrade311/lib/python3.11/site-packages/starlette/_exception_handler.py", line 42, in wrapped_app
    await app(scope, receive, sender)
  File "/Users/htq/miniconda3/envs/freqtrade311/lib/python3.11/site-packages/starlette/routing.py", line 716, in __call__
    await self.middleware_stack(scope, receive, send)
  File "/Users/htq/miniconda3/envs/freqtrade311/lib/python3.11/site-packages/starlette/routing.py", line 736, in app
    await route.handle(scope, receive, send)
  File "/Users/htq/miniconda3/envs/freqtrade311/lib/python3.11/site-packages/starlette/routing.py", line 290, in handle
    await self.app(scope, receive, send)
  File "/Users/htq/miniconda3/envs/freqtrade311/lib/python3.11/site-packages/starlette/routing.py", line 78, in app
    await wrap_app_handling_exceptions(app, request)(scope, receive, send)
  File "/Users/htq/miniconda3/envs/freqtrade311/lib/python3.11/site-packages/starlette/_exception_handler.py", line 53, in wrapped_app
    raise exc
  File "/Users/htq/miniconda3/envs/freqtrade311/lib/python3.11/site-packages/starlette/_exception_handler.py", line 42, in wrapped_app
    await app(scope, receive, sender)
  File "/Users/htq/miniconda3/envs/freqtrade311/lib/python3.11/site-packages/starlette/routing.py", line 75, in app
    response = await f(request)
               ^^^^^^^^^^^^^^^^
  File "/Users/htq/miniconda3/envs/freqtrade311/lib/python3.11/contextlib.py", line 222, in __aexit__
    await self.gen.athrow(typ, value, traceback)
  File "/Users/htq/Desktop/真正的金融/币圈/freqtrade/freqtrade/rpc/api_server/deps.py", line 30, in get_rpc
    yield _rpc
  File "/Users/htq/miniconda3/envs/freqtrade311/lib/python3.11/site-packages/fastapi/routing.py", line 302, in app
    raw_response = await run_endpoint_function(
                   ^^^^^^^^^^^^^^^^^^^^^^^^^^^^
  File "/Users/htq/miniconda3/envs/freqtrade311/lib/python3.11/site-packages/fastapi/routing.py", line 215, in run_endpoint_function
    return await run_in_threadpool(dependant.call, **values)
           ^^^^^^^^^^^^^^^^^^^^^^^^^^^^^^^^^^^^^^^^^^^^^^^^^
  File "/Users/htq/miniconda3/envs/freqtrade311/lib/python3.11/site-packages/starlette/concurrency.py", line 38, in run_in_threadpool
    return await anyio.to_thread.run_sync(func)
           ^^^^^^^^^^^^^^^^^^^^^^^^^^^^^^^^^^^^
  File "/Users/htq/miniconda3/envs/freqtrade311/lib/python3.11/site-packages/anyio/to_thread.py", line 56, in run_sync
    return await get_async_backend().run_sync_in_worker_thread(
           ^^^^^^^^^^^^^^^^^^^^^^^^^^^^^^^^^^^^^^^^^^^^^^^^^^^^
  File "/Users/htq/miniconda3/envs/freqtrade311/lib/python3.11/site-packages/anyio/_backends/_asyncio.py", line 2476, in run_sync_in_worker_thread
    return await future
           ^^^^^^^^^^^^
  File "/Users/htq/miniconda3/envs/freqtrade311/lib/python3.11/site-packages/anyio/_backends/_asyncio.py", line 967, in run
    result = context.run(func, *args)
             ^^^^^^^^^^^^^^^^^^^^^^^^
  File "/Users/htq/Desktop/真正的金融/币圈/freqtrade/freqtrade/rpc/api_server/api_v1.py", line 212, in status
    return rpc._rpc_trade_status()
           ^^^^^^^^^^^^^^^^^^^^^^^
  File "/Users/htq/Desktop/真正的金融/币圈/freqtrade/freqtrade/rpc/rpc.py", line 192, in _rpc_trade_status
    trades = Trade.get_open_trades()
             ^^^^^^^^^^^^^^^^^^^^^^^
  File "/Users/htq/Desktop/真正的金融/币圈/freqtrade/freqtrade/persistence/trade_model.py", line 1507, in get_open_trades
    return Trade.get_trades_proxy(is_open=True)
           ^^^^^^^^^^^^^^^^^^^^^^^^^^^^^^^^^^^^
  File "/Users/htq/Desktop/真正的金融/币圈/freqtrade/freqtrade/persistence/trade_model.py", line 1800, in get_trades_proxy
    return cast(list[LocalTrade], Trade.get_trades(trade_filter).all())
                                  ^^^^^^^^^^^^^^^^^^^^^^^^^^^^^^
  File "/Users/htq/Desktop/真正的金融/币圈/freqtrade/freqtrade/persistence/trade_model.py", line 1845, in get_trades
    return Trade.session.scalars(query)
           ^^^^^^^^^^^^^^^^^^^^^^^^^^^^
  File "/Users/htq/miniconda3/envs/freqtrade311/lib/python3.11/site-packages/sqlalchemy/orm/scoping.py", line 1905, in scalars
    return self._proxied.scalars(
           ^^^^^^^^^^^^^^^^^^^^^^
  File "/Users/htq/miniconda3/envs/freqtrade311/lib/python3.11/site-packages/sqlalchemy/orm/session.py", line 2473, in scalars
    return self._execute_internal(
           ^^^^^^^^^^^^^^^^^^^^^^^
  File "/Users/htq/miniconda3/envs/freqtrade311/lib/python3.11/site-packages/sqlalchemy/orm/session.py", line 2241, in _execute_internal
    conn = self._connection_for_bind(bind)
           ^^^^^^^^^^^^^^^^^^^^^^^^^^^^^^^
  File "/Users/htq/miniconda3/envs/freqtrade311/lib/python3.11/site-packages/sqlalchemy/orm/session.py", line 2110, in _connection_for_bind
    return trans._connection_for_bind(engine, execution_options)
           ^^^^^^^^^^^^^^^^^^^^^^^^^^^^^^^^^^^^^^^^^^^^^^^^^^^^^
  File "<string>", line 2, in _connection_for_bind
  File "/Users/htq/miniconda3/envs/freqtrade311/lib/python3.11/site-packages/sqlalchemy/orm/state_changes.py", line 137, in _go
    ret_value = fn(self, *arg, **kw)
                ^^^^^^^^^^^^^^^^^^^^
  File "/Users/htq/miniconda3/envs/freqtrade311/lib/python3.11/site-packages/sqlalchemy/orm/session.py", line 1189, in _connection_for_bind
    conn = bind.connect()
           ^^^^^^^^^^^^^^
  File "/Users/htq/miniconda3/envs/freqtrade311/lib/python3.11/site-packages/sqlalchemy/engine/base.py", line 3277, in connect
    return self._connection_cls(self)
           ^^^^^^^^^^^^^^^^^^^^^^^^^^
  File "/Users/htq/miniconda3/envs/freqtrade311/lib/python3.11/site-packages/sqlalchemy/engine/base.py", line 143, in __init__
    self._dbapi_connection = engine.raw_connection()
                             ^^^^^^^^^^^^^^^^^^^^^^^
  File "/Users/htq/miniconda3/envs/freqtrade311/lib/python3.11/site-packages/sqlalchemy/engine/base.py", line 3301, in raw_connection
    return self.pool.connect()
           ^^^^^^^^^^^^^^^^^^^
  File "/Users/htq/miniconda3/envs/freqtrade311/lib/python3.11/site-packages/sqlalchemy/pool/base.py", line 447, in connect
    return _ConnectionFairy._checkout(self)
           ^^^^^^^^^^^^^^^^^^^^^^^^^^^^^^^^
  File "/Users/htq/miniconda3/envs/freqtrade311/lib/python3.11/site-packages/sqlalchemy/pool/base.py", line 1264, in _checkout
    fairy = _ConnectionRecord.checkout(pool)
            ^^^^^^^^^^^^^^^^^^^^^^^^^^^^^^^^
  File "/Users/htq/miniconda3/envs/freqtrade311/lib/python3.11/site-packages/sqlalchemy/pool/base.py", line 711, in checkout
    rec = pool._do_get()
          ^^^^^^^^^^^^^^
  File "/Users/htq/miniconda3/envs/freqtrade311/lib/python3.11/site-packages/sqlalchemy/pool/impl.py", line 166, in _do_get
    raise exc.TimeoutError(
sqlalchemy.exc.TimeoutError: QueuePool limit of size 5 overflow 10 reached, connection timed out, timeout 30.00 (Background on this error at: https://sqlalche.me/e/20/3o7r)
2025-10-15 21:42:01,624 - uvicorn.error - ERROR - Exception in ASGI application
Traceback (most recent call last):
  File "/Users/htq/miniconda3/envs/freqtrade311/lib/python3.11/site-packages/uvicorn/protocols/http/h11_impl.py", line 403, in run_asgi
    result = await app(  # type: ignore[func-returns-value]
             ^^^^^^^^^^^^^^^^^^^^^^^^^^^^^^^^^^^^^^^^^^^^^^
  File "/Users/htq/miniconda3/envs/freqtrade311/lib/python3.11/site-packages/uvicorn/middleware/proxy_headers.py", line 60, in __call__
    return await self.app(scope, receive, send)
           ^^^^^^^^^^^^^^^^^^^^^^^^^^^^^^^^^^^^
  File "/Users/htq/miniconda3/envs/freqtrade311/lib/python3.11/site-packages/fastapi/applications.py", line 1054, in __call__
    await super().__call__(scope, receive, send)
  File "/Users/htq/miniconda3/envs/freqtrade311/lib/python3.11/site-packages/starlette/applications.py", line 113, in __call__
    await self.middleware_stack(scope, receive, send)
  File "/Users/htq/miniconda3/envs/freqtrade311/lib/python3.11/site-packages/starlette/middleware/errors.py", line 186, in __call__
    raise exc
  File "/Users/htq/miniconda3/envs/freqtrade311/lib/python3.11/site-packages/starlette/middleware/errors.py", line 164, in __call__
    await self.app(scope, receive, _send)
  File "/Users/htq/miniconda3/envs/freqtrade311/lib/python3.11/site-packages/starlette/middleware/cors.py", line 85, in __call__
    await self.app(scope, receive, send)
  File "/Users/htq/miniconda3/envs/freqtrade311/lib/python3.11/site-packages/starlette/middleware/exceptions.py", line 63, in __call__
    await wrap_app_handling_exceptions(self.app, conn)(scope, receive, send)
  File "/Users/htq/miniconda3/envs/freqtrade311/lib/python3.11/site-packages/starlette/_exception_handler.py", line 53, in wrapped_app
    raise exc
  File "/Users/htq/miniconda3/envs/freqtrade311/lib/python3.11/site-packages/starlette/_exception_handler.py", line 42, in wrapped_app
    await app(scope, receive, sender)
  File "/Users/htq/miniconda3/envs/freqtrade311/lib/python3.11/site-packages/starlette/routing.py", line 716, in __call__
    await self.middleware_stack(scope, receive, send)
  File "/Users/htq/miniconda3/envs/freqtrade311/lib/python3.11/site-packages/starlette/routing.py", line 736, in app
    await route.handle(scope, receive, send)
  File "/Users/htq/miniconda3/envs/freqtrade311/lib/python3.11/site-packages/starlette/routing.py", line 290, in handle
    await self.app(scope, receive, send)
  File "/Users/htq/miniconda3/envs/freqtrade311/lib/python3.11/site-packages/starlette/routing.py", line 78, in app
    await wrap_app_handling_exceptions(app, request)(scope, receive, send)
  File "/Users/htq/miniconda3/envs/freqtrade311/lib/python3.11/site-packages/starlette/_exception_handler.py", line 53, in wrapped_app
    raise exc
  File "/Users/htq/miniconda3/envs/freqtrade311/lib/python3.11/site-packages/starlette/_exception_handler.py", line 42, in wrapped_app
    await app(scope, receive, sender)
  File "/Users/htq/miniconda3/envs/freqtrade311/lib/python3.11/site-packages/starlette/routing.py", line 75, in app
    response = await f(request)
               ^^^^^^^^^^^^^^^^
  File "/Users/htq/miniconda3/envs/freqtrade311/lib/python3.11/contextlib.py", line 222, in __aexit__
    await self.gen.athrow(typ, value, traceback)
  File "/Users/htq/Desktop/真正的金融/币圈/freqtrade/freqtrade/rpc/api_server/deps.py", line 30, in get_rpc
    yield _rpc
  File "/Users/htq/miniconda3/envs/freqtrade311/lib/python3.11/site-packages/fastapi/routing.py", line 302, in app
    raw_response = await run_endpoint_function(
                   ^^^^^^^^^^^^^^^^^^^^^^^^^^^^
  File "/Users/htq/miniconda3/envs/freqtrade311/lib/python3.11/site-packages/fastapi/routing.py", line 215, in run_endpoint_function
    return await run_in_threadpool(dependant.call, **values)
           ^^^^^^^^^^^^^^^^^^^^^^^^^^^^^^^^^^^^^^^^^^^^^^^^^
  File "/Users/htq/miniconda3/envs/freqtrade311/lib/python3.11/site-packages/starlette/concurrency.py", line 38, in run_in_threadpool
    return await anyio.to_thread.run_sync(func)
           ^^^^^^^^^^^^^^^^^^^^^^^^^^^^^^^^^^^^
  File "/Users/htq/miniconda3/envs/freqtrade311/lib/python3.11/site-packages/anyio/to_thread.py", line 56, in run_sync
    return await get_async_backend().run_sync_in_worker_thread(
           ^^^^^^^^^^^^^^^^^^^^^^^^^^^^^^^^^^^^^^^^^^^^^^^^^^^^
  File "/Users/htq/miniconda3/envs/freqtrade311/lib/python3.11/site-packages/anyio/_backends/_asyncio.py", line 2476, in run_sync_in_worker_thread
    return await future
           ^^^^^^^^^^^^
  File "/Users/htq/miniconda3/envs/freqtrade311/lib/python3.11/site-packages/anyio/_backends/_asyncio.py", line 967, in run
    result = context.run(func, *args)
             ^^^^^^^^^^^^^^^^^^^^^^^^
  File "/Users/htq/Desktop/真正的金融/币圈/freqtrade/freqtrade/rpc/api_server/api_v1.py", line 354, in locks
    return rpc._rpc_locks()
           ^^^^^^^^^^^^^^^^
  File "/Users/htq/Desktop/真正的金融/币圈/freqtrade/freqtrade/rpc/rpc.py", line 1304, in _rpc_locks
    locks = PairLocks.get_pair_locks(None)
            ^^^^^^^^^^^^^^^^^^^^^^^^^^^^^^
  File "/Users/htq/Desktop/真正的金融/币圈/freqtrade/freqtrade/persistence/pairlock_middleware.py", line 83, in get_pair_locks
    return PairLock.query_pair_locks(pair, now, side).all()
           ^^^^^^^^^^^^^^^^^^^^^^^^^^^^^^^^^^^^^^^^^^
  File "/Users/htq/Desktop/真正的金融/币圈/freqtrade/freqtrade/persistence/pairlock.py", line 61, in query_pair_locks
    return PairLock.session.scalars(select(PairLock).filter(*filters))
           ^^^^^^^^^^^^^^^^^^^^^^^^^^^^^^^^^^^^^^^^^^^^^^^^^^^^^^^^^^^
  File "/Users/htq/miniconda3/envs/freqtrade311/lib/python3.11/site-packages/sqlalchemy/orm/scoping.py", line 1905, in scalars
    return self._proxied.scalars(
           ^^^^^^^^^^^^^^^^^^^^^^
  File "/Users/htq/miniconda3/envs/freqtrade311/lib/python3.11/site-packages/sqlalchemy/orm/session.py", line 2473, in scalars
    return self._execute_internal(
           ^^^^^^^^^^^^^^^^^^^^^^^
  File "/Users/htq/miniconda3/envs/freqtrade311/lib/python3.11/site-packages/sqlalchemy/orm/session.py", line 2241, in _execute_internal
    conn = self._connection_for_bind(bind)
           ^^^^^^^^^^^^^^^^^^^^^^^^^^^^^^^
  File "/Users/htq/miniconda3/envs/freqtrade311/lib/python3.11/site-packages/sqlalchemy/orm/session.py", line 2110, in _connection_for_bind
    return trans._connection_for_bind(engine, execution_options)
           ^^^^^^^^^^^^^^^^^^^^^^^^^^^^^^^^^^^^^^^^^^^^^^^^^^^^^
  File "<string>", line 2, in _connection_for_bind
  File "/Users/htq/miniconda3/envs/freqtrade311/lib/python3.11/site-packages/sqlalchemy/orm/state_changes.py", line 137, in _go
    ret_value = fn(self, *arg, **kw)
                ^^^^^^^^^^^^^^^^^^^^
  File "/Users/htq/miniconda3/envs/freqtrade311/lib/python3.11/site-packages/sqlalchemy/orm/session.py", line 1189, in _connection_for_bind
    conn = bind.connect()
           ^^^^^^^^^^^^^^
  File "/Users/htq/miniconda3/envs/freqtrade311/lib/python3.11/site-packages/sqlalchemy/engine/base.py", line 3277, in connect
    return self._connection_cls(self)
           ^^^^^^^^^^^^^^^^^^^^^^^^^^
  File "/Users/htq/miniconda3/envs/freqtrade311/lib/python3.11/site-packages/sqlalchemy/engine/base.py", line 143, in __init__
    self._dbapi_connection = engine.raw_connection()
                             ^^^^^^^^^^^^^^^^^^^^^^^
  File "/Users/htq/miniconda3/envs/freqtrade311/lib/python3.11/site-packages/sqlalchemy/engine/base.py", line 3301, in raw_connection
    return self.pool.connect()
           ^^^^^^^^^^^^^^^^^^^
  File "/Users/htq/miniconda3/envs/freqtrade311/lib/python3.11/site-packages/sqlalchemy/pool/base.py", line 447, in connect
    return _ConnectionFairy._checkout(self)
           ^^^^^^^^^^^^^^^^^^^^^^^^^^^^^^^^
  File "/Users/htq/miniconda3/envs/freqtrade311/lib/python3.11/site-packages/sqlalchemy/pool/base.py", line 1264, in _checkout
    fairy = _ConnectionRecord.checkout(pool)
            ^^^^^^^^^^^^^^^^^^^^^^^^^^^^^^^^
  File "/Users/htq/miniconda3/envs/freqtrade311/lib/python3.11/site-packages/sqlalchemy/pool/base.py", line 711, in checkout
    rec = pool._do_get()
          ^^^^^^^^^^^^^^
  File "/Users/htq/miniconda3/envs/freqtrade311/lib/python3.11/site-packages/sqlalchemy/pool/impl.py", line 166, in _do_get
    raise exc.TimeoutError(
sqlalchemy.exc.TimeoutError: QueuePool limit of size 5 overflow 10 reached, connection timed out, timeout 30.00 (Background on this error at: https://sqlalche.me/e/20/3o7r)
2025-10-15 21:42:01,632 - uvicorn.error - INFO - Waiting for background tasks to complete. (CTRL+C to force quit)
2025-10-15 21:42:05,980 - uvicorn.error - ERROR - Exception in ASGI application
Traceback (most recent call last):
  File "/Users/htq/miniconda3/envs/freqtrade311/lib/python3.11/site-packages/uvicorn/protocols/http/h11_impl.py", line 403, in run_asgi
    result = await app(  # type: ignore[func-returns-value]
             ^^^^^^^^^^^^^^^^^^^^^^^^^^^^^^^^^^^^^^^^^^^^^^
  File "/Users/htq/miniconda3/envs/freqtrade311/lib/python3.11/site-packages/uvicorn/middleware/proxy_headers.py", line 60, in __call__
    return await self.app(scope, receive, send)
           ^^^^^^^^^^^^^^^^^^^^^^^^^^^^^^^^^^^^
  File "/Users/htq/miniconda3/envs/freqtrade311/lib/python3.11/site-packages/fastapi/applications.py", line 1054, in __call__
    await super().__call__(scope, receive, send)
  File "/Users/htq/miniconda3/envs/freqtrade311/lib/python3.11/site-packages/starlette/applications.py", line 113, in __call__
    await self.middleware_stack(scope, receive, send)
  File "/Users/htq/miniconda3/envs/freqtrade311/lib/python3.11/site-packages/starlette/middleware/errors.py", line 186, in __call__
    raise exc
  File "/Users/htq/miniconda3/envs/freqtrade311/lib/python3.11/site-packages/starlette/middleware/errors.py", line 164, in __call__
    await self.app(scope, receive, _send)
  File "/Users/htq/miniconda3/envs/freqtrade311/lib/python3.11/site-packages/starlette/middleware/cors.py", line 85, in __call__
    await self.app(scope, receive, send)
  File "/Users/htq/miniconda3/envs/freqtrade311/lib/python3.11/site-packages/starlette/middleware/exceptions.py", line 63, in __call__
    await wrap_app_handling_exceptions(self.app, conn)(scope, receive, send)
  File "/Users/htq/miniconda3/envs/freqtrade311/lib/python3.11/site-packages/starlette/_exception_handler.py", line 53, in wrapped_app
    raise exc
  File "/Users/htq/miniconda3/envs/freqtrade311/lib/python3.11/site-packages/starlette/_exception_handler.py", line 42, in wrapped_app
    await app(scope, receive, sender)
  File "/Users/htq/miniconda3/envs/freqtrade311/lib/python3.11/site-packages/starlette/routing.py", line 716, in __call__
    await self.middleware_stack(scope, receive, send)
  File "/Users/htq/miniconda3/envs/freqtrade311/lib/python3.11/site-packages/starlette/routing.py", line 736, in app
    await route.handle(scope, receive, send)
  File "/Users/htq/miniconda3/envs/freqtrade311/lib/python3.11/site-packages/starlette/routing.py", line 290, in handle
    await self.app(scope, receive, send)
  File "/Users/htq/miniconda3/envs/freqtrade311/lib/python3.11/site-packages/starlette/routing.py", line 78, in app
    await wrap_app_handling_exceptions(app, request)(scope, receive, send)
  File "/Users/htq/miniconda3/envs/freqtrade311/lib/python3.11/site-packages/starlette/_exception_handler.py", line 53, in wrapped_app
    raise exc
  File "/Users/htq/miniconda3/envs/freqtrade311/lib/python3.11/site-packages/starlette/_exception_handler.py", line 42, in wrapped_app
    await app(scope, receive, sender)
  File "/Users/htq/miniconda3/envs/freqtrade311/lib/python3.11/site-packages/starlette/routing.py", line 75, in app
    response = await f(request)
               ^^^^^^^^^^^^^^^^
  File "/Users/htq/miniconda3/envs/freqtrade311/lib/python3.11/contextlib.py", line 222, in __aexit__
    await self.gen.athrow(typ, value, traceback)
  File "/Users/htq/Desktop/真正的金融/币圈/freqtrade/freqtrade/rpc/api_server/deps.py", line 30, in get_rpc
    yield _rpc
  File "/Users/htq/miniconda3/envs/freqtrade311/lib/python3.11/site-packages/fastapi/routing.py", line 302, in app
    raw_response = await run_endpoint_function(
                   ^^^^^^^^^^^^^^^^^^^^^^^^^^^^
  File "/Users/htq/miniconda3/envs/freqtrade311/lib/python3.11/site-packages/fastapi/routing.py", line 215, in run_endpoint_function
    return await run_in_threadpool(dependant.call, **values)
           ^^^^^^^^^^^^^^^^^^^^^^^^^^^^^^^^^^^^^^^^^^^^^^^^^
  File "/Users/htq/miniconda3/envs/freqtrade311/lib/python3.11/site-packages/starlette/concurrency.py", line 38, in run_in_threadpool
    return await anyio.to_thread.run_sync(func)
           ^^^^^^^^^^^^^^^^^^^^^^^^^^^^^^^^^^^^
  File "/Users/htq/miniconda3/envs/freqtrade311/lib/python3.11/site-packages/anyio/to_thread.py", line 56, in run_sync
    return await get_async_backend().run_sync_in_worker_thread(
           ^^^^^^^^^^^^^^^^^^^^^^^^^^^^^^^^^^^^^^^^^^^^^^^^^^^^
  File "/Users/htq/miniconda3/envs/freqtrade311/lib/python3.11/site-packages/anyio/_backends/_asyncio.py", line 2476, in run_sync_in_worker_thread
    return await future
           ^^^^^^^^^^^^
  File "/Users/htq/miniconda3/envs/freqtrade311/lib/python3.11/site-packages/anyio/_backends/_asyncio.py", line 967, in run
    result = context.run(func, *args)
             ^^^^^^^^^^^^^^^^^^^^^^^^
  File "/Users/htq/Desktop/真正的金融/币圈/freqtrade/freqtrade/rpc/api_server/api_v1.py", line 354, in locks
    return rpc._rpc_locks()
           ^^^^^^^^^^^^^^^^
  File "/Users/htq/Desktop/真正的金融/币圈/freqtrade/freqtrade/rpc/rpc.py", line 1304, in _rpc_locks
    locks = PairLocks.get_pair_locks(None)
            ^^^^^^^^^^^^^^^^^^^^^^^^^^^^^^
  File "/Users/htq/Desktop/真正的金融/币圈/freqtrade/freqtrade/persistence/pairlock_middleware.py", line 83, in get_pair_locks
    return PairLock.query_pair_locks(pair, now, side).all()
           ^^^^^^^^^^^^^^^^^^^^^^^^^^^^^^^^^^^^^^^^^^
  File "/Users/htq/Desktop/真正的金融/币圈/freqtrade/freqtrade/persistence/pairlock.py", line 61, in query_pair_locks
    return PairLock.session.scalars(select(PairLock).filter(*filters))
           ^^^^^^^^^^^^^^^^^^^^^^^^^^^^^^^^^^^^^^^^^^^^^^^^^^^^^^^^^^^
  File "/Users/htq/miniconda3/envs/freqtrade311/lib/python3.11/site-packages/sqlalchemy/orm/scoping.py", line 1905, in scalars
    return self._proxied.scalars(
           ^^^^^^^^^^^^^^^^^^^^^^
  File "/Users/htq/miniconda3/envs/freqtrade311/lib/python3.11/site-packages/sqlalchemy/orm/session.py", line 2473, in scalars
    return self._execute_internal(
           ^^^^^^^^^^^^^^^^^^^^^^^
  File "/Users/htq/miniconda3/envs/freqtrade311/lib/python3.11/site-packages/sqlalchemy/orm/session.py", line 2241, in _execute_internal
    conn = self._connection_for_bind(bind)
           ^^^^^^^^^^^^^^^^^^^^^^^^^^^^^^^
  File "/Users/htq/miniconda3/envs/freqtrade311/lib/python3.11/site-packages/sqlalchemy/orm/session.py", line 2110, in _connection_for_bind
    return trans._connection_for_bind(engine, execution_options)
           ^^^^^^^^^^^^^^^^^^^^^^^^^^^^^^^^^^^^^^^^^^^^^^^^^^^^^
  File "<string>", line 2, in _connection_for_bind
  File "/Users/htq/miniconda3/envs/freqtrade311/lib/python3.11/site-packages/sqlalchemy/orm/state_changes.py", line 137, in _go
    ret_value = fn(self, *arg, **kw)
                ^^^^^^^^^^^^^^^^^^^^
  File "/Users/htq/miniconda3/envs/freqtrade311/lib/python3.11/site-packages/sqlalchemy/orm/session.py", line 1189, in _connection_for_bind
    conn = bind.connect()
           ^^^^^^^^^^^^^^
  File "/Users/htq/miniconda3/envs/freqtrade311/lib/python3.11/site-packages/sqlalchemy/engine/base.py", line 3277, in connect
    return self._connection_cls(self)
           ^^^^^^^^^^^^^^^^^^^^^^^^^^
  File "/Users/htq/miniconda3/envs/freqtrade311/lib/python3.11/site-packages/sqlalchemy/engine/base.py", line 143, in __init__
    self._dbapi_connection = engine.raw_connection()
                             ^^^^^^^^^^^^^^^^^^^^^^^
  File "/Users/htq/miniconda3/envs/freqtrade311/lib/python3.11/site-packages/sqlalchemy/engine/base.py", line 3301, in raw_connection
    return self.pool.connect()
           ^^^^^^^^^^^^^^^^^^^
  File "/Users/htq/miniconda3/envs/freqtrade311/lib/python3.11/site-packages/sqlalchemy/pool/base.py", line 447, in connect
    return _ConnectionFairy._checkout(self)
           ^^^^^^^^^^^^^^^^^^^^^^^^^^^^^^^^
  File "/Users/htq/miniconda3/envs/freqtrade311/lib/python3.11/site-packages/sqlalchemy/pool/base.py", line 1264, in _checkout
    fairy = _ConnectionRecord.checkout(pool)
            ^^^^^^^^^^^^^^^^^^^^^^^^^^^^^^^^
  File "/Users/htq/miniconda3/envs/freqtrade311/lib/python3.11/site-packages/sqlalchemy/pool/base.py", line 711, in checkout
    rec = pool._do_get()
          ^^^^^^^^^^^^^^
  File "/Users/htq/miniconda3/envs/freqtrade311/lib/python3.11/site-packages/sqlalchemy/pool/impl.py", line 166, in _do_get
    raise exc.TimeoutError(
sqlalchemy.exc.TimeoutError: QueuePool limit of size 5 overflow 10 reached, connection timed out, timeout 30.00 (Background on this error at: https://sqlalche.me/e/20/3o7r)
2025-10-15 21:42:06,620 - uvicorn.error - ERROR - Exception in ASGI application
Traceback (most recent call last):
  File "/Users/htq/miniconda3/envs/freqtrade311/lib/python3.11/site-packages/uvicorn/protocols/http/h11_impl.py", line 403, in run_asgi
    result = await app(  # type: ignore[func-returns-value]
             ^^^^^^^^^^^^^^^^^^^^^^^^^^^^^^^^^^^^^^^^^^^^^^
  File "/Users/htq/miniconda3/envs/freqtrade311/lib/python3.11/site-packages/uvicorn/middleware/proxy_headers.py", line 60, in __call__
    return await self.app(scope, receive, send)
           ^^^^^^^^^^^^^^^^^^^^^^^^^^^^^^^^^^^^
  File "/Users/htq/miniconda3/envs/freqtrade311/lib/python3.11/site-packages/fastapi/applications.py", line 1054, in __call__
    await super().__call__(scope, receive, send)
  File "/Users/htq/miniconda3/envs/freqtrade311/lib/python3.11/site-packages/starlette/applications.py", line 113, in __call__
    await self.middleware_stack(scope, receive, send)
  File "/Users/htq/miniconda3/envs/freqtrade311/lib/python3.11/site-packages/starlette/middleware/errors.py", line 186, in __call__
    raise exc
  File "/Users/htq/miniconda3/envs/freqtrade311/lib/python3.11/site-packages/starlette/middleware/errors.py", line 164, in __call__
    await self.app(scope, receive, _send)
  File "/Users/htq/miniconda3/envs/freqtrade311/lib/python3.11/site-packages/starlette/middleware/cors.py", line 85, in __call__
    await self.app(scope, receive, send)
  File "/Users/htq/miniconda3/envs/freqtrade311/lib/python3.11/site-packages/starlette/middleware/exceptions.py", line 63, in __call__
    await wrap_app_handling_exceptions(self.app, conn)(scope, receive, send)
  File "/Users/htq/miniconda3/envs/freqtrade311/lib/python3.11/site-packages/starlette/_exception_handler.py", line 53, in wrapped_app
    raise exc
  File "/Users/htq/miniconda3/envs/freqtrade311/lib/python3.11/site-packages/starlette/_exception_handler.py", line 42, in wrapped_app
    await app(scope, receive, sender)
  File "/Users/htq/miniconda3/envs/freqtrade311/lib/python3.11/site-packages/starlette/routing.py", line 716, in __call__
    await self.middleware_stack(scope, receive, send)
  File "/Users/htq/miniconda3/envs/freqtrade311/lib/python3.11/site-packages/starlette/routing.py", line 736, in app
    await route.handle(scope, receive, send)
  File "/Users/htq/miniconda3/envs/freqtrade311/lib/python3.11/site-packages/starlette/routing.py", line 290, in handle
    await self.app(scope, receive, send)
  File "/Users/htq/miniconda3/envs/freqtrade311/lib/python3.11/site-packages/starlette/routing.py", line 78, in app
    await wrap_app_handling_exceptions(app, request)(scope, receive, send)
  File "/Users/htq/miniconda3/envs/freqtrade311/lib/python3.11/site-packages/starlette/_exception_handler.py", line 53, in wrapped_app
    raise exc
  File "/Users/htq/miniconda3/envs/freqtrade311/lib/python3.11/site-packages/starlette/_exception_handler.py", line 42, in wrapped_app
    await app(scope, receive, sender)
  File "/Users/htq/miniconda3/envs/freqtrade311/lib/python3.11/site-packages/starlette/routing.py", line 75, in app
    response = await f(request)
               ^^^^^^^^^^^^^^^^
  File "/Users/htq/miniconda3/envs/freqtrade311/lib/python3.11/contextlib.py", line 222, in __aexit__
    await self.gen.athrow(typ, value, traceback)
  File "/Users/htq/Desktop/真正的金融/币圈/freqtrade/freqtrade/rpc/api_server/deps.py", line 30, in get_rpc
    yield _rpc
  File "/Users/htq/miniconda3/envs/freqtrade311/lib/python3.11/site-packages/fastapi/routing.py", line 302, in app
    raw_response = await run_endpoint_function(
                   ^^^^^^^^^^^^^^^^^^^^^^^^^^^^
  File "/Users/htq/miniconda3/envs/freqtrade311/lib/python3.11/site-packages/fastapi/routing.py", line 215, in run_endpoint_function
    return await run_in_threadpool(dependant.call, **values)
           ^^^^^^^^^^^^^^^^^^^^^^^^^^^^^^^^^^^^^^^^^^^^^^^^^
  File "/Users/htq/miniconda3/envs/freqtrade311/lib/python3.11/site-packages/starlette/concurrency.py", line 38, in run_in_threadpool
    return await anyio.to_thread.run_sync(func)
           ^^^^^^^^^^^^^^^^^^^^^^^^^^^^^^^^^^^^
  File "/Users/htq/miniconda3/envs/freqtrade311/lib/python3.11/site-packages/anyio/to_thread.py", line 56, in run_sync
    return await get_async_backend().run_sync_in_worker_thread(
           ^^^^^^^^^^^^^^^^^^^^^^^^^^^^^^^^^^^^^^^^^^^^^^^^^^^^
  File "/Users/htq/miniconda3/envs/freqtrade311/lib/python3.11/site-packages/anyio/_backends/_asyncio.py", line 2476, in run_sync_in_worker_thread
    return await future
           ^^^^^^^^^^^^
  File "/Users/htq/miniconda3/envs/freqtrade311/lib/python3.11/site-packages/anyio/_backends/_asyncio.py", line 967, in run
    result = context.run(func, *args)
             ^^^^^^^^^^^^^^^^^^^^^^^^
  File "/Users/htq/Desktop/真正的金融/币圈/freqtrade/freqtrade/rpc/api_server/api_v1.py", line 212, in status
    return rpc._rpc_trade_status()
           ^^^^^^^^^^^^^^^^^^^^^^^
  File "/Users/htq/Desktop/真正的金融/币圈/freqtrade/freqtrade/rpc/rpc.py", line 192, in _rpc_trade_status
    trades = Trade.get_open_trades()
             ^^^^^^^^^^^^^^^^^^^^^^^
  File "/Users/htq/Desktop/真正的金融/币圈/freqtrade/freqtrade/persistence/trade_model.py", line 1507, in get_open_trades
    return Trade.get_trades_proxy(is_open=True)
           ^^^^^^^^^^^^^^^^^^^^^^^^^^^^^^^^^^^^
  File "/Users/htq/Desktop/真正的金融/币圈/freqtrade/freqtrade/persistence/trade_model.py", line 1800, in get_trades_proxy
    return cast(list[LocalTrade], Trade.get_trades(trade_filter).all())
                                  ^^^^^^^^^^^^^^^^^^^^^^^^^^^^^^
  File "/Users/htq/Desktop/真正的金融/币圈/freqtrade/freqtrade/persistence/trade_model.py", line 1845, in get_trades
    return Trade.session.scalars(query)
           ^^^^^^^^^^^^^^^^^^^^^^^^^^^^
  File "/Users/htq/miniconda3/envs/freqtrade311/lib/python3.11/site-packages/sqlalchemy/orm/scoping.py", line 1905, in scalars
    return self._proxied.scalars(
           ^^^^^^^^^^^^^^^^^^^^^^
  File "/Users/htq/miniconda3/envs/freqtrade311/lib/python3.11/site-packages/sqlalchemy/orm/session.py", line 2473, in scalars
    return self._execute_internal(
           ^^^^^^^^^^^^^^^^^^^^^^^
  File "/Users/htq/miniconda3/envs/freqtrade311/lib/python3.11/site-packages/sqlalchemy/orm/session.py", line 2241, in _execute_internal
    conn = self._connection_for_bind(bind)
           ^^^^^^^^^^^^^^^^^^^^^^^^^^^^^^^
  File "/Users/htq/miniconda3/envs/freqtrade311/lib/python3.11/site-packages/sqlalchemy/orm/session.py", line 2110, in _connection_for_bind
    return trans._connection_for_bind(engine, execution_options)
           ^^^^^^^^^^^^^^^^^^^^^^^^^^^^^^^^^^^^^^^^^^^^^^^^^^^^^
  File "<string>", line 2, in _connection_for_bind
  File "/Users/htq/miniconda3/envs/freqtrade311/lib/python3.11/site-packages/sqlalchemy/orm/state_changes.py", line 137, in _go
    ret_value = fn(self, *arg, **kw)
                ^^^^^^^^^^^^^^^^^^^^
  File "/Users/htq/miniconda3/envs/freqtrade311/lib/python3.11/site-packages/sqlalchemy/orm/session.py", line 1189, in _connection_for_bind
    conn = bind.connect()
           ^^^^^^^^^^^^^^
  File "/Users/htq/miniconda3/envs/freqtrade311/lib/python3.11/site-packages/sqlalchemy/engine/base.py", line 3277, in connect
    return self._connection_cls(self)
           ^^^^^^^^^^^^^^^^^^^^^^^^^^
  File "/Users/htq/miniconda3/envs/freqtrade311/lib/python3.11/site-packages/sqlalchemy/engine/base.py", line 143, in __init__
    self._dbapi_connection = engine.raw_connection()
                             ^^^^^^^^^^^^^^^^^^^^^^^
  File "/Users/htq/miniconda3/envs/freqtrade311/lib/python3.11/site-packages/sqlalchemy/engine/base.py", line 3301, in raw_connection
    return self.pool.connect()
           ^^^^^^^^^^^^^^^^^^^
  File "/Users/htq/miniconda3/envs/freqtrade311/lib/python3.11/site-packages/sqlalchemy/pool/base.py", line 447, in connect
    return _ConnectionFairy._checkout(self)
           ^^^^^^^^^^^^^^^^^^^^^^^^^^^^^^^^
  File "/Users/htq/miniconda3/envs/freqtrade311/lib/python3.11/site-packages/sqlalchemy/pool/base.py", line 1264, in _checkout
    fairy = _ConnectionRecord.checkout(pool)
            ^^^^^^^^^^^^^^^^^^^^^^^^^^^^^^^^
  File "/Users/htq/miniconda3/envs/freqtrade311/lib/python3.11/site-packages/sqlalchemy/pool/base.py", line 711, in checkout
    rec = pool._do_get()
          ^^^^^^^^^^^^^^
  File "/Users/htq/miniconda3/envs/freqtrade311/lib/python3.11/site-packages/sqlalchemy/pool/impl.py", line 166, in _do_get
    raise exc.TimeoutError(
sqlalchemy.exc.TimeoutError: QueuePool limit of size 5 overflow 10 reached, connection timed out, timeout 30.00 (Background on this error at: https://sqlalche.me/e/20/3o7r)
2025-10-15 21:42:10,982 - uvicorn.error - ERROR - Exception in ASGI application
Traceback (most recent call last):
  File "/Users/htq/miniconda3/envs/freqtrade311/lib/python3.11/site-packages/uvicorn/protocols/http/h11_impl.py", line 403, in run_asgi
    result = await app(  # type: ignore[func-returns-value]
             ^^^^^^^^^^^^^^^^^^^^^^^^^^^^^^^^^^^^^^^^^^^^^^
  File "/Users/htq/miniconda3/envs/freqtrade311/lib/python3.11/site-packages/uvicorn/middleware/proxy_headers.py", line 60, in __call__
    return await self.app(scope, receive, send)
           ^^^^^^^^^^^^^^^^^^^^^^^^^^^^^^^^^^^^
  File "/Users/htq/miniconda3/envs/freqtrade311/lib/python3.11/site-packages/fastapi/applications.py", line 1054, in __call__
    await super().__call__(scope, receive, send)
  File "/Users/htq/miniconda3/envs/freqtrade311/lib/python3.11/site-packages/starlette/applications.py", line 113, in __call__
    await self.middleware_stack(scope, receive, send)
  File "/Users/htq/miniconda3/envs/freqtrade311/lib/python3.11/site-packages/starlette/middleware/errors.py", line 186, in __call__
    raise exc
  File "/Users/htq/miniconda3/envs/freqtrade311/lib/python3.11/site-packages/starlette/middleware/errors.py", line 164, in __call__
    await self.app(scope, receive, _send)
  File "/Users/htq/miniconda3/envs/freqtrade311/lib/python3.11/site-packages/starlette/middleware/cors.py", line 85, in __call__
    await self.app(scope, receive, send)
  File "/Users/htq/miniconda3/envs/freqtrade311/lib/python3.11/site-packages/starlette/middleware/exceptions.py", line 63, in __call__
    await wrap_app_handling_exceptions(self.app, conn)(scope, receive, send)
  File "/Users/htq/miniconda3/envs/freqtrade311/lib/python3.11/site-packages/starlette/_exception_handler.py", line 53, in wrapped_app
    raise exc
  File "/Users/htq/miniconda3/envs/freqtrade311/lib/python3.11/site-packages/starlette/_exception_handler.py", line 42, in wrapped_app
    await app(scope, receive, sender)
  File "/Users/htq/miniconda3/envs/freqtrade311/lib/python3.11/site-packages/starlette/routing.py", line 716, in __call__
    await self.middleware_stack(scope, receive, send)
  File "/Users/htq/miniconda3/envs/freqtrade311/lib/python3.11/site-packages/starlette/routing.py", line 736, in app
    await route.handle(scope, receive, send)
  File "/Users/htq/miniconda3/envs/freqtrade311/lib/python3.11/site-packages/starlette/routing.py", line 290, in handle
    await self.app(scope, receive, send)
  File "/Users/htq/miniconda3/envs/freqtrade311/lib/python3.11/site-packages/starlette/routing.py", line 78, in app
    await wrap_app_handling_exceptions(app, request)(scope, receive, send)
  File "/Users/htq/miniconda3/envs/freqtrade311/lib/python3.11/site-packages/starlette/_exception_handler.py", line 53, in wrapped_app
    raise exc
  File "/Users/htq/miniconda3/envs/freqtrade311/lib/python3.11/site-packages/starlette/_exception_handler.py", line 42, in wrapped_app
    await app(scope, receive, sender)
  File "/Users/htq/miniconda3/envs/freqtrade311/lib/python3.11/site-packages/starlette/routing.py", line 75, in app
    response = await f(request)
               ^^^^^^^^^^^^^^^^
  File "/Users/htq/miniconda3/envs/freqtrade311/lib/python3.11/contextlib.py", line 222, in __aexit__
    await self.gen.athrow(typ, value, traceback)
  File "/Users/htq/Desktop/真正的金融/币圈/freqtrade/freqtrade/rpc/api_server/deps.py", line 30, in get_rpc
    yield _rpc
  File "/Users/htq/miniconda3/envs/freqtrade311/lib/python3.11/site-packages/fastapi/routing.py", line 302, in app
    raw_response = await run_endpoint_function(
                   ^^^^^^^^^^^^^^^^^^^^^^^^^^^^
  File "/Users/htq/miniconda3/envs/freqtrade311/lib/python3.11/site-packages/fastapi/routing.py", line 215, in run_endpoint_function
    return await run_in_threadpool(dependant.call, **values)
           ^^^^^^^^^^^^^^^^^^^^^^^^^^^^^^^^^^^^^^^^^^^^^^^^^
  File "/Users/htq/miniconda3/envs/freqtrade311/lib/python3.11/site-packages/starlette/concurrency.py", line 38, in run_in_threadpool
    return await anyio.to_thread.run_sync(func)
           ^^^^^^^^^^^^^^^^^^^^^^^^^^^^^^^^^^^^
  File "/Users/htq/miniconda3/envs/freqtrade311/lib/python3.11/site-packages/anyio/to_thread.py", line 56, in run_sync
    return await get_async_backend().run_sync_in_worker_thread(
           ^^^^^^^^^^^^^^^^^^^^^^^^^^^^^^^^^^^^^^^^^^^^^^^^^^^^
  File "/Users/htq/miniconda3/envs/freqtrade311/lib/python3.11/site-packages/anyio/_backends/_asyncio.py", line 2476, in run_sync_in_worker_thread
    return await future
           ^^^^^^^^^^^^
  File "/Users/htq/miniconda3/envs/freqtrade311/lib/python3.11/site-packages/anyio/_backends/_asyncio.py", line 967, in run
    result = context.run(func, *args)
             ^^^^^^^^^^^^^^^^^^^^^^^^
  File "/Users/htq/Desktop/真正的金融/币圈/freqtrade/freqtrade/rpc/api_server/api_v1.py", line 354, in locks
    return rpc._rpc_locks()
           ^^^^^^^^^^^^^^^^
  File "/Users/htq/Desktop/真正的金融/币圈/freqtrade/freqtrade/rpc/rpc.py", line 1304, in _rpc_locks
    locks = PairLocks.get_pair_locks(None)
            ^^^^^^^^^^^^^^^^^^^^^^^^^^^^^^
  File "/Users/htq/Desktop/真正的金融/币圈/freqtrade/freqtrade/persistence/pairlock_middleware.py", line 83, in get_pair_locks
    return PairLock.query_pair_locks(pair, now, side).all()
           ^^^^^^^^^^^^^^^^^^^^^^^^^^^^^^^^^^^^^^^^^^
  File "/Users/htq/Desktop/真正的金融/币圈/freqtrade/freqtrade/persistence/pairlock.py", line 61, in query_pair_locks
    return PairLock.session.scalars(select(PairLock).filter(*filters))
           ^^^^^^^^^^^^^^^^^^^^^^^^^^^^^^^^^^^^^^^^^^^^^^^^^^^^^^^^^^^
  File "/Users/htq/miniconda3/envs/freqtrade311/lib/python3.11/site-packages/sqlalchemy/orm/scoping.py", line 1905, in scalars
    return self._proxied.scalars(
           ^^^^^^^^^^^^^^^^^^^^^^
  File "/Users/htq/miniconda3/envs/freqtrade311/lib/python3.11/site-packages/sqlalchemy/orm/session.py", line 2473, in scalars
    return self._execute_internal(
           ^^^^^^^^^^^^^^^^^^^^^^^
  File "/Users/htq/miniconda3/envs/freqtrade311/lib/python3.11/site-packages/sqlalchemy/orm/session.py", line 2241, in _execute_internal
    conn = self._connection_for_bind(bind)
           ^^^^^^^^^^^^^^^^^^^^^^^^^^^^^^^
  File "/Users/htq/miniconda3/envs/freqtrade311/lib/python3.11/site-packages/sqlalchemy/orm/session.py", line 2110, in _connection_for_bind
    return trans._connection_for_bind(engine, execution_options)
           ^^^^^^^^^^^^^^^^^^^^^^^^^^^^^^^^^^^^^^^^^^^^^^^^^^^^^
  File "<string>", line 2, in _connection_for_bind
  File "/Users/htq/miniconda3/envs/freqtrade311/lib/python3.11/site-packages/sqlalchemy/orm/state_changes.py", line 137, in _go
    ret_value = fn(self, *arg, **kw)
                ^^^^^^^^^^^^^^^^^^^^
  File "/Users/htq/miniconda3/envs/freqtrade311/lib/python3.11/site-packages/sqlalchemy/orm/session.py", line 1189, in _connection_for_bind
    conn = bind.connect()
           ^^^^^^^^^^^^^^
  File "/Users/htq/miniconda3/envs/freqtrade311/lib/python3.11/site-packages/sqlalchemy/engine/base.py", line 3277, in connect
    return self._connection_cls(self)
           ^^^^^^^^^^^^^^^^^^^^^^^^^^
  File "/Users/htq/miniconda3/envs/freqtrade311/lib/python3.11/site-packages/sqlalchemy/engine/base.py", line 143, in __init__
    self._dbapi_connection = engine.raw_connection()
                             ^^^^^^^^^^^^^^^^^^^^^^^
  File "/Users/htq/miniconda3/envs/freqtrade311/lib/python3.11/site-packages/sqlalchemy/engine/base.py", line 3301, in raw_connection
    return self.pool.connect()
           ^^^^^^^^^^^^^^^^^^^
  File "/Users/htq/miniconda3/envs/freqtrade311/lib/python3.11/site-packages/sqlalchemy/pool/base.py", line 447, in connect
    return _ConnectionFairy._checkout(self)
           ^^^^^^^^^^^^^^^^^^^^^^^^^^^^^^^^
  File "/Users/htq/miniconda3/envs/freqtrade311/lib/python3.11/site-packages/sqlalchemy/pool/base.py", line 1264, in _checkout
    fairy = _ConnectionRecord.checkout(pool)
            ^^^^^^^^^^^^^^^^^^^^^^^^^^^^^^^^
  File "/Users/htq/miniconda3/envs/freqtrade311/lib/python3.11/site-packages/sqlalchemy/pool/base.py", line 711, in checkout
    rec = pool._do_get()
          ^^^^^^^^^^^^^^
  File "/Users/htq/miniconda3/envs/freqtrade311/lib/python3.11/site-packages/sqlalchemy/pool/impl.py", line 166, in _do_get
    raise exc.TimeoutError(
sqlalchemy.exc.TimeoutError: QueuePool limit of size 5 overflow 10 reached, connection timed out, timeout 30.00 (Background on this error at: https://sqlalche.me/e/20/3o7r)
2025-10-15 21:42:11,203 - freqtrade.rpc.fiat_convert - ERROR - Error in _find_price: HTTPSConnectionPool(host='api.coingecko.com', port=443): Max retries exceeded with url: 
/api/v3/simple/price?ids=tether&vs_currencies=usd (Caused by ConnectTimeoutError(<urllib3.connection.HTTPSConnection object at 0x130c7b010>, 'Connection to api.coingecko.com timed out. (connect 
timeout=120)'))
2025-10-15 21:42:11,206 - freqtrade.rpc.fiat_convert - ERROR - Error in _find_price: HTTPSConnectionPool(host='api.coingecko.com', port=443): Max retries exceeded with url: 
/api/v3/simple/price?ids=tether&vs_currencies=usd (Caused by ConnectTimeoutError(<urllib3.connection.HTTPSConnection object at 0x130c79410>, 'Connection to api.coingecko.com timed out. (connect 
timeout=120)'))
2025-10-15 21:42:11,230 - freqtrade.rpc.fiat_convert - ERROR - Error in _find_price: HTTPSConnectionPool(host='api.coingecko.com', port=443): Max retries exceeded with url: 
/api/v3/simple/price?ids=tether&vs_currencies=usd (Caused by ConnectTimeoutError(<urllib3.connection.HTTPSConnection object at 0x130c7a810>, 'Connection to api.coingecko.com timed out. (connect 
timeout=120)'))
2025-10-15 21:42:11,620 - uvicorn.error - ERROR - Exception in ASGI application
Traceback (most recent call last):
  File "/Users/htq/miniconda3/envs/freqtrade311/lib/python3.11/site-packages/uvicorn/protocols/http/h11_impl.py", line 403, in run_asgi
    result = await app(  # type: ignore[func-returns-value]
             ^^^^^^^^^^^^^^^^^^^^^^^^^^^^^^^^^^^^^^^^^^^^^^
  File "/Users/htq/miniconda3/envs/freqtrade311/lib/python3.11/site-packages/uvicorn/middleware/proxy_headers.py", line 60, in __call__
    return await self.app(scope, receive, send)
           ^^^^^^^^^^^^^^^^^^^^^^^^^^^^^^^^^^^^
  File "/Users/htq/miniconda3/envs/freqtrade311/lib/python3.11/site-packages/fastapi/applications.py", line 1054, in __call__
    await super().__call__(scope, receive, send)
  File "/Users/htq/miniconda3/envs/freqtrade311/lib/python3.11/site-packages/starlette/applications.py", line 113, in __call__
    await self.middleware_stack(scope, receive, send)
  File "/Users/htq/miniconda3/envs/freqtrade311/lib/python3.11/site-packages/starlette/middleware/errors.py", line 186, in __call__
    raise exc
  File "/Users/htq/miniconda3/envs/freqtrade311/lib/python3.11/site-packages/starlette/middleware/errors.py", line 164, in __call__
    await self.app(scope, receive, _send)
  File "/Users/htq/miniconda3/envs/freqtrade311/lib/python3.11/site-packages/starlette/middleware/cors.py", line 85, in __call__
    await self.app(scope, receive, send)
  File "/Users/htq/miniconda3/envs/freqtrade311/lib/python3.11/site-packages/starlette/middleware/exceptions.py", line 63, in __call__
    await wrap_app_handling_exceptions(self.app, conn)(scope, receive, send)
  File "/Users/htq/miniconda3/envs/freqtrade311/lib/python3.11/site-packages/starlette/_exception_handler.py", line 53, in wrapped_app
    raise exc
  File "/Users/htq/miniconda3/envs/freqtrade311/lib/python3.11/site-packages/starlette/_exception_handler.py", line 42, in wrapped_app
    await app(scope, receive, sender)
  File "/Users/htq/miniconda3/envs/freqtrade311/lib/python3.11/site-packages/starlette/routing.py", line 716, in __call__
    await self.middleware_stack(scope, receive, send)
  File "/Users/htq/miniconda3/envs/freqtrade311/lib/python3.11/site-packages/starlette/routing.py", line 736, in app
    await route.handle(scope, receive, send)
  File "/Users/htq/miniconda3/envs/freqtrade311/lib/python3.11/site-packages/starlette/routing.py", line 290, in handle
    await self.app(scope, receive, send)
  File "/Users/htq/miniconda3/envs/freqtrade311/lib/python3.11/site-packages/starlette/routing.py", line 78, in app
    await wrap_app_handling_exceptions(app, request)(scope, receive, send)
  File "/Users/htq/miniconda3/envs/freqtrade311/lib/python3.11/site-packages/starlette/_exception_handler.py", line 53, in wrapped_app
    raise exc
  File "/Users/htq/miniconda3/envs/freqtrade311/lib/python3.11/site-packages/starlette/_exception_handler.py", line 42, in wrapped_app
    await app(scope, receive, sender)
  File "/Users/htq/miniconda3/envs/freqtrade311/lib/python3.11/site-packages/starlette/routing.py", line 75, in app
    response = await f(request)
               ^^^^^^^^^^^^^^^^
  File "/Users/htq/miniconda3/envs/freqtrade311/lib/python3.11/contextlib.py", line 222, in __aexit__
    await self.gen.athrow(typ, value, traceback)
  File "/Users/htq/Desktop/真正的金融/币圈/freqtrade/freqtrade/rpc/api_server/deps.py", line 30, in get_rpc
    yield _rpc
  File "/Users/htq/miniconda3/envs/freqtrade311/lib/python3.11/site-packages/fastapi/routing.py", line 302, in app
    raw_response = await run_endpoint_function(
                   ^^^^^^^^^^^^^^^^^^^^^^^^^^^^
  File "/Users/htq/miniconda3/envs/freqtrade311/lib/python3.11/site-packages/fastapi/routing.py", line 215, in run_endpoint_function
    return await run_in_threadpool(dependant.call, **values)
           ^^^^^^^^^^^^^^^^^^^^^^^^^^^^^^^^^^^^^^^^^^^^^^^^^
  File "/Users/htq/miniconda3/envs/freqtrade311/lib/python3.11/site-packages/starlette/concurrency.py", line 38, in run_in_threadpool
    return await anyio.to_thread.run_sync(func)
           ^^^^^^^^^^^^^^^^^^^^^^^^^^^^^^^^^^^^
  File "/Users/htq/miniconda3/envs/freqtrade311/lib/python3.11/site-packages/anyio/to_thread.py", line 56, in run_sync
    return await get_async_backend().run_sync_in_worker_thread(
           ^^^^^^^^^^^^^^^^^^^^^^^^^^^^^^^^^^^^^^^^^^^^^^^^^^^^
  File "/Users/htq/miniconda3/envs/freqtrade311/lib/python3.11/site-packages/anyio/_backends/_asyncio.py", line 2476, in run_sync_in_worker_thread
    return await future
           ^^^^^^^^^^^^
  File "/Users/htq/miniconda3/envs/freqtrade311/lib/python3.11/site-packages/anyio/_backends/_asyncio.py", line 967, in run
    result = context.run(func, *args)
             ^^^^^^^^^^^^^^^^^^^^^^^^
  File "/Users/htq/Desktop/真正的金融/币圈/freqtrade/freqtrade/rpc/api_server/api_v1.py", line 117, in balance
    return rpc._rpc_balance(
           ^^^^^^^^^^^^^^^^^
  File "/Users/htq/Desktop/真正的金融/币圈/freqtrade/freqtrade/rpc/rpc.py", line 777, in _rpc_balance
    open_trades: list[Trade] = Trade.get_open_trades()
                               ^^^^^^^^^^^^^^^^^^^^^^^
  File "/Users/htq/Desktop/真正的金融/币圈/freqtrade/freqtrade/persistence/trade_model.py", line 1507, in get_open_trades
    return Trade.get_trades_proxy(is_open=True)
           ^^^^^^^^^^^^^^^^^^^^^^^^^^^^^^^^^^^^
  File "/Users/htq/Desktop/真正的金融/币圈/freqtrade/freqtrade/persistence/trade_model.py", line 1800, in get_trades_proxy
    return cast(list[LocalTrade], Trade.get_trades(trade_filter).all())
                                  ^^^^^^^^^^^^^^^^^^^^^^^^^^^^^^
  File "/Users/htq/Desktop/真正的金融/币圈/freqtrade/freqtrade/persistence/trade_model.py", line 1845, in get_trades
    return Trade.session.scalars(query)
           ^^^^^^^^^^^^^^^^^^^^^^^^^^^^
  File "/Users/htq/miniconda3/envs/freqtrade311/lib/python3.11/site-packages/sqlalchemy/orm/scoping.py", line 1905, in scalars
    return self._proxied.scalars(
           ^^^^^^^^^^^^^^^^^^^^^^
  File "/Users/htq/miniconda3/envs/freqtrade311/lib/python3.11/site-packages/sqlalchemy/orm/session.py", line 2473, in scalars
    return self._execute_internal(
           ^^^^^^^^^^^^^^^^^^^^^^^
  File "/Users/htq/miniconda3/envs/freqtrade311/lib/python3.11/site-packages/sqlalchemy/orm/session.py", line 2241, in _execute_internal
    conn = self._connection_for_bind(bind)
           ^^^^^^^^^^^^^^^^^^^^^^^^^^^^^^^
  File "/Users/htq/miniconda3/envs/freqtrade311/lib/python3.11/site-packages/sqlalchemy/orm/session.py", line 2110, in _connection_for_bind
    return trans._connection_for_bind(engine, execution_options)
           ^^^^^^^^^^^^^^^^^^^^^^^^^^^^^^^^^^^^^^^^^^^^^^^^^^^^^
  File "<string>", line 2, in _connection_for_bind
  File "/Users/htq/miniconda3/envs/freqtrade311/lib/python3.11/site-packages/sqlalchemy/orm/state_changes.py", line 137, in _go
    ret_value = fn(self, *arg, **kw)
                ^^^^^^^^^^^^^^^^^^^^
  File "/Users/htq/miniconda3/envs/freqtrade311/lib/python3.11/site-packages/sqlalchemy/orm/session.py", line 1189, in _connection_for_bind
    conn = bind.connect()
           ^^^^^^^^^^^^^^
  File "/Users/htq/miniconda3/envs/freqtrade311/lib/python3.11/site-packages/sqlalchemy/engine/base.py", line 3277, in connect
    return self._connection_cls(self)
           ^^^^^^^^^^^^^^^^^^^^^^^^^^
  File "/Users/htq/miniconda3/envs/freqtrade311/lib/python3.11/site-packages/sqlalchemy/engine/base.py", line 143, in __init__
    self._dbapi_connection = engine.raw_connection()
                             ^^^^^^^^^^^^^^^^^^^^^^^
  File "/Users/htq/miniconda3/envs/freqtrade311/lib/python3.11/site-packages/sqlalchemy/engine/base.py", line 3301, in raw_connection
    return self.pool.connect()
           ^^^^^^^^^^^^^^^^^^^
  File "/Users/htq/miniconda3/envs/freqtrade311/lib/python3.11/site-packages/sqlalchemy/pool/base.py", line 447, in connect
    return _ConnectionFairy._checkout(self)
           ^^^^^^^^^^^^^^^^^^^^^^^^^^^^^^^^
  File "/Users/htq/miniconda3/envs/freqtrade311/lib/python3.11/site-packages/sqlalchemy/pool/base.py", line 1264, in _checkout
    fairy = _ConnectionRecord.checkout(pool)
            ^^^^^^^^^^^^^^^^^^^^^^^^^^^^^^^^
  File "/Users/htq/miniconda3/envs/freqtrade311/lib/python3.11/site-packages/sqlalchemy/pool/base.py", line 711, in checkout
    rec = pool._do_get()
          ^^^^^^^^^^^^^^
  File "/Users/htq/miniconda3/envs/freqtrade311/lib/python3.11/site-packages/sqlalchemy/pool/impl.py", line 166, in _do_get
    raise exc.TimeoutError(
sqlalchemy.exc.TimeoutError: QueuePool limit of size 5 overflow 10 reached, connection timed out, timeout 30.00 (Background on this error at: https://sqlalche.me/e/20/3o7r)
2025-10-15 21:42:11,633 - uvicorn.error - ERROR - Exception in ASGI application
Traceback (most recent call last):
  File "/Users/htq/miniconda3/envs/freqtrade311/lib/python3.11/site-packages/uvicorn/protocols/http/h11_impl.py", line 403, in run_asgi
    result = await app(  # type: ignore[func-returns-value]
             ^^^^^^^^^^^^^^^^^^^^^^^^^^^^^^^^^^^^^^^^^^^^^^
  File "/Users/htq/miniconda3/envs/freqtrade311/lib/python3.11/site-packages/uvicorn/middleware/proxy_headers.py", line 60, in __call__
    return await self.app(scope, receive, send)
           ^^^^^^^^^^^^^^^^^^^^^^^^^^^^^^^^^^^^
  File "/Users/htq/miniconda3/envs/freqtrade311/lib/python3.11/site-packages/fastapi/applications.py", line 1054, in __call__
    await super().__call__(scope, receive, send)
  File "/Users/htq/miniconda3/envs/freqtrade311/lib/python3.11/site-packages/starlette/applications.py", line 113, in __call__
    await self.middleware_stack(scope, receive, send)
  File "/Users/htq/miniconda3/envs/freqtrade311/lib/python3.11/site-packages/starlette/middleware/errors.py", line 186, in __call__
    raise exc
  File "/Users/htq/miniconda3/envs/freqtrade311/lib/python3.11/site-packages/starlette/middleware/errors.py", line 164, in __call__
    await self.app(scope, receive, _send)
  File "/Users/htq/miniconda3/envs/freqtrade311/lib/python3.11/site-packages/starlette/middleware/cors.py", line 85, in __call__
    await self.app(scope, receive, send)
  File "/Users/htq/miniconda3/envs/freqtrade311/lib/python3.11/site-packages/starlette/middleware/exceptions.py", line 63, in __call__
    await wrap_app_handling_exceptions(self.app, conn)(scope, receive, send)
  File "/Users/htq/miniconda3/envs/freqtrade311/lib/python3.11/site-packages/starlette/_exception_handler.py", line 53, in wrapped_app
    raise exc
  File "/Users/htq/miniconda3/envs/freqtrade311/lib/python3.11/site-packages/starlette/_exception_handler.py", line 42, in wrapped_app
    await app(scope, receive, sender)
  File "/Users/htq/miniconda3/envs/freqtrade311/lib/python3.11/site-packages/starlette/routing.py", line 716, in __call__
    await self.middleware_stack(scope, receive, send)
  File "/Users/htq/miniconda3/envs/freqtrade311/lib/python3.11/site-packages/starlette/routing.py", line 736, in app
    await route.handle(scope, receive, send)
  File "/Users/htq/miniconda3/envs/freqtrade311/lib/python3.11/site-packages/starlette/routing.py", line 290, in handle
    await self.app(scope, receive, send)
  File "/Users/htq/miniconda3/envs/freqtrade311/lib/python3.11/site-packages/starlette/routing.py", line 78, in app
    await wrap_app_handling_exceptions(app, request)(scope, receive, send)
  File "/Users/htq/miniconda3/envs/freqtrade311/lib/python3.11/site-packages/starlette/_exception_handler.py", line 53, in wrapped_app
    raise exc
  File "/Users/htq/miniconda3/envs/freqtrade311/lib/python3.11/site-packages/starlette/_exception_handler.py", line 42, in wrapped_app
    await app(scope, receive, sender)
  File "/Users/htq/miniconda3/envs/freqtrade311/lib/python3.11/site-packages/starlette/routing.py", line 75, in app
    response = await f(request)
               ^^^^^^^^^^^^^^^^
  File "/Users/htq/miniconda3/envs/freqtrade311/lib/python3.11/contextlib.py", line 222, in __aexit__
    await self.gen.athrow(typ, value, traceback)
  File "/Users/htq/Desktop/真正的金融/币圈/freqtrade/freqtrade/rpc/api_server/deps.py", line 30, in get_rpc
    yield _rpc
  File "/Users/htq/miniconda3/envs/freqtrade311/lib/python3.11/site-packages/fastapi/routing.py", line 302, in app
    raw_response = await run_endpoint_function(
                   ^^^^^^^^^^^^^^^^^^^^^^^^^^^^
  File "/Users/htq/miniconda3/envs/freqtrade311/lib/python3.11/site-packages/fastapi/routing.py", line 215, in run_endpoint_function
    return await run_in_threadpool(dependant.call, **values)
           ^^^^^^^^^^^^^^^^^^^^^^^^^^^^^^^^^^^^^^^^^^^^^^^^^
  File "/Users/htq/miniconda3/envs/freqtrade311/lib/python3.11/site-packages/starlette/concurrency.py", line 38, in run_in_threadpool
    return await anyio.to_thread.run_sync(func)
           ^^^^^^^^^^^^^^^^^^^^^^^^^^^^^^^^^^^^
  File "/Users/htq/miniconda3/envs/freqtrade311/lib/python3.11/site-packages/anyio/to_thread.py", line 56, in run_sync
    return await get_async_backend().run_sync_in_worker_thread(
           ^^^^^^^^^^^^^^^^^^^^^^^^^^^^^^^^^^^^^^^^^^^^^^^^^^^^
  File "/Users/htq/miniconda3/envs/freqtrade311/lib/python3.11/site-packages/anyio/_backends/_asyncio.py", line 2476, in run_sync_in_worker_thread
    return await future
           ^^^^^^^^^^^^
  File "/Users/htq/miniconda3/envs/freqtrade311/lib/python3.11/site-packages/anyio/_backends/_asyncio.py", line 967, in run
    result = context.run(func, *args)
             ^^^^^^^^^^^^^^^^^^^^^^^^
  File "/Users/htq/Desktop/真正的金融/币圈/freqtrade/freqtrade/rpc/api_server/api_v1.py", line 156, in profit_all
    "all": rpc._rpc_trade_statistics(
           ^^^^^^^^^^^^^^^^^^^^^^^^^^
  File "/Users/htq/Desktop/真正的金融/币圈/freqtrade/freqtrade/rpc/rpc.py", line 595, in _rpc_trade_statistics
    trades: Sequence[Trade] = Trade.session.scalars(
                              ^^^^^^^^^^^^^^^^^^^^^^
  File "/Users/htq/miniconda3/envs/freqtrade311/lib/python3.11/site-packages/sqlalchemy/orm/scoping.py", line 1905, in scalars
    return self._proxied.scalars(
           ^^^^^^^^^^^^^^^^^^^^^^
  File "/Users/htq/miniconda3/envs/freqtrade311/lib/python3.11/site-packages/sqlalchemy/orm/session.py", line 2473, in scalars
    return self._execute_internal(
           ^^^^^^^^^^^^^^^^^^^^^^^
  File "/Users/htq/miniconda3/envs/freqtrade311/lib/python3.11/site-packages/sqlalchemy/orm/session.py", line 2241, in _execute_internal
    conn = self._connection_for_bind(bind)
           ^^^^^^^^^^^^^^^^^^^^^^^^^^^^^^^
  File "/Users/htq/miniconda3/envs/freqtrade311/lib/python3.11/site-packages/sqlalchemy/orm/session.py", line 2110, in _connection_for_bind
    return trans._connection_for_bind(engine, execution_options)
           ^^^^^^^^^^^^^^^^^^^^^^^^^^^^^^^^^^^^^^^^^^^^^^^^^^^^^
  File "<string>", line 2, in _connection_for_bind
  File "/Users/htq/miniconda3/envs/freqtrade311/lib/python3.11/site-packages/sqlalchemy/orm/state_changes.py", line 137, in _go
    ret_value = fn(self, *arg, **kw)
                ^^^^^^^^^^^^^^^^^^^^
  File "/Users/htq/miniconda3/envs/freqtrade311/lib/python3.11/site-packages/sqlalchemy/orm/session.py", line 1189, in _connection_for_bind
    conn = bind.connect()
           ^^^^^^^^^^^^^^
  File "/Users/htq/miniconda3/envs/freqtrade311/lib/python3.11/site-packages/sqlalchemy/engine/base.py", line 3277, in connect
    return self._connection_cls(self)
           ^^^^^^^^^^^^^^^^^^^^^^^^^^
  File "/Users/htq/miniconda3/envs/freqtrade311/lib/python3.11/site-packages/sqlalchemy/engine/base.py", line 143, in __init__
    self._dbapi_connection = engine.raw_connection()
                             ^^^^^^^^^^^^^^^^^^^^^^^
  File "/Users/htq/miniconda3/envs/freqtrade311/lib/python3.11/site-packages/sqlalchemy/engine/base.py", line 3301, in raw_connection
    return self.pool.connect()
           ^^^^^^^^^^^^^^^^^^^
  File "/Users/htq/miniconda3/envs/freqtrade311/lib/python3.11/site-packages/sqlalchemy/pool/base.py", line 447, in connect
    return _ConnectionFairy._checkout(self)
           ^^^^^^^^^^^^^^^^^^^^^^^^^^^^^^^^
  File "/Users/htq/miniconda3/envs/freqtrade311/lib/python3.11/site-packages/sqlalchemy/pool/base.py", line 1264, in _checkout
    fairy = _ConnectionRecord.checkout(pool)
            ^^^^^^^^^^^^^^^^^^^^^^^^^^^^^^^^
  File "/Users/htq/miniconda3/envs/freqtrade311/lib/python3.11/site-packages/sqlalchemy/pool/base.py", line 711, in checkout
    rec = pool._do_get()
          ^^^^^^^^^^^^^^
  File "/Users/htq/miniconda3/envs/freqtrade311/lib/python3.11/site-packages/sqlalchemy/pool/impl.py", line 166, in _do_get
    raise exc.TimeoutError(
sqlalchemy.exc.TimeoutError: QueuePool limit of size 5 overflow 10 reached, connection timed out, timeout 30.00 (Background on this error at: https://sqlalche.me/e/20/3o7r)
2025-10-15 21:42:11,642 - uvicorn.error - ERROR - Exception in ASGI application
Traceback (most recent call last):
  File "/Users/htq/miniconda3/envs/freqtrade311/lib/python3.11/site-packages/uvicorn/protocols/http/h11_impl.py", line 403, in run_asgi
    result = await app(  # type: ignore[func-returns-value]
             ^^^^^^^^^^^^^^^^^^^^^^^^^^^^^^^^^^^^^^^^^^^^^^
  File "/Users/htq/miniconda3/envs/freqtrade311/lib/python3.11/site-packages/uvicorn/middleware/proxy_headers.py", line 60, in __call__
    return await self.app(scope, receive, send)
           ^^^^^^^^^^^^^^^^^^^^^^^^^^^^^^^^^^^^
  File "/Users/htq/miniconda3/envs/freqtrade311/lib/python3.11/site-packages/fastapi/applications.py", line 1054, in __call__
    await super().__call__(scope, receive, send)
  File "/Users/htq/miniconda3/envs/freqtrade311/lib/python3.11/site-packages/starlette/applications.py", line 113, in __call__
    await self.middleware_stack(scope, receive, send)
  File "/Users/htq/miniconda3/envs/freqtrade311/lib/python3.11/site-packages/starlette/middleware/errors.py", line 186, in __call__
    raise exc
  File "/Users/htq/miniconda3/envs/freqtrade311/lib/python3.11/site-packages/starlette/middleware/errors.py", line 164, in __call__
    await self.app(scope, receive, _send)
  File "/Users/htq/miniconda3/envs/freqtrade311/lib/python3.11/site-packages/starlette/middleware/cors.py", line 85, in __call__
    await self.app(scope, receive, send)
  File "/Users/htq/miniconda3/envs/freqtrade311/lib/python3.11/site-packages/starlette/middleware/exceptions.py", line 63, in __call__
    await wrap_app_handling_exceptions(self.app, conn)(scope, receive, send)
  File "/Users/htq/miniconda3/envs/freqtrade311/lib/python3.11/site-packages/starlette/_exception_handler.py", line 53, in wrapped_app
    raise exc
  File "/Users/htq/miniconda3/envs/freqtrade311/lib/python3.11/site-packages/starlette/_exception_handler.py", line 42, in wrapped_app
    await app(scope, receive, sender)
  File "/Users/htq/miniconda3/envs/freqtrade311/lib/python3.11/site-packages/starlette/routing.py", line 716, in __call__
    await self.middleware_stack(scope, receive, send)
  File "/Users/htq/miniconda3/envs/freqtrade311/lib/python3.11/site-packages/starlette/routing.py", line 736, in app
    await route.handle(scope, receive, send)
  File "/Users/htq/miniconda3/envs/freqtrade311/lib/python3.11/site-packages/starlette/routing.py", line 290, in handle
    await self.app(scope, receive, send)
  File "/Users/htq/miniconda3/envs/freqtrade311/lib/python3.11/site-packages/starlette/routing.py", line 78, in app
    await wrap_app_handling_exceptions(app, request)(scope, receive, send)
  File "/Users/htq/miniconda3/envs/freqtrade311/lib/python3.11/site-packages/starlette/_exception_handler.py", line 53, in wrapped_app
    raise exc
  File "/Users/htq/miniconda3/envs/freqtrade311/lib/python3.11/site-packages/starlette/_exception_handler.py", line 42, in wrapped_app
    await app(scope, receive, sender)
  File "/Users/htq/miniconda3/envs/freqtrade311/lib/python3.11/site-packages/starlette/routing.py", line 75, in app
    response = await f(request)
               ^^^^^^^^^^^^^^^^
  File "/Users/htq/miniconda3/envs/freqtrade311/lib/python3.11/contextlib.py", line 222, in __aexit__
    await self.gen.athrow(typ, value, traceback)
  File "/Users/htq/Desktop/真正的金融/币圈/freqtrade/freqtrade/rpc/api_server/deps.py", line 30, in get_rpc
    yield _rpc
  File "/Users/htq/miniconda3/envs/freqtrade311/lib/python3.11/site-packages/fastapi/routing.py", line 302, in app
    raw_response = await run_endpoint_function(
                   ^^^^^^^^^^^^^^^^^^^^^^^^^^^^
  File "/Users/htq/miniconda3/envs/freqtrade311/lib/python3.11/site-packages/fastapi/routing.py", line 215, in run_endpoint_function
    return await run_in_threadpool(dependant.call, **values)
           ^^^^^^^^^^^^^^^^^^^^^^^^^^^^^^^^^^^^^^^^^^^^^^^^^
  File "/Users/htq/miniconda3/envs/freqtrade311/lib/python3.11/site-packages/starlette/concurrency.py", line 38, in run_in_threadpool
    return await anyio.to_thread.run_sync(func)
           ^^^^^^^^^^^^^^^^^^^^^^^^^^^^^^^^^^^^
  File "/Users/htq/miniconda3/envs/freqtrade311/lib/python3.11/site-packages/anyio/to_thread.py", line 56, in run_sync
    return await get_async_backend().run_sync_in_worker_thread(
           ^^^^^^^^^^^^^^^^^^^^^^^^^^^^^^^^^^^^^^^^^^^^^^^^^^^^
  File "/Users/htq/miniconda3/envs/freqtrade311/lib/python3.11/site-packages/anyio/_backends/_asyncio.py", line 2476, in run_sync_in_worker_thread
    return await future
           ^^^^^^^^^^^^
  File "/Users/htq/miniconda3/envs/freqtrade311/lib/python3.11/site-packages/anyio/_backends/_asyncio.py", line 967, in run
    result = context.run(func, *args)
             ^^^^^^^^^^^^^^^^^^^^^^^^
  File "/Users/htq/Desktop/真正的金融/币圈/freqtrade/freqtrade/rpc/api_server/api_v1.py", line 228, in trades
    return rpc._rpc_trade_history(limit, offset=offset, order_by_id=order_by_id)
           ^^^^^^^^^^^^^^^^^^^^^^^^^^^^^^^^^^^^^^^^^^^^^^^^^^^^^^^^^^^^^^^^^^^^^
  File "/Users/htq/Desktop/真正的金融/币圈/freqtrade/freqtrade/rpc/rpc.py", line 448, in _rpc_trade_history
    trades = Trade.session.scalars(
             ^^^^^^^^^^^^^^^^^^^^^^
  File "/Users/htq/miniconda3/envs/freqtrade311/lib/python3.11/site-packages/sqlalchemy/orm/scoping.py", line 1905, in scalars
    return self._proxied.scalars(
           ^^^^^^^^^^^^^^^^^^^^^^
  File "/Users/htq/miniconda3/envs/freqtrade311/lib/python3.11/site-packages/sqlalchemy/orm/session.py", line 2473, in scalars
    return self._execute_internal(
           ^^^^^^^^^^^^^^^^^^^^^^^
  File "/Users/htq/miniconda3/envs/freqtrade311/lib/python3.11/site-packages/sqlalchemy/orm/session.py", line 2241, in _execute_internal
    conn = self._connection_for_bind(bind)
           ^^^^^^^^^^^^^^^^^^^^^^^^^^^^^^^
  File "/Users/htq/miniconda3/envs/freqtrade311/lib/python3.11/site-packages/sqlalchemy/orm/session.py", line 2110, in _connection_for_bind
    return trans._connection_for_bind(engine, execution_options)
           ^^^^^^^^^^^^^^^^^^^^^^^^^^^^^^^^^^^^^^^^^^^^^^^^^^^^^
  File "<string>", line 2, in _connection_for_bind
  File "/Users/htq/miniconda3/envs/freqtrade311/lib/python3.11/site-packages/sqlalchemy/orm/state_changes.py", line 137, in _go
    ret_value = fn(self, *arg, **kw)
                ^^^^^^^^^^^^^^^^^^^^
  File "/Users/htq/miniconda3/envs/freqtrade311/lib/python3.11/site-packages/sqlalchemy/orm/session.py", line 1189, in _connection_for_bind
    conn = bind.connect()
           ^^^^^^^^^^^^^^
  File "/Users/htq/miniconda3/envs/freqtrade311/lib/python3.11/site-packages/sqlalchemy/engine/base.py", line 3277, in connect
    return self._connection_cls(self)
           ^^^^^^^^^^^^^^^^^^^^^^^^^^
  File "/Users/htq/miniconda3/envs/freqtrade311/lib/python3.11/site-packages/sqlalchemy/engine/base.py", line 143, in __init__
    self._dbapi_connection = engine.raw_connection()
                             ^^^^^^^^^^^^^^^^^^^^^^^
  File "/Users/htq/miniconda3/envs/freqtrade311/lib/python3.11/site-packages/sqlalchemy/engine/base.py", line 3301, in raw_connection
    return self.pool.connect()
           ^^^^^^^^^^^^^^^^^^^
  File "/Users/htq/miniconda3/envs/freqtrade311/lib/python3.11/site-packages/sqlalchemy/pool/base.py", line 447, in connect
    return _ConnectionFairy._checkout(self)
           ^^^^^^^^^^^^^^^^^^^^^^^^^^^^^^^^
  File "/Users/htq/miniconda3/envs/freqtrade311/lib/python3.11/site-packages/sqlalchemy/pool/base.py", line 1264, in _checkout
    fairy = _ConnectionRecord.checkout(pool)
            ^^^^^^^^^^^^^^^^^^^^^^^^^^^^^^^^
  File "/Users/htq/miniconda3/envs/freqtrade311/lib/python3.11/site-packages/sqlalchemy/pool/base.py", line 711, in checkout
    rec = pool._do_get()
          ^^^^^^^^^^^^^^
  File "/Users/htq/miniconda3/envs/freqtrade311/lib/python3.11/site-packages/sqlalchemy/pool/impl.py", line 166, in _do_get
    raise exc.TimeoutError(
sqlalchemy.exc.TimeoutError: QueuePool limit of size 5 overflow 10 reached, connection timed out, timeout 30.00 (Background on this error at: https://sqlalche.me/e/20/3o7r)
2025-10-15 21:42:11,648 - uvicorn.error - ERROR - Exception in ASGI application
Traceback (most recent call last):
  File "/Users/htq/miniconda3/envs/freqtrade311/lib/python3.11/site-packages/uvicorn/protocols/http/h11_impl.py", line 403, in run_asgi
    result = await app(  # type: ignore[func-returns-value]
             ^^^^^^^^^^^^^^^^^^^^^^^^^^^^^^^^^^^^^^^^^^^^^^
  File "/Users/htq/miniconda3/envs/freqtrade311/lib/python3.11/site-packages/uvicorn/middleware/proxy_headers.py", line 60, in __call__
    return await self.app(scope, receive, send)
           ^^^^^^^^^^^^^^^^^^^^^^^^^^^^^^^^^^^^
  File "/Users/htq/miniconda3/envs/freqtrade311/lib/python3.11/site-packages/fastapi/applications.py", line 1054, in __call__
    await super().__call__(scope, receive, send)
  File "/Users/htq/miniconda3/envs/freqtrade311/lib/python3.11/site-packages/starlette/applications.py", line 113, in __call__
    await self.middleware_stack(scope, receive, send)
  File "/Users/htq/miniconda3/envs/freqtrade311/lib/python3.11/site-packages/starlette/middleware/errors.py", line 186, in __call__
    raise exc
  File "/Users/htq/miniconda3/envs/freqtrade311/lib/python3.11/site-packages/starlette/middleware/errors.py", line 164, in __call__
    await self.app(scope, receive, _send)
  File "/Users/htq/miniconda3/envs/freqtrade311/lib/python3.11/site-packages/starlette/middleware/cors.py", line 85, in __call__
    await self.app(scope, receive, send)
  File "/Users/htq/miniconda3/envs/freqtrade311/lib/python3.11/site-packages/starlette/middleware/exceptions.py", line 63, in __call__
    await wrap_app_handling_exceptions(self.app, conn)(scope, receive, send)
  File "/Users/htq/miniconda3/envs/freqtrade311/lib/python3.11/site-packages/starlette/_exception_handler.py", line 53, in wrapped_app
    raise exc
  File "/Users/htq/miniconda3/envs/freqtrade311/lib/python3.11/site-packages/starlette/_exception_handler.py", line 42, in wrapped_app
    await app(scope, receive, sender)
  File "/Users/htq/miniconda3/envs/freqtrade311/lib/python3.11/site-packages/starlette/routing.py", line 716, in __call__
    await self.middleware_stack(scope, receive, send)
  File "/Users/htq/miniconda3/envs/freqtrade311/lib/python3.11/site-packages/starlette/routing.py", line 736, in app
    await route.handle(scope, receive, send)
  File "/Users/htq/miniconda3/envs/freqtrade311/lib/python3.11/site-packages/starlette/routing.py", line 290, in handle
    await self.app(scope, receive, send)
  File "/Users/htq/miniconda3/envs/freqtrade311/lib/python3.11/site-packages/starlette/routing.py", line 78, in app
    await wrap_app_handling_exceptions(app, request)(scope, receive, send)
  File "/Users/htq/miniconda3/envs/freqtrade311/lib/python3.11/site-packages/starlette/_exception_handler.py", line 53, in wrapped_app
    raise exc
  File "/Users/htq/miniconda3/envs/freqtrade311/lib/python3.11/site-packages/starlette/_exception_handler.py", line 42, in wrapped_app
    await app(scope, receive, sender)
  File "/Users/htq/miniconda3/envs/freqtrade311/lib/python3.11/site-packages/starlette/routing.py", line 75, in app
    response = await f(request)
               ^^^^^^^^^^^^^^^^
  File "/Users/htq/miniconda3/envs/freqtrade311/lib/python3.11/contextlib.py", line 222, in __aexit__
    await self.gen.athrow(typ, value, traceback)
  File "/Users/htq/Desktop/真正的金融/币圈/freqtrade/freqtrade/rpc/api_server/deps.py", line 30, in get_rpc
    yield _rpc
  File "/Users/htq/miniconda3/envs/freqtrade311/lib/python3.11/site-packages/fastapi/routing.py", line 302, in app
    raw_response = await run_endpoint_function(
                   ^^^^^^^^^^^^^^^^^^^^^^^^^^^^
  File "/Users/htq/miniconda3/envs/freqtrade311/lib/python3.11/site-packages/fastapi/routing.py", line 215, in run_endpoint_function
    return await run_in_threadpool(dependant.call, **values)
           ^^^^^^^^^^^^^^^^^^^^^^^^^^^^^^^^^^^^^^^^^^^^^^^^^
  File "/Users/htq/miniconda3/envs/freqtrade311/lib/python3.11/site-packages/starlette/concurrency.py", line 38, in run_in_threadpool
    return await anyio.to_thread.run_sync(func)
           ^^^^^^^^^^^^^^^^^^^^^^^^^^^^^^^^^^^^
  File "/Users/htq/miniconda3/envs/freqtrade311/lib/python3.11/site-packages/anyio/to_thread.py", line 56, in run_sync
    return await get_async_backend().run_sync_in_worker_thread(
           ^^^^^^^^^^^^^^^^^^^^^^^^^^^^^^^^^^^^^^^^^^^^^^^^^^^^
  File "/Users/htq/miniconda3/envs/freqtrade311/lib/python3.11/site-packages/anyio/_backends/_asyncio.py", line 2476, in run_sync_in_worker_thread
    return await future
           ^^^^^^^^^^^^
  File "/Users/htq/miniconda3/envs/freqtrade311/lib/python3.11/site-packages/anyio/_backends/_asyncio.py", line 967, in run
    result = context.run(func, *args)
             ^^^^^^^^^^^^^^^^^^^^^^^^
  File "/Users/htq/Desktop/真正的金融/币圈/freqtrade/freqtrade/rpc/api_server/api_v1.py", line 212, in status
    return rpc._rpc_trade_status()
           ^^^^^^^^^^^^^^^^^^^^^^^
  File "/Users/htq/Desktop/真正的金融/币圈/freqtrade/freqtrade/rpc/rpc.py", line 192, in _rpc_trade_status
    trades = Trade.get_open_trades()
             ^^^^^^^^^^^^^^^^^^^^^^^
  File "/Users/htq/Desktop/真正的金融/币圈/freqtrade/freqtrade/persistence/trade_model.py", line 1507, in get_open_trades
    return Trade.get_trades_proxy(is_open=True)
           ^^^^^^^^^^^^^^^^^^^^^^^^^^^^^^^^^^^^
  File "/Users/htq/Desktop/真正的金融/币圈/freqtrade/freqtrade/persistence/trade_model.py", line 1800, in get_trades_proxy
    return cast(list[LocalTrade], Trade.get_trades(trade_filter).all())
                                  ^^^^^^^^^^^^^^^^^^^^^^^^^^^^^^
  File "/Users/htq/Desktop/真正的金融/币圈/freqtrade/freqtrade/persistence/trade_model.py", line 1845, in get_trades
    return Trade.session.scalars(query)
           ^^^^^^^^^^^^^^^^^^^^^^^^^^^^
  File "/Users/htq/miniconda3/envs/freqtrade311/lib/python3.11/site-packages/sqlalchemy/orm/scoping.py", line 1905, in scalars
    return self._proxied.scalars(
           ^^^^^^^^^^^^^^^^^^^^^^
  File "/Users/htq/miniconda3/envs/freqtrade311/lib/python3.11/site-packages/sqlalchemy/orm/session.py", line 2473, in scalars
    return self._execute_internal(
           ^^^^^^^^^^^^^^^^^^^^^^^
  File "/Users/htq/miniconda3/envs/freqtrade311/lib/python3.11/site-packages/sqlalchemy/orm/session.py", line 2241, in _execute_internal
    conn = self._connection_for_bind(bind)
           ^^^^^^^^^^^^^^^^^^^^^^^^^^^^^^^
  File "/Users/htq/miniconda3/envs/freqtrade311/lib/python3.11/site-packages/sqlalchemy/orm/session.py", line 2110, in _connection_for_bind
    return trans._connection_for_bind(engine, execution_options)
           ^^^^^^^^^^^^^^^^^^^^^^^^^^^^^^^^^^^^^^^^^^^^^^^^^^^^^
  File "<string>", line 2, in _connection_for_bind
  File "/Users/htq/miniconda3/envs/freqtrade311/lib/python3.11/site-packages/sqlalchemy/orm/state_changes.py", line 137, in _go
    ret_value = fn(self, *arg, **kw)
                ^^^^^^^^^^^^^^^^^^^^
  File "/Users/htq/miniconda3/envs/freqtrade311/lib/python3.11/site-packages/sqlalchemy/orm/session.py", line 1189, in _connection_for_bind
    conn = bind.connect()
           ^^^^^^^^^^^^^^
  File "/Users/htq/miniconda3/envs/freqtrade311/lib/python3.11/site-packages/sqlalchemy/engine/base.py", line 3277, in connect
    return self._connection_cls(self)
           ^^^^^^^^^^^^^^^^^^^^^^^^^^
  File "/Users/htq/miniconda3/envs/freqtrade311/lib/python3.11/site-packages/sqlalchemy/engine/base.py", line 143, in __init__
    self._dbapi_connection = engine.raw_connection()
                             ^^^^^^^^^^^^^^^^^^^^^^^
  File "/Users/htq/miniconda3/envs/freqtrade311/lib/python3.11/site-packages/sqlalchemy/engine/base.py", line 3301, in raw_connection
    return self.pool.connect()
           ^^^^^^^^^^^^^^^^^^^
  File "/Users/htq/miniconda3/envs/freqtrade311/lib/python3.11/site-packages/sqlalchemy/pool/base.py", line 447, in connect
    return _ConnectionFairy._checkout(self)
           ^^^^^^^^^^^^^^^^^^^^^^^^^^^^^^^^
  File "/Users/htq/miniconda3/envs/freqtrade311/lib/python3.11/site-packages/sqlalchemy/pool/base.py", line 1264, in _checkout
    fairy = _ConnectionRecord.checkout(pool)
            ^^^^^^^^^^^^^^^^^^^^^^^^^^^^^^^^
  File "/Users/htq/miniconda3/envs/freqtrade311/lib/python3.11/site-packages/sqlalchemy/pool/base.py", line 711, in checkout
    rec = pool._do_get()
          ^^^^^^^^^^^^^^
  File "/Users/htq/miniconda3/envs/freqtrade311/lib/python3.11/site-packages/sqlalchemy/pool/impl.py", line 166, in _do_get
    raise exc.TimeoutError(
sqlalchemy.exc.TimeoutError: QueuePool limit of size 5 overflow 10 reached, connection timed out, timeout 30.00 (Background on this error at: https://sqlalche.me/e/20/3o7r)
2025-10-15 21:42:31,100 - freqtrade.rpc.fiat_convert - ERROR - Error in _find_price: HTTPSConnectionPool(host='api.coingecko.com', port=443): Max retries exceeded with url: 
/api/v3/simple/price?ids=tether&vs_currencies=usd (Caused by ConnectTimeoutError(<urllib3.connection.HTTPSConnection object at 0x134cbc2d0>, 'Connection to api.coingecko.com timed out. (connect 
timeout=120)'))
2025-10-15 21:42:31,223 - freqtrade.rpc.fiat_convert - ERROR - Error in _find_price: HTTPSConnectionPool(host='api.coingecko.com', port=443): Max retries exceeded with url: 
/api/v3/simple/price?ids=tether&vs_currencies=usd (Caused by ConnectTimeoutError(<urllib3.connection.HTTPSConnection object at 0x134271ed0>, 'Connection to api.coingecko.com timed out. (connect 
timeout=120)'))
2025-10-15 21:42:31,224 - freqtrade.rpc.fiat_convert - ERROR - Error in _find_price: HTTPSConnectionPool(host='api.coingecko.com', port=443): Max retries exceeded with url: 
/api/v3/simple/price?ids=tether&vs_currencies=usd (Caused by ConnectTimeoutError(<urllib3.connection.HTTPSConnection object at 0x134cbca10>, 'Connection to api.coingecko.com timed out. (connect 
timeout=120)'))
2025-10-15 21:42:35,268 - freqtrade.rpc.fiat_convert - ERROR - Error in _find_price: HTTPSConnectionPool(host='api.coingecko.com', port=443): Max retries exceeded with url: 
/api/v3/simple/price?ids=tether&vs_currencies=usd (Caused by ConnectTimeoutError(<urllib3.connection.HTTPSConnection object at 0x134a1a750>, 'Connection to api.coingecko.com timed out. (connect 
timeout=120)'))
2025-10-15 21:42:35,269 - freqtrade.rpc.fiat_convert - ERROR - Error in _find_price: HTTPSConnectionPool(host='api.coingecko.com', port=443): Max retries exceeded with url: 
/api/v3/simple/price?ids=tether&vs_currencies=usd (Caused by ConnectTimeoutError(<urllib3.connection.HTTPSConnection object at 0x134a18d50>, 'Connection to api.coingecko.com timed out. (connect 
timeout=120)'))
2025-10-15 21:42:47,738 - freqtrade.rpc.fiat_convert - ERROR - Error in _find_price: HTTPSConnectionPool(host='api.coingecko.com', port=443): Max retries exceeded with url: 
/api/v3/simple/price?ids=tether&vs_currencies=usd (Caused by ConnectTimeoutError(<urllib3.connection.HTTPSConnection object at 0x1303207d0>, 'Connection to api.coingecko.com timed out. (connect 
timeout=120)'))
2025-10-15 21:42:47,739 - freqtrade.rpc.fiat_convert - ERROR - Error in _find_price: HTTPSConnectionPool(host='api.coingecko.com', port=443): Max retries exceeded with url: 
/api/v3/simple/price?ids=tether&vs_currencies=usd (Caused by ConnectTimeoutError(<urllib3.connection.HTTPSConnection object at 0x1303228d0>, 'Connection to api.coingecko.com timed out. (connect 
timeout=120)'))
2025-10-15 21:42:55,231 - freqtrade.rpc.fiat_convert - ERROR - Error in _find_price: HTTPSConnectionPool(host='api.coingecko.com', port=443): Max retries exceeded with url: 
/api/v3/simple/price?ids=tether&vs_currencies=usd (Caused by ConnectTimeoutError(<urllib3.connection.HTTPSConnection object at 0x135a6f450>, 'Connection to api.coingecko.com timed out. (connect 
timeout=120)'))
2025-10-15 21:42:55,248 - freqtrade.rpc.fiat_convert - ERROR - Error in _find_price: HTTPSConnectionPool(host='api.coingecko.com', port=443): Max retries exceeded with url: 
/api/v3/simple/price?ids=tether&vs_currencies=usd (Caused by ConnectTimeoutError(<urllib3.connection.HTTPSConnection object at 0x136e31350>, 'Connection to api.coingecko.com timed out. (connect 
timeout=120)'))
2025-10-15 21:42:55,248 - freqtrade.rpc.fiat_convert - ERROR - Error in _find_price: HTTPSConnectionPool(host='api.coingecko.com', port=443): Max retries exceeded with url: 
/api/v3/simple/price?ids=tether&vs_currencies=usd (Caused by ConnectTimeoutError(<urllib3.connection.HTTPSConnection object at 0x136e32350>, 'Connection to api.coingecko.com timed out. (connect 
timeout=120)'))
2025-10-15 21:43:11,025 - freqtrade.rpc.fiat_convert - ERROR - Error in _find_price: HTTPSConnectionPool(host='api.coingecko.com', port=443): Max retries exceeded with url: 
/api/v3/simple/price?ids=tether&vs_currencies=usd (Caused by ConnectTimeoutError(<urllib3.connection.HTTPSConnection object at 0x1341e8890>, 'Connection to api.coingecko.com timed out. (connect 
timeout=120)'))
2025-10-15 21:43:11,027 - freqtrade.rpc.fiat_convert - ERROR - Error in _find_price: HTTPSConnectionPool(host='api.coingecko.com', port=443): Max retries exceeded with url: 
/api/v3/simple/price?ids=tether&vs_currencies=usd (Caused by ConnectTimeoutError(<urllib3.connection.HTTPSConnection object at 0x13686f050>, 'Connection to api.coingecko.com timed out. (connect 
timeout=120)'))
2025-10-15 21:43:26,231 - urllib3.connectionpool - WARNING - Retrying (Retry(total=0, connect=None, read=None, redirect=None, status=None)) after connection broken by 
'ConnectTimeoutError(<urllib3.connection.HTTPSConnection object at 0x1308df190>, 'Connection to api.coingecko.com timed out. (connect timeout=120)')': /api/v3/simple/price?ids=tether&vs_currencies=usd
2025-10-15 21:43:26,232 - urllib3.connectionpool - WARNING - Retrying (Retry(total=0, connect=None, read=None, redirect=None, status=None)) after connection broken by 
'ConnectTimeoutError(<urllib3.connection.HTTPSConnection object at 0x1308dfbd0>, 'Connection to api.coingecko.com timed out. (connect timeout=120)')': /api/v3/simple/price?ids=tether&vs_currencies=usd
2025-10-15 21:43:26,238 - urllib3.connectionpool - WARNING - Retrying (Retry(total=0, connect=None, read=None, redirect=None, status=None)) after connection broken by 
'ConnectTimeoutError(<urllib3.connection.HTTPSConnection object at 0x136b88090>, 'Connection to api.coingecko.com timed out. (connect timeout=120)')': /api/v3/simple/price?ids=tether&vs_currencies=usd
2025-10-15 21:43:46,112 - urllib3.connectionpool - WARNING - Retrying (Retry(total=0, connect=None, read=None, redirect=None, status=None)) after connection broken by 
'ConnectTimeoutError(<urllib3.connection.HTTPSConnection object at 0x136882950>, 'Connection to api.coingecko.com timed out. (connect timeout=120)')': /api/v3/simple/price?ids=tether&vs_currencies=usd
2025-10-15 21:43:46,239 - urllib3.connectionpool - WARNING - Retrying (Retry(total=0, connect=None, read=None, redirect=None, status=None)) after connection broken by 
'ConnectTimeoutError(<urllib3.connection.HTTPSConnection object at 0x130348150>, 'Connection to api.coingecko.com timed out. (connect timeout=120)')': /api/v3/simple/price?ids=tether&vs_currencies=usd
2025-10-15 21:43:46,240 - urllib3.connectionpool - WARNING - Retrying (Retry(total=0, connect=None, read=None, redirect=None, status=None)) after connection broken by 
'ConnectTimeoutError(<urllib3.connection.HTTPSConnection object at 0x1303486d0>, 'Connection to api.coingecko.com timed out. (connect timeout=120)')': /api/v3/simple/price?ids=tether&vs_currencies=usd
2025-10-15 21:43:50,280 - urllib3.connectionpool - WARNING - Retrying (Retry(total=0, connect=None, read=None, redirect=None, status=None)) after connection broken by 
'ConnectTimeoutError(<urllib3.connection.HTTPSConnection object at 0x134054dd0>, 'Connection to api.coingecko.com timed out. (connect timeout=120)')': /api/v3/simple/price?ids=tether&vs_currencies=usd
2025-10-15 21:43:50,280 - urllib3.connectionpool - WARNING - Retrying (Retry(total=0, connect=None, read=None, redirect=None, status=None)) after connection broken by 
'ConnectTimeoutError(<urllib3.connection.HTTPSConnection object at 0x134056510>, 'Connection to api.coingecko.com timed out. (connect timeout=120)')': /api/v3/simple/price?ids=tether&vs_currencies=usd
2025-10-15 21:44:02,758 - urllib3.connectionpool - WARNING - Retrying (Retry(total=0, connect=None, read=None, redirect=None, status=None)) after connection broken by 
'ConnectTimeoutError(<urllib3.connection.HTTPSConnection object at 0x134a07bd0>, 'Connection to api.coingecko.com timed out. (connect timeout=120)')': /api/v3/simple/price?ids=tether&vs_currencies=usd
2025-10-15 21:44:02,759 - urllib3.connectionpool - WARNING - Retrying (Retry(total=0, connect=None, read=None, redirect=None, status=None)) after connection broken by 
'ConnectTimeoutError(<urllib3.connection.HTTPSConnection object at 0x134450e90>, 'Connection to api.coingecko.com timed out. (connect timeout=120)')': /api/v3/simple/price?ids=tether&vs_currencies=usd
2025-10-15 21:44:10,244 - urllib3.connectionpool - WARNING - Retrying (Retry(total=0, connect=None, read=None, redirect=None, status=None)) after connection broken by 
'ConnectTimeoutError(<urllib3.connection.HTTPSConnection object at 0x134a07b90>, 'Connection to api.coingecko.com timed out. (connect timeout=120)')': /api/v3/simple/price?ids=tether&vs_currencies=usd
2025-10-15 21:44:10,261 - urllib3.connectionpool - WARNING - Retrying (Retry(total=0, connect=None, read=None, redirect=None, status=None)) after connection broken by 
'ConnectTimeoutError(<urllib3.connection.HTTPSConnection object at 0x1301c9210>, 'Connection to api.coingecko.com timed out. (connect timeout=120)')': /api/v3/simple/price?ids=tether&vs_currencies=usd
2025-10-15 21:44:10,261 - urllib3.connectionpool - WARNING - Retrying (Retry(total=0, connect=None, read=None, redirect=None, status=None)) after connection broken by 
'ConnectTimeoutError(<urllib3.connection.HTTPSConnection object at 0x1301ca6d0>, 'Connection to api.coingecko.com timed out. (connect timeout=120)')': /api/v3/simple/price?ids=tether&vs_currencies=usd
2025-10-15 21:44:26,048 - urllib3.connectionpool - WARNING - Retrying (Retry(total=0, connect=None, read=None, redirect=None, status=None)) after connection broken by 
'ConnectTimeoutError(<urllib3.connection.HTTPSConnection object at 0x1344d8610>, 'Connection to api.coingecko.com timed out. (connect timeout=120)')': /api/v3/simple/price?ids=tether&vs_currencies=usd
2025-10-15 21:44:26,048 - urllib3.connectionpool - WARNING - Retrying (Retry(total=0, connect=None, read=None, redirect=None, status=None)) after connection broken by 
'ConnectTimeoutError(<urllib3.connection.HTTPSConnection object at 0x1344d9e90>, 'Connection to api.coingecko.com timed out. (connect timeout=120)')': /api/v3/simple/price?ids=tether&vs_currencies=usd
2025-10-15 21:44:41,240 - freqtrade.rpc.fiat_convert - ERROR - Error in _find_price: HTTPSConnectionPool(host='api.coingecko.com', port=443): Max retries exceeded with url: 
/api/v3/simple/price?ids=tether&vs_currencies=usd (Caused by ConnectTimeoutError(<urllib3.connection.HTTPSConnection object at 0x1344d9c50>, 'Connection to api.coingecko.com timed out. (connect 
timeout=120)'))
2025-10-15 21:44:41,242 - freqtrade.rpc.fiat_convert - ERROR - Error in _find_price: HTTPSConnectionPool(host='api.coingecko.com', port=443): Max retries exceeded with url: 
/api/v3/simple/price?ids=tether&vs_currencies=usd (Caused by ConnectTimeoutError(<urllib3.connection.HTTPSConnection object at 0x13489b5d0>, 'Connection to api.coingecko.com timed out. (connect 
timeout=120)'))
2025-10-15 21:44:41,242 - freqtrade.rpc.fiat_convert - ERROR - Error in _find_price: HTTPSConnectionPool(host='api.coingecko.com', port=443): Max retries exceeded with url: 
/api/v3/simple/price?ids=tether&vs_currencies=usd (Caused by ConnectTimeoutError(<urllib3.connection.HTTPSConnection object at 0x1344d9ad0>, 'Connection to api.coingecko.com timed out. (connect 
timeout=120)'))
2025-10-15 21:45:01,118 - freqtrade.rpc.fiat_convert - ERROR - Error in _find_price: HTTPSConnectionPool(host='api.coingecko.com', port=443): Max retries exceeded with url: 
/api/v3/simple/price?ids=tether&vs_currencies=usd (Caused by ConnectTimeoutError(<urllib3.connection.HTTPSConnection object at 0x13440eb10>, 'Connection to api.coingecko.com timed out. (connect 
timeout=120)'))
2025-10-15 21:45:01,245 - freqtrade.rpc.fiat_convert - ERROR - Error in _find_price: HTTPSConnectionPool(host='api.coingecko.com', port=443): Max retries exceeded with url: 
/api/v3/simple/price?ids=tether&vs_currencies=usd (Caused by ConnectTimeoutError(<urllib3.connection.HTTPSConnection object at 0x13440de90>, 'Connection to api.coingecko.com timed out. (connect 
timeout=120)'))
2025-10-15 21:45:01,245 - freqtrade.rpc.fiat_convert - ERROR - Error in _find_price: HTTPSConnectionPool(host='api.coingecko.com', port=443): Max retries exceeded with url: 
/api/v3/simple/price?ids=tether&vs_currencies=usd (Caused by ConnectTimeoutError(<urllib3.connection.HTTPSConnection object at 0x13034b1d0>, 'Connection to api.coingecko.com timed out. (connect 
timeout=120)'))
2025-10-15 21:45:05,287 - freqtrade.rpc.fiat_convert - ERROR - Error in _find_price: HTTPSConnectionPool(host='api.coingecko.com', port=443): Max retries exceeded with url: 
/api/v3/simple/price?ids=tether&vs_currencies=usd (Caused by ConnectTimeoutError(<urllib3.connection.HTTPSConnection object at 0x13440e1d0>, 'Connection to api.coingecko.com timed out. (connect 
timeout=120)'))
2025-10-15 21:45:05,290 - freqtrade.rpc.fiat_convert - ERROR - Error in _find_price: HTTPSConnectionPool(host='api.coingecko.com', port=443): Max retries exceeded with url: 
/api/v3/simple/price?ids=tether&vs_currencies=usd (Caused by ConnectTimeoutError(<urllib3.connection.HTTPSConnection object at 0x13440d590>, 'Connection to api.coingecko.com timed out. (connect 
timeout=120)'))
2025-10-15 21:45:17,764 - freqtrade.rpc.fiat_convert - ERROR - Error in _find_price: HTTPSConnectionPool(host='api.coingecko.com', port=443): Max retries exceeded with url: 
/api/v3/simple/price?ids=tether&vs_currencies=usd (Caused by ConnectTimeoutError(<urllib3.connection.HTTPSConnection object at 0x13440ee50>, 'Connection to api.coingecko.com timed out. (connect 
timeout=120)'))
2025-10-15 21:45:17,766 - freqtrade.rpc.fiat_convert - ERROR - Error in _find_price: HTTPSConnectionPool(host='api.coingecko.com', port=443): Max retries exceeded with url: 
/api/v3/simple/price?ids=tether&vs_currencies=usd (Caused by ConnectTimeoutError(<urllib3.connection.HTTPSConnection object at 0x13440fcd0>, 'Connection to api.coingecko.com timed out. (connect 
timeout=120)'))
2025-10-15 21:45:25,249 - freqtrade.rpc.fiat_convert - ERROR - Error in _find_price: HTTPSConnectionPool(host='api.coingecko.com', port=443): Max retries exceeded with url: 
/api/v3/simple/price?ids=tether&vs_currencies=usd (Caused by ConnectTimeoutError(<urllib3.connection.HTTPSConnection object at 0x13444b050>, 'Connection to api.coingecko.com timed out. (connect 
timeout=120)'))
2025-10-15 21:45:25,265 - freqtrade.rpc.fiat_convert - ERROR - Error in _find_price: HTTPSConnectionPool(host='api.coingecko.com', port=443): Max retries exceeded with url: 
/api/v3/simple/price?ids=tether&vs_currencies=usd (Caused by ConnectTimeoutError(<urllib3.connection.HTTPSConnection object at 0x13444abd0>, 'Connection to api.coingecko.com timed out. (connect 
timeout=120)'))
2025-10-15 21:45:25,266 - freqtrade.rpc.fiat_convert - ERROR - Error in _find_price: HTTPSConnectionPool(host='api.coingecko.com', port=443): Max retries exceeded with url: 
/api/v3/simple/price?ids=tether&vs_currencies=usd (Caused by ConnectTimeoutError(<urllib3.connection.HTTPSConnection object at 0x13444a390>, 'Connection to api.coingecko.com timed out. (connect 
timeout=120)'))
2025-10-15 21:45:41,052 - freqtrade.rpc.fiat_convert - ERROR - Error in _find_price: HTTPSConnectionPool(host='api.coingecko.com', port=443): Max retries exceeded with url: 
/api/v3/simple/price?ids=tether&vs_currencies=usd (Caused by ConnectTimeoutError(<urllib3.connection.HTTPSConnection object at 0x134448790>, 'Connection to api.coingecko.com timed out. (connect 
timeout=120)'))
2025-10-15 21:45:41,054 - freqtrade.rpc.fiat_convert - ERROR - Error in _find_price: HTTPSConnectionPool(host='api.coingecko.com', port=443): Max retries exceeded with url: 
/api/v3/simple/price?ids=tether&vs_currencies=usd (Caused by ConnectTimeoutError(<urllib3.connection.HTTPSConnection object at 0x134449010>, 'Connection to api.coingecko.com timed out. (connect 
timeout=120)'))
2025-10-15 21:45:56,279 - urllib3.connectionpool - WARNING - Retrying (Retry(total=0, connect=None, read=None, redirect=None, status=None)) after connection broken by 
'ConnectTimeoutError(<urllib3.connection.HTTPSConnection object at 0x135a6e750>, 'Connection to api.coingecko.com timed out. (connect timeout=120)')': /api/v3/simple/price?ids=tether&vs_currencies=usd
2025-10-15 21:46:16,129 - urllib3.connectionpool - WARNING - Retrying (Retry(total=0, connect=None, read=None, redirect=None, status=None)) after connection broken by 
'ConnectTimeoutError(<urllib3.connection.HTTPSConnection object at 0x1376c1cd0>, 'Connection to api.coingecko.com timed out. (connect timeout=120)')': /api/v3/simple/price?ids=tether&vs_currencies=usd
2025-10-15 21:46:16,254 - urllib3.connectionpool - WARNING - Retrying (Retry(total=0, connect=None, read=None, redirect=None, status=None)) after connection broken by 
'ConnectTimeoutError(<urllib3.connection.HTTPSConnection object at 0x130cb01d0>, 'Connection to api.coingecko.com timed out. (connect timeout=120)')': /api/v3/simple/price?ids=tether&vs_currencies=usd
2025-10-15 21:46:20,312 - urllib3.connectionpool - WARNING - Retrying (Retry(total=0, connect=None, read=None, redirect=None, status=None)) after connection broken by 
'ConnectTimeoutError(<urllib3.connection.HTTPSConnection object at 0x130cb3a50>, 'Connection to api.coingecko.com timed out. (connect timeout=120)')': /api/v3/simple/price?ids=tether&vs_currencies=usd
2025-10-15 21:46:20,313 - urllib3.connectionpool - WARNING - Retrying (Retry(total=0, connect=None, read=None, redirect=None, status=None)) after connection broken by 
'ConnectTimeoutError(<urllib3.connection.HTTPSConnection object at 0x130cb31d0>, 'Connection to api.coingecko.com timed out. (connect timeout=120)')': /api/v3/simple/price?ids=tether&vs_currencies=usd
2025-10-15 21:46:32,794 - urllib3.connectionpool - WARNING - Retrying (Retry(total=0, connect=None, read=None, redirect=None, status=None)) after connection broken by 
'ConnectTimeoutError(<urllib3.connection.HTTPSConnection object at 0x134a35990>, 'Connection to api.coingecko.com timed out. (connect timeout=120)')': /api/v3/simple/price?ids=tether&vs_currencies=usd
2025-10-15 21:46:40,276 - urllib3.connectionpool - WARNING - Retrying (Retry(total=0, connect=None, read=None, redirect=None, status=None)) after connection broken by 
'ConnectTimeoutError(<urllib3.connection.HTTPSConnection object at 0x127a6b250>, 'Connection to api.coingecko.com timed out. (connect timeout=120)')': /api/v3/simple/price?ids=tether&vs_currencies=usd
2025-10-15 21:46:56,072 - urllib3.connectionpool - WARNING - Retrying (Retry(total=0, connect=None, read=None, redirect=None, status=None)) after connection broken by 
'ConnectTimeoutError(<urllib3.connection.HTTPSConnection object at 0x13085e550>, 'Connection to api.coingecko.com timed out. (connect timeout=120)')': /api/v3/simple/price?ids=tether&vs_currencies=usd
2025-10-15 21:47:11,291 - freqtrade.rpc.fiat_convert - ERROR - Error in _find_price: HTTPSConnectionPool(host='api.coingecko.com', port=443): Max retries exceeded with url: 
/api/v3/simple/price?ids=tether&vs_currencies=usd (Caused by ConnectTimeoutError(<urllib3.connection.HTTPSConnection object at 0x136f2a5d0>, 'Connection to api.coingecko.com timed out. (connect 
timeout=120)'))
2025-10-15 21:47:31,136 - freqtrade.rpc.fiat_convert - ERROR - Error in _find_price: HTTPSConnectionPool(host='api.coingecko.com', port=443): Max retries exceeded with url: 
/api/v3/simple/price?ids=tether&vs_currencies=usd (Caused by ConnectTimeoutError(<urllib3.connection.HTTPSConnection object at 0x134608b50>, 'Connection to api.coingecko.com timed out. (connect 
timeout=120)'))
2025-10-15 21:47:31,259 - freqtrade.rpc.fiat_convert - ERROR - Error in _find_price: HTTPSConnectionPool(host='api.coingecko.com', port=443): Max retries exceeded with url: 
/api/v3/simple/price?ids=tether&vs_currencies=usd (Caused by ConnectTimeoutError(<urllib3.connection.HTTPSConnection object at 0x1301c9e90>, 'Connection to api.coingecko.com timed out. (connect 
timeout=120)'))
2025-10-15 21:47:35,322 - urllib3.connectionpool - WARNING - Connection pool is full, discarding connection: api.coingecko.com. Connection pool size: 10
2025-10-15 21:47:35,324 - urllib3.connectionpool - WARNING - Connection pool is full, discarding connection: api.coingecko.com. Connection pool size: 10
2025-10-15 21:47:35,326 - freqtrade.rpc.fiat_convert - ERROR - Error in _find_price: HTTPSConnectionPool(host='api.coingecko.com', port=443): Max retries exceeded with url: 
/api/v3/simple/price?ids=tether&vs_currencies=usd (Caused by ConnectTimeoutError(<urllib3.connection.HTTPSConnection object at 0x134a2ee50>, 'Connection to api.coingecko.com timed out. (connect 
timeout=120)'))
2025-10-15 21:47:35,327 - freqtrade.rpc.fiat_convert - ERROR - Error in _find_price: HTTPSConnectionPool(host='api.coingecko.com', port=443): Max retries exceeded with url: 
/api/v3/simple/price?ids=tether&vs_currencies=usd (Caused by ConnectTimeoutError(<urllib3.connection.HTTPSConnection object at 0x134608350>, 'Connection to api.coingecko.com timed out. (connect 
timeout=120)'))
2025-10-15 21:47:47,802 - freqtrade.rpc.fiat_convert - ERROR - Error in _find_price: HTTPSConnectionPool(host='api.coingecko.com', port=443): Max retries exceeded with url: 
/api/v3/simple/price?ids=tether&vs_currencies=usd (Caused by ConnectTimeoutError(<urllib3.connection.HTTPSConnection object at 0x1306b3450>, 'Connection to api.coingecko.com timed out. (connect 
timeout=120)'))
2025-10-15 21:47:55,284 - freqtrade.rpc.fiat_convert - ERROR - Error in _find_price: HTTPSConnectionPool(host='api.coingecko.com', port=443): Max retries exceeded with url: 
/api/v3/simple/price?ids=tether&vs_currencies=usd (Caused by ConnectTimeoutError(<urllib3.connection.HTTPSConnection object at 0x1306b2a50>, 'Connection to api.coingecko.com timed out. (connect 
timeout=120)'))
2025-10-15 21:48:11,078 - urllib3.connectionpool - WARNING - Connection pool is full, discarding connection: api.coingecko.com. Connection pool size: 10
2025-10-15 21:48:11,081 - freqtrade.rpc.fiat_convert - ERROR - Error in _find_price: HTTPSConnectionPool(host='api.coingecko.com', port=443): Max retries exceeded with url: 
/api/v3/simple/price?ids=tether&vs_currencies=usd (Caused by ConnectTimeoutError(<urllib3.connection.HTTPSConnection object at 0x1306b3190>, 'Connection to api.coingecko.com timed out. (connect 
timeout=120)'))
2025-10-15 21:48:50,352 - urllib3.connectionpool - WARNING - Connection pool is full, discarding connection: api.coingecko.com. Connection pool size: 10
2025-10-15 21:48:50,355 - urllib3.connectionpool - WARNING - Connection pool is full, discarding connection: api.coingecko.com. Connection pool size: 10
2025-10-15 21:48:50,357 - urllib3.connectionpool - WARNING - Retrying (Retry(total=0, connect=None, read=None, redirect=None, status=None)) after connection broken by 
'ConnectTimeoutError(<urllib3.connection.HTTPSConnection object at 0x133cdae10>, 'Connection to api.coingecko.com timed out. (connect timeout=120)')': /api/v3/simple/price?ids=tether&vs_currencies=usd
2025-10-15 21:48:50,358 - urllib3.connectionpool - WARNING - Retrying (Retry(total=0, connect=None, read=None, redirect=None, status=None)) after connection broken by 
'ConnectTimeoutError(<urllib3.connection.HTTPSConnection object at 0x133cda610>, 'Connection to api.coingecko.com timed out. (connect timeout=120)')': /api/v3/simple/price?ids=tether&vs_currencies=usd
2025-10-15 21:50:05,367 - freqtrade.rpc.fiat_convert - ERROR - Error in _find_price: HTTPSConnectionPool(host='api.coingecko.com', port=443): Max retries exceeded with url: 
/api/v3/simple/price?ids=tether&vs_currencies=usd (Caused by ConnectTimeoutError(<urllib3.connection.HTTPSConnection object at 0x133cf7fd0>, 'Connection to api.coingecko.com timed out. (connect 
timeout=120)'))
2025-10-15 21:50:05,372 - freqtrade.rpc.fiat_convert - ERROR - Error in _find_price: HTTPSConnectionPool(host='api.coingecko.com', port=443): Max retries exceeded with url: 
/api/v3/simple/price?ids=tether&vs_currencies=usd (Caused by ConnectTimeoutError(<urllib3.connection.HTTPSConnection object at 0x130f92850>, 'Connection to api.coingecko.com timed out. (connect 
timeout=120)'))
2025-10-15 21:51:20,396 - urllib3.connectionpool - WARNING - Retrying (Retry(total=0, connect=None, read=None, redirect=None, status=None)) after connection broken by 
'ConnectTimeoutError(<urllib3.connection.HTTPSConnection object at 0x134a2d150>, 'Connection to api.coingecko.com timed out. (connect timeout=120)')': /api/v3/simple/price?ids=tether&vs_currencies=usd
2025-10-15 21:51:20,397 - urllib3.connectionpool - WARNING - Retrying (Retry(total=0, connect=None, read=None, redirect=None, status=None)) after connection broken by 
'ConnectTimeoutError(<urllib3.connection.HTTPSConnection object at 0x137651110>, 'Connection to api.coingecko.com timed out. (connect timeout=120)')': /api/v3/simple/price?ids=tether&vs_currencies=usd
2025-10-15 21:52:35,406 - freqtrade.rpc.fiat_convert - ERROR - Error in _find_price: HTTPSConnectionPool(host='api.coingecko.com', port=443): Max retries exceeded with url: 
/api/v3/simple/price?ids=tether&vs_currencies=usd (Caused by ConnectTimeoutError(<urllib3.connection.HTTPSConnection object at 0x136f29650>, 'Connection to api.coingecko.com timed out. (connect 
timeout=120)'))
2025-10-15 21:52:35,409 - freqtrade.rpc.fiat_convert - ERROR - Error in _find_price: HTTPSConnectionPool(host='api.coingecko.com', port=443): Max retries exceeded with url: 
/api/v3/simple/price?ids=tether&vs_currencies=usd (Caused by ConnectTimeoutError(<urllib3.connection.HTTPSConnection object at 0x137651f50>, 'Connection to api.coingecko.com timed out. (connect 
timeout=120)'))
2025-10-15 21:53:50,429 - urllib3.connectionpool - WARNING - Retrying (Retry(total=0, connect=None, read=None, redirect=None, status=None)) after connection broken by 
'ConnectTimeoutError(<urllib3.connection.HTTPSConnection object at 0x134a1f950>, 'Connection to api.coingecko.com timed out. (connect timeout=120)')': /api/v3/simple/price?ids=tether&vs_currencies=usd
2025-10-15 21:53:50,431 - urllib3.connectionpool - WARNING - Retrying (Retry(total=0, connect=None, read=None, redirect=None, status=None)) after connection broken by 
'ConnectTimeoutError(<urllib3.connection.HTTPSConnection object at 0x134a1d490>, 'Connection to api.coingecko.com timed out. (connect timeout=120)')': /api/v3/simple/price?ids=tether&vs_currencies=usd
2025-10-15 21:55:05,441 - freqtrade.rpc.fiat_convert - ERROR - Error in _find_price: HTTPSConnectionPool(host='api.coingecko.com', port=443): Max retries exceeded with url: 
/api/v3/simple/price?ids=tether&vs_currencies=usd (Caused by ConnectTimeoutError(<urllib3.connection.HTTPSConnection object at 0x134a1dc50>, 'Connection to api.coingecko.com timed out. (connect 
timeout=120)'))
2025-10-15 21:55:05,445 - freqtrade.rpc.fiat_convert - ERROR - Error in _find_price: HTTPSConnectionPool(host='api.coingecko.com', port=443): Max retries exceeded with url: 
/api/v3/simple/price?ids=tether&vs_currencies=usd (Caused by ConnectTimeoutError(<urllib3.connection.HTTPSConnection object at 0x134c4a610>, 'Connection to api.coingecko.com timed out. (connect 
timeout=120)'))
2025-10-15 21:56:20,467 - urllib3.connectionpool - WARNING - Retrying (Retry(total=0, connect=None, read=None, redirect=None, status=None)) after connection broken by 
'ConnectTimeoutError(<urllib3.connection.HTTPSConnection object at 0x1300665d0>, 'Connection to api.coingecko.com timed out. (connect timeout=120)')': /api/v3/simple/price?ids=tether&vs_currencies=usd
2025-10-15 21:56:20,470 - urllib3.connectionpool - WARNING - Retrying (Retry(total=0, connect=None, read=None, redirect=None, status=None)) after connection broken by 
'ConnectTimeoutError(<urllib3.connection.HTTPSConnection object at 0x130067e90>, 'Connection to api.coingecko.com timed out. (connect timeout=120)')': /api/v3/simple/price?ids=tether&vs_currencies=usd
2025-10-15 21:57:35,481 - freqtrade.rpc.fiat_convert - ERROR - Error in _find_price: HTTPSConnectionPool(host='api.coingecko.com', port=443): Max retries exceeded with url: 
/api/v3/simple/price?ids=tether&vs_currencies=usd (Caused by ConnectTimeoutError(<urllib3.connection.HTTPSConnection object at 0x130064dd0>, 'Connection to api.coingecko.com timed out. (connect 
timeout=120)'))
2025-10-15 21:57:35,486 - freqtrade.rpc.fiat_convert - ERROR - Error in _find_price: HTTPSConnectionPool(host='api.coingecko.com', port=443): Max retries exceeded with url: 
/api/v3/simple/price?ids=tether&vs_currencies=usd (Caused by ConnectTimeoutError(<urllib3.connection.HTTPSConnection object at 0x134c4a190>, 'Connection to api.coingecko.com timed out. (connect 
timeout=120)'))
2025-10-15 21:58:50,512 - urllib3.connectionpool - WARNING - Retrying (Retry(total=0, connect=None, read=None, redirect=None, status=None)) after connection broken by 
'ConnectTimeoutError(<urllib3.connection.HTTPSConnection object at 0x134667dd0>, 'Connection to api.coingecko.com timed out. (connect timeout=120)')': /api/v3/simple/price?ids=tether&vs_currencies=usd
2025-10-15 21:58:50,515 - urllib3.connectionpool - WARNING - Retrying (Retry(total=0, connect=None, read=None, redirect=None, status=None)) after connection broken by 
'ConnectTimeoutError(<urllib3.connection.HTTPSConnection object at 0x1313b5250>, 'Connection to api.coingecko.com timed out. (connect timeout=120)')': /api/v3/simple/price?ids=tether&vs_currencies=usd
2025-10-15 22:00:05,524 - freqtrade.rpc.fiat_convert - ERROR - Error in _find_price: HTTPSConnectionPool(host='api.coingecko.com', port=443): Max retries exceeded with url: 
/api/v3/simple/price?ids=tether&vs_currencies=usd (Caused by ConnectTimeoutError(<urllib3.connection.HTTPSConnection object at 0x134665d10>, 'Connection to api.coingecko.com timed out. (connect 
timeout=120)'))
2025-10-15 22:00:05,528 - freqtrade.rpc.fiat_convert - ERROR - Error in _find_price: HTTPSConnectionPool(host='api.coingecko.com', port=443): Max retries exceeded with url: 
/api/v3/simple/price?ids=tether&vs_currencies=usd (Caused by ConnectTimeoutError(<urllib3.connection.HTTPSConnection object at 0x127e2ab90>, 'Connection to api.coingecko.com timed out. (connect 
timeout=120)'))
2025-10-15 22:01:20,553 - urllib3.connectionpool - WARNING - Retrying (Retry(total=0, connect=None, read=None, redirect=None, status=None)) after connection broken by 
'ConnectTimeoutError(<urllib3.connection.HTTPSConnection object at 0x134666ad0>, 'Connection to api.coingecko.com timed out. (connect timeout=120)')': /api/v3/simple/price?ids=tether&vs_currencies=usd
2025-10-15 22:01:20,556 - urllib3.connectionpool - WARNING - Retrying (Retry(total=0, connect=None, read=None, redirect=None, status=None)) after connection broken by 
'ConnectTimeoutError(<urllib3.connection.HTTPSConnection object at 0x127b70b90>, 'Connection to api.coingecko.com timed out. (connect timeout=120)')': /api/v3/simple/price?ids=tether&vs_currencies=usd
2025-10-15 22:02:35,564 - freqtrade.rpc.fiat_convert - ERROR - Error in _find_price: HTTPSConnectionPool(host='api.coingecko.com', port=443): Max retries exceeded with url: 
/api/v3/simple/price?ids=tether&vs_currencies=usd (Caused by ConnectTimeoutError(<urllib3.connection.HTTPSConnection object at 0x127b73190>, 'Connection to api.coingecko.com timed out. (connect 
timeout=120)'))
2025-10-15 22:02:35,567 - freqtrade.rpc.fiat_convert - ERROR - Error in _find_price: HTTPSConnectionPool(host='api.coingecko.com', port=443): Max retries exceeded with url: 
/api/v3/simple/price?ids=tether&vs_currencies=usd (Caused by ConnectTimeoutError(<urllib3.connection.HTTPSConnection object at 0x134c498d0>, 'Connection to api.coingecko.com timed out. (connect 
timeout=120)'))
2025-10-15 22:03:36,917 - freqtrade.rpc.fiat_convert - ERROR - Error in _find_price: {'status': {'error_code': 429, 'error_message': "You've exceeded the Rate Limit. Please visit 
https://www.coingecko.com/en/api/pricing to subscribe to our API plans for higher rate limits."}}
2025-10-15 22:03:37,636 - freqtrade.rpc.fiat_convert - ERROR - Error in _find_price: {'status': {'error_code': 429, 'error_message': "You've exceeded the Rate Limit. Please visit 
https://www.coingecko.com/en/api/pricing to subscribe to our API plans for higher rate limits."}}
2025-10-15 22:04:37,759 - freqtrade.rpc.fiat_convert - ERROR - Error in _find_price: {'status': {'error_code': 429, 'error_message': "You've exceeded the Rate Limit. Please visit 
https://www.coingecko.com/en/api/pricing to subscribe to our API plans for higher rate limits."}}
2025-10-15 22:04:39,354 - freqtrade.rpc.fiat_convert - ERROR - Error in _find_price: {'status': {'error_code': 429, 'error_message': "You've exceeded the Rate Limit. Please visit 
https://www.coingecko.com/en/api/pricing to subscribe to our API plans for higher rate limits."}}
2025-10-15 22:05:37,329 - uvicorn.error - INFO - Waiting for application shutdown.
2025-10-15 22:05:37,339 - uvicorn.error - INFO - Application shutdown complete.
2025-10-15 22:05:37,341 - uvicorn.error - INFO - Finished server process [55755]
2025-10-15 22:05:37,343 - freqtrade.exchange.exchange_ws - INFO - Resetting WS connections.
2025-10-15 22:05:37,344 - freqtrade.exchange.exchange_ws - INFO - DOGE/USDT, 1h, spot - Task finished - cancelled
2025-10-15 22:05:37,346 - freqtrade.exchange.exchange_ws - ERROR - Exception in _unwatch_ohlcv
Traceback (most recent call last):
  File "/Users/htq/Desktop/真正的金融/币圈/freqtrade/freqtrade/exchange/exchange_ws.py", line 144, in _unwatch_ohlcv
    await self._ccxt_object.un_watch_ohlcv_for_symbols([[pair, timeframe]])
  File "/Users/htq/miniconda3/envs/freqtrade311/lib/python3.11/site-packages/ccxt/pro/okx.py", line 986, in un_watch_ohlcv_for_symbols
    return await self.watch_multiple(url, messageHashes, request, messageHashes)
           ^^^^^^^^^^^^^^^^^^^^^^^^^^^^^^^^^^^^^^^^^^^^^^^^^^^^^^^^^^^^^^^^^^^^^
ccxt.base.errors.NetworkError: Connection closed by remote server, closing code 1006
2025-10-15 22:05:38,326 - freqtrade - ERROR - Fatal exception!
Traceback (most recent call last):
  File "/Users/htq/Desktop/真正的金融/币圈/freqtrade/freqtrade/main.py", line 47, in main
    return_code = args["func"](args)
                  ^^^^^^^^^^^^^^^^^^
  File "/Users/htq/Desktop/真正的金融/币圈/freqtrade/freqtrade/commands/trade_commands.py", line 25, in start_trading
    worker.run()
  File "/Users/htq/Desktop/真正的金融/币圈/freqtrade/freqtrade/worker.py", line 79, in run
    state = self._worker(old_state=state)
            ^^^^^^^^^^^^^^^^^^^^^^^^^^^^^
  File "/Users/htq/Desktop/真正的金融/币圈/freqtrade/freqtrade/worker.py", line 124, in _worker
    self._throttle(
  File "/Users/htq/Desktop/真正的金融/币圈/freqtrade/freqtrade/worker.py", line 165, in _throttle
    result = func(*args, **kwargs)
             ^^^^^^^^^^^^^^^^^^^^^
  File "/Users/htq/Desktop/真正的金融/币圈/freqtrade/freqtrade/worker.py", line 199, in _process_running
    self.freqtrade.process()
  File "/Users/htq/Desktop/真正的金融/币圈/freqtrade/freqtrade/freqtradebot.py", line 260, in process
    trades: list[Trade] = Trade.get_open_trades()
                          ^^^^^^^^^^^^^^^^^^^^^^^
  File "/Users/htq/Desktop/真正的金融/币圈/freqtrade/freqtrade/persistence/trade_model.py", line 1507, in get_open_trades
    return Trade.get_trades_proxy(is_open=True)
           ^^^^^^^^^^^^^^^^^^^^^^^^^^^^^^^^^^^^
  File "/Users/htq/Desktop/真正的金融/币圈/freqtrade/freqtrade/persistence/trade_model.py", line 1800, in get_trades_proxy
    return cast(list[LocalTrade], Trade.get_trades(trade_filter).all())
                                  ^^^^^^^^^^^^^^^^^^^^^^^^^^^^^^
  File "/Users/htq/Desktop/真正的金融/币圈/freqtrade/freqtrade/persistence/trade_model.py", line 1845, in get_trades
    return Trade.session.scalars(query)
           ^^^^^^^^^^^^^^^^^^^^^^^^^^^^
  File "/Users/htq/miniconda3/envs/freqtrade311/lib/python3.11/site-packages/sqlalchemy/orm/scoping.py", line 1905, in scalars
    return self._proxied.scalars(
           ^^^^^^^^^^^^^^^^^^^^^^
  File "/Users/htq/miniconda3/envs/freqtrade311/lib/python3.11/site-packages/sqlalchemy/orm/session.py", line 2473, in scalars
    return self._execute_internal(
           ^^^^^^^^^^^^^^^^^^^^^^^
  File "/Users/htq/miniconda3/envs/freqtrade311/lib/python3.11/site-packages/sqlalchemy/orm/session.py", line 2241, in _execute_internal
    conn = self._connection_for_bind(bind)
           ^^^^^^^^^^^^^^^^^^^^^^^^^^^^^^^
  File "/Users/htq/miniconda3/envs/freqtrade311/lib/python3.11/site-packages/sqlalchemy/orm/session.py", line 2110, in _connection_for_bind
    return trans._connection_for_bind(engine, execution_options)
           ^^^^^^^^^^^^^^^^^^^^^^^^^^^^^^^^^^^^^^^^^^^^^^^^^^^^^
  File "<string>", line 2, in _connection_for_bind
  File "/Users/htq/miniconda3/envs/freqtrade311/lib/python3.11/site-packages/sqlalchemy/orm/state_changes.py", line 137, in _go
    ret_value = fn(self, *arg, **kw)
                ^^^^^^^^^^^^^^^^^^^^
  File "/Users/htq/miniconda3/envs/freqtrade311/lib/python3.11/site-packages/sqlalchemy/orm/session.py", line 1189, in _connection_for_bind
    conn = bind.connect()
           ^^^^^^^^^^^^^^
  File "/Users/htq/miniconda3/envs/freqtrade311/lib/python3.11/site-packages/sqlalchemy/engine/base.py", line 3277, in connect
    return self._connection_cls(self)
           ^^^^^^^^^^^^^^^^^^^^^^^^^^
  File "/Users/htq/miniconda3/envs/freqtrade311/lib/python3.11/site-packages/sqlalchemy/engine/base.py", line 143, in __init__
    self._dbapi_connection = engine.raw_connection()
                             ^^^^^^^^^^^^^^^^^^^^^^^
  File "/Users/htq/miniconda3/envs/freqtrade311/lib/python3.11/site-packages/sqlalchemy/engine/base.py", line 3301, in raw_connection
    return self.pool.connect()
           ^^^^^^^^^^^^^^^^^^^
  File "/Users/htq/miniconda3/envs/freqtrade311/lib/python3.11/site-packages/sqlalchemy/pool/base.py", line 447, in connect
    return _ConnectionFairy._checkout(self)
           ^^^^^^^^^^^^^^^^^^^^^^^^^^^^^^^^
  File "/Users/htq/miniconda3/envs/freqtrade311/lib/python3.11/site-packages/sqlalchemy/pool/base.py", line 1264, in _checkout
    fairy = _ConnectionRecord.checkout(pool)
            ^^^^^^^^^^^^^^^^^^^^^^^^^^^^^^^^
  File "/Users/htq/miniconda3/envs/freqtrade311/lib/python3.11/site-packages/sqlalchemy/pool/base.py", line 711, in checkout
    rec = pool._do_get()
          ^^^^^^^^^^^^^^
  File "/Users/htq/miniconda3/envs/freqtrade311/lib/python3.11/site-packages/sqlalchemy/pool/impl.py", line 166, in _do_get
    raise exc.TimeoutError(
sqlalchemy.exc.TimeoutError: QueuePool limit of size 5 overflow 10 reached, connection timed out, timeout 30.00 (Background on this error at: https://sqlalche.me/e/20/3o7r)
