optionlist: ['verbosity', 'print_colorized', 'logfile', 'version', 'config', 'datadir', 'user_data_dir']
optionlist: ['strategy', 'strategy_path', 'recursive_strategy_search', 'freqaimodel', 'freqaimodel_path']
optionlist: ['version_main']
optionlist: ['db_url', 'sd_notify', 'dry_run', 'dry_run_wallet', 'fee']
optionlist: ['user_data_dir', 'reset']
optionlist: ['config']
optionlist: ['user_data_dir', 'config', 'show_sensitive']
optionlist: ['user_data_dir', 'strategy', 'strategy_path', 'template']
optionlist: ['pairs', 'pairs_file', 'days', 'new_pairs_days', 'include_inactive', 'no_parallel_download', 'timerange', 'download_trades', 'convert_trades', 'exchange', 'timeframes', 'erase', 'dataformat_ohlcv', 'dataformat_trades', 'trading_mode', 'prepend_data']
optionlist: ['pairs', 'format_from', 'format_to', 'erase', 'exchange', 'timeframes', 'trading_mode', 'candle_types']
optionlist: ['pairs', 'format_from_trades', 'format_to', 'erase', 'exchange']
optionlist: ['pairs', 'timeframes', 'exchange', 'dataformat_ohlcv', 'dataformat_trades', 'trading_mode']
optionlist: ['exchange', 'dataformat_ohlcv', 'dataformat_trades', 'trades', 'pairs', 'trading_mode', 'show_timerange']
optionlist: ['timeframe', 'timerange', 'dataformat_ohlcv', 'max_open_trades', 'stake_amount', 'fee', 'pairs', 'position_stacking', 'enable_protections', 'dry_run_wallet', 'timeframe_detail', 'strategy_list', 'export', 'exportfilename', 'exportdirectory', 'backtest_breakdown', 'backtest_cache', 'freqai_backtest_live_models', 'backtest_notes']
optionlist: ['exportfilename', 'exportdirectory', 'backtest_show_pair_list', 'backtest_breakdown']
optionlist: ['exportfilename', 'exportdirectory', 'analysis_groups', 'enter_reason_list', 'exit_reason_list', 'indicator_list', 'entry_only', 'exit_only', 'timerange', 'analysis_rejected', 'analysis_to_csv', 'analysis_csv_path']
optionlist: ['timeframe', 'timerange', 'dataformat_ohlcv', 'max_open_trades', 'stake_amount', 'fee', 'pairs']
optionlist: ['timeframe', 'timerange', 'dataformat_ohlcv', 'max_open_trades', 'stake_amount', 'fee', 'pairs', 'hyperopt', 'hyperopt_path', 'position_stacking', 'enable_protections', 'dry_run_wallet', 'timeframe_detail', 'epochs', 'spaces', 'print_all', 'print_json', 'hyperopt_jobs', 'hyperopt_random_state', 'hyperopt_min_trades', 'hyperopt_loss', 'disableparamexport', 'hyperopt_ignore_missing_space', 'analyze_per_epoch', 'early_stop']
optionlist: ['hyperopt_list_best', 'hyperopt_list_profitable', 'hyperopt_list_min_trades', 'hyperopt_list_max_trades', 'hyperopt_list_min_avg_time', 'hyperopt_list_max_avg_time', 'hyperopt_list_min_avg_profit', 'hyperopt_list_max_avg_profit', 'hyperopt_list_min_total_profit', 'hyperopt_list_max_total_profit', 'hyperopt_list_min_objective', 'hyperopt_list_max_objective', 'print_json', 'hyperopt_list_no_details', 'hyperoptexportfilename', 'export_csv']
optionlist: ['hyperopt_list_best', 'hyperopt_list_profitable', 'hyperopt_show_index', 'print_json', 'hyperoptexportfilename', 'hyperopt_show_no_header', 'disableparamexport', 'backtest_breakdown']
optionlist: ['print_one_column', 'list_exchanges_all', 'trading_mode', 'dex_exchanges']
optionlist: ['exchange', 'print_list', 'list_pairs_print_json', 'print_one_column', 'print_csv', 'base_currencies', 'quote_currencies', 'list_pairs_all', 'trading_mode']
optionlist: ['exchange', 'print_list', 'list_pairs_print_json', 'print_one_column', 'print_csv', 'base_currencies', 'quote_currencies', 'list_pairs_all', 'trading_mode']
optionlist: ['strategy_path', 'print_one_column', 'recursive_strategy_search']
optionlist: ['hyperopt_path', 'print_one_column']
optionlist: ['freqaimodel_path', 'print_one_column']
optionlist: ['exchange', 'print_one_column']
optionlist: ['db_url', 'trade_ids', 'print_json']
optionlist: ['user_data_dir', 'verbosity', 'config', 'quote_currencies', 'print_one_column', 'list_pairs_print_json', 'exchange']
optionlist: ['db_url', 'db_url_from']
optionlist: ['erase_ui_only', 'ui_prerelease', 'ui_version']
optionlist: ['pairs', 'indicators1', 'indicators2', 'plot_limit', 'db_url', 'trade_source', 'export', 'exportfilename', 'timerange', 'timeframe', 'no_trades']
optionlist: ['pairs', 'timerange', 'export', 'exportfilename', 'db_url', 'trade_source', 'timeframe', 'plot_auto_open']
optionlist: []
optionlist: ['strategy_list', 'strategy_path', 'recursive_strategy_search']
optionlist: ['timeframe', 'timerange', 'dataformat_ohlcv', 'max_open_trades', 'stake_amount', 'fee', 'pairs', 'enable_protections', 'dry_run_wallet', 'timeframe_detail', 'strategy_list', 'export', 'exportfilename', 'exportdirectory', 'freqai_backtest_live_models', 'minimum_trade_amount', 'targeted_trade_amount', 'lookahead_analysis_exportfilename', 'lookahead_allow_limit_orders']
optionlist: ['timeframe', 'timerange', 'dataformat_ohlcv', 'pairs', 'startup_candle']
Id,Symbol,Base,Quote,Active,Spot,Margin,Future,Leverage,Min Stake
1000000BOBUSDT,1000000BOB/USDT:USDT,1000000BOB,USDT,True,,,Future,50.0,5.25
1000000MOGUSDT,1000000MOG/USDT:USDT,1000000MOG,USDT,True,,,Future,75.0,5.25
1000BONKUSDC,1000BONK/USDC:USDC,1000BONK,USDC,True,,,Future,75.0,5.25
1000BONKUSDT,1000BONK/USDT:USDT,1000BONK,USDT,True,,,Future,75.0,5.25
1000CATFDUSD,1000CAT/FDUSD,1000CAT,FDUSD,True,Spot,,,1.0,1.05
1000CATTRY,1000CAT/TRY,1000CAT,TRY,True,Spot,,,1.0,10.5
1000CATUSDC,1000CAT/USDC,1000CAT,USDC,True,Spot,Margin,,1.0,1.05
1000CATUSDT,1000CAT/USDT,1000CAT,USDT,True,Spot,Margin,,1.0,1.05
1000CATUSDT,1000CAT/USDT:USDT,1000CAT,USDT,True,,,Future,75.0,5.25
1000CHEEMSUSDC,1000CHEEMS/USDC,1000CHEEMS,USDC,True,Spot,Margin,,1.0,1.05
1000CHEEMSUSDT,1000CHEEMS/USDT,1000CHEEMS,USDT,True,Spot,Margin,,1.0,1.05
1000CHEEMSUSDT,1000CHEEMS/USDT:USDT,1000CHEEMS,USDT,True,,,Future,75.0,5.25
1000FLOKIUSDT,1000FLOKI/USDT:USDT,1000FLOKI,USDT,True,,,Future,75.0,5.25
1000LUNCUSDT,1000LUNC/USDT:USDT,1000LUNC,USDT,True,,,Future,75.0,5.25
1000PEPEUSDC,1000PEPE/USDC:USDC,1000PEPE,USDC,True,,,Future,50.0,5.25
1000PEPEUSDT,1000PEPE/USDT:USDT,1000PEPE,USDT,True,,,Future,75.0,5.25
1000RATSUSDT,1000RATS/USDT:USDT,1000RATS,USDT,True,,,Future,25.0,5.25
1000SATSFDUSD,1000SATS/FDUSD,1000SATS,FDUSD,True,Spot,Margin,,1.0,1.05
1000SATSTRY,1000SATS/TRY,1000SATS,TRY,True,Spot,,,1.0,10.5
1000SATSUSDC,1000SATS/USDC,1000SATS,USDC,True,Spot,Margin,,1.0,1.05
1000SATSUSDT,1000SATS/USDT,1000SATS,USDT,True,Spot,Margin,,1.0,1.05
1000SATSUSDT,1000SATS/USDT:USDT,1000SATS,USDT,True,,,Future,75.0,5.25
1000SHIBUSDC,1000SHIB/USDC:USDC,1000SHIB,USDC,True,,,Future,50.0,5.25
1000SHIBUSDT,1000SHIB/USDT:USDT,1000SHIB,USDT,True,,,Future,75.0,5.25
1000WHYUSDT,1000WHY/USDT:USDT,1000WHY,USDT,True,,,Future,25.0,5.25
1000XUSDT,1000X/USDT:USDT,1000X,USDT,True,,,Future,50.0,5.25
1000XECUSDT,1000XEC/USDT:USDT,1000XEC,USDT,True,,,Future,75.0,5.25
1INCHBTC,1INCH/BTC,1INCH,BTC,True,Spot,Margin,,1.0,0.000105
1INCHUSDT,1INCH/USDT,1INCH,USDT,True,Spot,Margin,,1.0,5.25
1INCHUSDT,1INCH/USDT:USDT,1INCH,USDT,True,,,Future,75.0,5.25
1MBABYDOGEFDUSD,1MBABYDOGE/FDUSD,1MBABYDOGE,FDUSD,True,Spot,,,1.0,1.05
1MBABYDOGETRY,1MBABYDOGE/TRY,1MBABYDOGE,TRY,True,Spot,,,1.0,10.5
1MBABYDOGEUSDC,1MBABYDOGE/USDC,1MBABYDOGE,USDC,True,Spot,Margin,,1.0,1.05
1MBABYDOGEUSDT,1MBABYDOGE/USDT,1MBABYDOGE,USDT,True,Spot,Margin,,1.0,1.05
1MBABYDOGEUSDT,1MBABYDOGE/USDT:USDT,1MBABYDOGE,USDT,True,,,Future,75.0,5.25
ABTC,A/BTC,A,BTC,True,Spot,,,1.0,0.000105
AETH,A/ETH,A,ETH,True,Spot,,,1.0,0.00105
AFDUSD,A/FDUSD,A,FDUSD,True,Spot,,,1.0,5.25
ATRY,A/TRY,A,TRY,True,Spot,,,1.0,10.5
AUSDC,A/USDC,A,USDC,True,Spot,Margin,,1.0,5.25
AUSDT,A/USDT,A,USDT,True,Spot,Margin,,1.0,5.25
AUSDT,A/USDT:USDT,A,USDT,True,,,Future,75.0,5.25
A2ZUSDC,A2Z/USDC,A2Z,USDC,True,Spot,Margin,,1.0,5.25
A2ZUSDT,A2Z/USDT,A2Z,USDT,True,Spot,Margin,,1.0,5.25
A2ZUSDT,A2Z/USDT:USDT,A2Z,USDT,True,,,Future,75.0,5.25
AAVEBTC,AAVE/BTC,AAVE,BTC,True,Spot,Margin,,1.0,0.000105
AAVEETH,AAVE/ETH,AAVE,ETH,True,Spot,Margin,,1.0,0.00105
AAVEFDUSD,AAVE/FDUSD,AAVE,FDUSD,True,Spot,,,1.0,5.25
AAVETRY,AAVE/TRY,AAVE,TRY,True,Spot,,,1.0,10.5
AAVEUSD_PERP,AAVE/USD:AAVE,AAVE,USD,True,,,,1.0,0.0
AAVEUSDC,AAVE/USDC,AAVE,USDC,True,Spot,Margin,,1.0,5.25
AAVEUSDC,AAVE/USDC:USDC,AAVE,USDC,True,,,Future,75.0,31.1199
AAVEUSDT,AAVE/USDT,AAVE,USDT,True,Spot,Margin,,1.0,5.25
AAVEUSDT,AAVE/USDT:USDT,AAVE,USDT,True,,,Future,75.0,31.0821
ACATRY,ACA/TRY,ACA,TRY,True,Spot,,,1.0,10.5
ACAUSDT,ACA/USDT,ACA,USDT,True,Spot,Margin,,1.0,5.25
ACETRY,ACE/TRY,ACE,TRY,True,Spot,,,1.0,10.5
ACEUSDT,ACE/USDT,ACE,USDT,True,Spot,Margin,,1.0,5.25
ACEUSDT,ACE/USDT:USDT,ACE,USDT,True,,,Future,50.0,5.25
ACHBTC,ACH/BTC,ACH,BTC,True,Spot,,,1.0,0.000105
ACHTRY,ACH/TRY,ACH,TRY,True,Spot,,,1.0,10.5
ACHUSDC,ACH/USDC,ACH,USDC,True,Spot,Margin,,1.0,5.25
ACHUSDT,ACH/USDT,ACH,USDT,True,Spot,Margin,,1.0,5.25
ACHUSDT,ACH/USDT:USDT,ACH,USDT,True,,,Future,75.0,5.25
ACMUSDT,ACM/USDT,ACM,USDT,True,Spot,Margin,,1.0,5.25
ACTFDUSD,ACT/FDUSD,ACT,FDUSD,True,Spot,,,1.0,1.05
ACTTRY,ACT/TRY,ACT,TRY,True,Spot,,,1.0,10.5
ACTUSDC,ACT/USDC,ACT,USDC,True,Spot,Margin,,1.0,1.05
ACTUSDT,ACT/USDT,ACT,USDT,True,Spot,Margin,,1.0,1.05
ACTUSDT,ACT/USDT:USDT,ACT,USDT,True,,,Future,50.0,5.25
ACXTRY,ACX/TRY,ACX,TRY,True,Spot,,,1.0,10.5
ACXUSDC,ACX/USDC,ACX,USDC,True,Spot,Margin,,1.0,5.25
ACXUSDT,ACX/USDT,ACX,USDT,True,Spot,Margin,,1.0,5.25
ACXUSDT,ACX/USDT:USDT,ACX,USDT,True,,,Future,50.0,5.25
ADABNB,ADA/BNB,ADA,BNB,True,Spot,,,1.0,0.0105
ADABRL,ADA/BRL,ADA,BRL,True,Spot,,,1.0,10.5
ADABTC,ADA/BTC,ADA,BTC,True,Spot,Margin,,1.0,0.000105
ADAETH,ADA/ETH,ADA,ETH,True,Spot,Margin,,1.0,0.00105
ADAEUR,ADA/EUR,ADA,EUR,True,Spot,,,1.0,5.25
ADAFDUSD,ADA/FDUSD,ADA,FDUSD,True,Spot,Margin,,1.0,5.25
ADAJPY,ADA/JPY,ADA,JPY,True,Spot,,,1.0,105.0
ADATRY,ADA/TRY,ADA,TRY,True,Spot,,,1.0,10.5
ADAUSD_PERP,ADA/USD:ADA,ADA,USD,True,,,,1.0,0.0
ADAUSD_250926,ADA/USD:ADA-250926,ADA,USD,True,,,,1.0,0.0
ADAUSDC,ADA/USDC,ADA,USDC,True,Spot,Margin,,1.0,5.25
ADAUSDC,ADA/USDC:USDC,ADA,USDC,True,,,Future,25.0,5.25
ADAUSDT,ADA/USDT,ADA,USDT,True,Spot,Margin,,1.0,5.25
ADAUSDT,ADA/USDT:USDT,ADA,USDT,True,,,Future,75.0,5.25
ADXBTC,ADX/BTC,ADX,BTC,True,Spot,,,1.0,0.000105
ADXETH,ADX/ETH,ADX,ETH,True,Spot,,,1.0,0.00105
ADXUSDT,ADX/USDT,ADX,USDT,True,Spot,Margin,,1.0,5.25
AERGOUSDT,AERGO/USDT:USDT,AERGO,USDT,True,,,Future,50.0,5.25
AEROUSDT,AERO/USDT:USDT,AERO,USDT,True,,,Future,75.0,5.25
AEURUSDT,AEUR/USDT,AEUR,USDT,True,Spot,Margin,,1.0,5.25
AEVOBTC,AEVO/BTC,AEVO,BTC,True,Spot,,,1.0,0.000105
AEVOFDUSD,AEVO/FDUSD,AEVO,FDUSD,True,Spot,,,1.0,5.25
AEVOTRY,AEVO/TRY,AEVO,TRY,True,Spot,,,1.0,10.5
AEVOUSDT,AEVO/USDT,AEVO,USDT,True,Spot,Margin,,1.0,5.25
AEVOUSDT,AEVO/USDT:USDT,AEVO,USDT,True,,,Future,50.0,5.25
AGLDBTC,AGLD/BTC,AGLD,BTC,True,Spot,,,1.0,0.000105
AGLDUSDT,AGLD/USDT,AGLD,USDT,True,Spot,Margin,,1.0,5.25
AGLDUSDT,AGLD/USDT:USDT,AGLD,USDT,True,,,Future,50.0,5.25
AGTUSDT,AGT/USDT:USDT,AGT,USDT,True,,,Future,50.0,5.25
AIBNB,AI/BNB,AI,BNB,True,Spot,,,1.0,0.0105
AIBTC,AI/BTC,AI,BTC,True,Spot,,,1.0,0.000105
AIFDUSD,AI/FDUSD,AI,FDUSD,True,Spot,,,1.0,5.25
AITRY,AI/TRY,AI,TRY,True,Spot,,,1.0,10.5
AIUSDT,AI/USDT,AI,USDT,True,Spot,Margin,,1.0,5.25
AIUSDT,AI/USDT:USDT,AI,USDT,True,,,Future,50.0,5.25
AI16ZUSDT,AI16Z/USDT:USDT,AI16Z,USDT,True,,,Future,50.0,5.25
AINUSDT,AIN/USDT:USDT,AIN,USDT,True,,,Future,50.0,5.25
AIOUSDT,AIO/USDT:USDT,AIO,USDT,True,,,Future,50.0,5.25
AIOTUSDT,AIOT/USDT:USDT,AIOT,USDT,True,,,Future,50.0,5.25
AIXBTTRY,AIXBT/TRY,AIXBT,TRY,True,Spot,,,1.0,10.5
AIXBTUSDC,AIXBT/USDC,AIXBT,USDC,True,Spot,Margin,,1.0,5.25
AIXBTUSDT,AIXBT/USDT,AIXBT,USDT,True,Spot,Margin,,1.0,5.25
AIXBTUSDT,AIXBT/USDT:USDT,AIXBT,USDT,True,,,Future,75.0,5.25
AKTUSDT,AKT/USDT:USDT,AKT,USDT,True,,,Future,50.0,5.25
ALCHUSDT,ALCH/USDT:USDT,ALCH,USDT,True,,,Future,50.0,5.25
ALCXUSDT,ALCX/USDT,ALCX,USDT,True,Spot,Margin,,1.0,5.25
ALGOBTC,ALGO/BTC,ALGO,BTC,True,Spot,Margin,,1.0,0.000105
ALGOTRY,ALGO/TRY,ALGO,TRY,True,Spot,,,1.0,10.5
ALGOUSD_PERP,ALGO/USD:ALGO,ALGO,USD,True,,,,1.0,0.0
ALGOUSDC,ALGO/USDC,ALGO,USDC,True,Spot,Margin,,1.0,5.25
ALGOUSDT,ALGO/USDT,ALGO,USDT,True,Spot,Margin,,1.0,5.25
ALGOUSDT,ALGO/USDT:USDT,ALGO,USDT,True,,,Future,75.0,5.25
ALICETRY,ALICE/TRY,ALICE,TRY,True,Spot,,,1.0,10.5
ALICEUSDT,ALICE/USDT,ALICE,USDT,True,Spot,Margin,,1.0,5.25
ALICEUSDT,ALICE/USDT:USDT,ALICE,USDT,True,,,Future,50.0,5.25
ALLUSDT,ALL/USDT:USDT,ALL,USDT,True,,,Future,75.0,11.8965
ALPHAUSDT,ALPHA/USDT:USDT,ALPHA,USDT,True,,,Future,25.0,5.25
ALPINETRY,ALPINE/TRY,ALPINE,TRY,True,Spot,,,1.0,10.5
ALPINEUSDT,ALPINE/USDT,ALPINE,USDT,True,Spot,Margin,,1.0,5.25
ALPINEUSDT,ALPINE/USDT:USDT,ALPINE,USDT,True,,,Future,50.0,5.25
ALTBNB,ALT/BNB,ALT,BNB,True,Spot,,,1.0,0.0105
ALTBTC,ALT/BTC,ALT,BTC,True,Spot,,,1.0,0.000105
ALTFDUSD,ALT/FDUSD,ALT,FDUSD,True,Spot,,,1.0,5.25
ALTTRY,ALT/TRY,ALT,TRY,True,Spot,,,1.0,10.5
ALTUSDC,ALT/USDC,ALT,USDC,True,Spot,Margin,,1.0,5.25
ALTUSDT,ALT/USDT,ALT,USDT,True,Spot,Margin,,1.0,5.25
ALTUSDT,ALT/USDT:USDT,ALT,USDT,True,,,Future,50.0,5.25
AMPTRY,AMP/TRY,AMP,TRY,True,Spot,,,1.0,10.5
AMPUSDT,AMP/USDT,AMP,USDT,True,Spot,Margin,,1.0,5.25
ANIMETRY,ANIME/TRY,ANIME,TRY,True,Spot,,,1.0,10.5
ANIMEUSDC,ANIME/USDC,ANIME,USDC,True,Spot,Margin,,1.0,5.25
ANIMEUSDT,ANIME/USDT,ANIME,USDT,True,Spot,Margin,,1.0,5.25
ANIMEUSDT,ANIME/USDT:USDT,ANIME,USDT,True,,,Future,75.0,5.25
ANKRBTC,ANKR/BTC,ANKR,BTC,True,Spot,Margin,,1.0,0.000105
ANKRTRY,ANKR/TRY,ANKR,TRY,True,Spot,,,1.0,10.5
ANKRUSDT,ANKR/USDT,ANKR,USDT,True,Spot,Margin,,1.0,5.25
ANKRUSDT,ANKR/USDT:USDT,ANKR,USDT,True,,,Future,50.0,5.25
APEBTC,APE/BTC,APE,BTC,True,Spot,Margin,,1.0,0.000105
APEFDUSD,APE/FDUSD,APE,FDUSD,True,Spot,,,1.0,5.25
APETRY,APE/TRY,APE,TRY,True,Spot,,,1.0,10.5
APEUSDC,APE/USDC,APE,USDC,True,Spot,Margin,,1.0,5.25
APEUSDT,APE/USDT,APE,USDT,True,Spot,Margin,,1.0,5.25
APEUSDT,APE/USDT:USDT,APE,USDT,True,,,Future,75.0,5.25
API3BTC,API3/BTC,API3,BTC,True,Spot,,,1.0,0.000105
API3TRY,API3/TRY,API3,TRY,True,Spot,,,1.0,10.5
API3USDC,API3/USDC,API3,USDC,True,Spot,Margin,,1.0,5.25
API3USDT,API3/USDT,API3,USDT,True,Spot,Margin,,1.0,5.25
API3USDT,API3/USDT:USDT,API3,USDT,True,,,Future,75.0,5.25
APTBTC,APT/BTC,APT,BTC,True,Spot,,,1.0,0.000105
APTETH,APT/ETH,APT,ETH,True,Spot,,,1.0,0.00105
APTEUR,APT/EUR,APT,EUR,True,Spot,,,1.0,5.25
APTFDUSD,APT/FDUSD,APT,FDUSD,True,Spot,Margin,,1.0,5.25
APTJPY,APT/JPY,APT,JPY,True,Spot,,,1.0,105.0
APTTRY,APT/TRY,APT,TRY,True,Spot,,,1.0,10.5
APTUSD_PERP,APT/USD:APT,APT,USD,True,,,,1.0,0.0
APTUSDC,APT/USDC,APT,USDC,True,Spot,Margin,,1.0,5.25
APTUSDT,APT/USDT,APT,USDT,True,Spot,Margin,,1.0,5.25
APTUSDT,APT/USDT:USDT,APT,USDT,True,,,Future,75.0,5.25
ARBTC,AR/BTC,AR,BTC,True,Spot,,,1.0,0.000105
ARFDUSD,AR/FDUSD,AR,FDUSD,True,Spot,,,1.0,5.25
ARTRY,AR/TRY,AR,TRY,True,Spot,,,1.0,10.5
ARUSDC,AR/USDC,AR,USDC,True,Spot,Margin,,1.0,5.25
ARUSDT,AR/USDT,AR,USDT,True,Spot,Margin,,1.0,5.25
ARUSDT,AR/USDT:USDT,AR,USDT,True,,,Future,75.0,5.25
ARBBTC,ARB/BTC,ARB,BTC,True,Spot,Margin,,1.0,0.000105
ARBETH,ARB/ETH,ARB,ETH,True,Spot,,,1.0,0.00105
ARBEUR,ARB/EUR,ARB,EUR,True,Spot,,,1.0,5.25
ARBFDUSD,ARB/FDUSD,ARB,FDUSD,True,Spot,Margin,,1.0,5.25
ARBTRY,ARB/TRY,ARB,TRY,True,Spot,,,1.0,10.5
ARBTUSD,ARB/TUSD,ARB,TUSD,True,Spot,,,1.0,5.25
ARBUSDC,ARB/USDC,ARB,USDC,True,Spot,Margin,,1.0,5.25
ARBUSDC,ARB/USDC:USDC,ARB,USDC,True,,,Future,50.0,5.25
ARBUSDT,ARB/USDT,ARB,USDT,True,Spot,Margin,,1.0,5.25
ARBUSDT,ARB/USDT:USDT,ARB,USDT,True,,,Future,75.0,5.25
ARCUSDT,ARC/USDT:USDT,ARC,USDT,True,,,Future,50.0,5.25
ARDRBTC,ARDR/BTC,ARDR,BTC,True,Spot,,,1.0,0.000105
ARDRUSDT,ARDR/USDT,ARDR,USDT,True,Spot,Margin,,1.0,5.25
ARIAUSDT,ARIA/USDT:USDT,ARIA,USDT,True,,,Future,1.0,5.25
ARKTRY,ARK/TRY,ARK,TRY,True,Spot,,,1.0,10.5
ARKUSDT,ARK/USDT,ARK,USDT,True,Spot,Margin,,1.0,5.25
ARKUSDT,ARK/USDT:USDT,ARK,USDT,True,,,Future,25.0,5.25
ARKMBNB,ARKM/BNB,ARKM,BNB,True,Spot,,,1.0,0.0105
ARKMBTC,ARKM/BTC,ARKM,BTC,True,Spot,,,1.0,0.000105
ARKMFDUSD,ARKM/FDUSD,ARKM,FDUSD,True,Spot,Margin,,1.0,5.25
ARKMTRY,ARKM/TRY,ARKM,TRY,True,Spot,,,1.0,10.5
ARKMUSDC,ARKM/USDC,ARKM,USDC,True,Spot,Margin,,1.0,5.25
ARKMUSDT,ARKM/USDT,ARKM,USDT,True,Spot,Margin,,1.0,5.25
ARKMUSDT,ARKM/USDT:USDT,ARKM,USDT,True,,,Future,75.0,5.25
ARPABTC,ARPA/BTC,ARPA,BTC,True,Spot,Margin,,1.0,0.000105
ARPATRY,ARPA/TRY,ARPA,TRY,True,Spot,,,1.0,10.5
ARPAUSDT,ARPA/USDT,ARPA,USDT,True,Spot,Margin,,1.0,5.25
ARPAUSDT,ARPA/USDT:USDT,ARPA,USDT,True,,,Future,50.0,5.25
ASRTRY,ASR/TRY,ASR,TRY,True,Spot,,,1.0,10.5
ASRUSDT,ASR/USDT,ASR,USDT,True,Spot,Margin,,1.0,5.25
ASRUSDT,ASR/USDT:USDT,ASR,USDT,True,,,Future,50.0,5.25
ASTRBTC,ASTR/BTC,ASTR,BTC,True,Spot,,,1.0,0.000105
ASTRUSDT,ASTR/USDT,ASTR,USDT,True,Spot,Margin,,1.0,5.25
ASTRUSDT,ASTR/USDT:USDT,ASTR,USDT,True,,,Future,50.0,5.25
ATABTC,ATA/BTC,ATA,BTC,True,Spot,,,1.0,0.000105
ATAUSDT,ATA/USDT,ATA,USDT,True,Spot,Margin,,1.0,5.25
ATAUSDT,ATA/USDT:USDT,ATA,USDT,True,,,Future,50.0,5.25
ATHUSDT,ATH/USDT:USDT,ATH,USDT,True,,,Future,75.0,5.25
ATMTRY,ATM/TRY,ATM,TRY,True,Spot,,,1.0,10.5
ATMUSDT,ATM/USDT,ATM,USDT,True,Spot,Margin,,1.0,5.25
ATOMBTC,ATOM/BTC,ATOM,BTC,True,Spot,Margin,,1.0,0.000105
ATOMETH,ATOM/ETH,ATOM,ETH,True,Spot,,,1.0,0.00105
ATOMEUR,ATOM/EUR,ATOM,EUR,True,Spot,,,1.0,5.25
ATOMFDUSD,ATOM/FDUSD,ATOM,FDUSD,True,Spot,Margin,,1.0,5.25
ATOMTRY,ATOM/TRY,ATOM,TRY,True,Spot,,,1.0,10.5
ATOMUSD_PERP,ATOM/USD:ATOM,ATOM,USD,True,,,,1.0,0.0
ATOMUSDC,ATOM/USDC,ATOM,USDC,True,Spot,Margin,,1.0,5.25
ATOMUSDT,ATOM/USDT,ATOM,USDT,True,Spot,Margin,,1.0,5.25
ATOMUSDT,ATOM/USDT:USDT,ATOM,USDT,True,,,Future,75.0,5.25
AUCTIONBTC,AUCTION/BTC,AUCTION,BTC,True,Spot,,,1.0,0.000105
AUCTIONFDUSD,AUCTION/FDUSD,AUCTION,FDUSD,True,Spot,,,1.0,5.25
AUCTIONTRY,AUCTION/TRY,AUCTION,TRY,True,Spot,,,1.0,10.5
AUCTIONUSDC,AUCTION/USDC,AUCTION,USDC,True,Spot,Margin,,1.0,5.25
AUCTIONUSDT,AUCTION/USDT,AUCTION,USDT,True,Spot,Margin,,1.0,5.25
AUCTIONUSDT,AUCTION/USDT:USDT,AUCTION,USDT,True,,,Future,75.0,5.25
AUDIOBTC,AUDIO/BTC,AUDIO,BTC,True,Spot,Margin,,1.0,0.000105
AUDIOTRY,AUDIO/TRY,AUDIO,TRY,True,Spot,,,1.0,10.5
AUDIOUSDT,AUDIO/USDT,AUDIO,USDT,True,Spot,Margin,,1.0,5.25
AVABTC,AVA/BTC,AVA,BTC,True,Spot,,,1.0,0.000105
AVAUSDT,AVA/USDT,AVA,USDT,True,Spot,Margin,,1.0,5.25
AVAUSDT,AVA/USDT:USDT,AVA,USDT,True,,,Future,50.0,5.25
AVAAIUSDT,AVAAI/USDT:USDT,AVAAI,USDT,True,,,Future,50.0,5.25
AVAXBNB,AVAX/BNB,AVAX,BNB,True,Spot,,,1.0,0.0105
AVAXBRL,AVAX/BRL,AVAX,BRL,True,Spot,,,1.0,10.5
AVAXBTC,AVAX/BTC,AVAX,BTC,True,Spot,Margin,,1.0,0.000105
AVAXETH,AVAX/ETH,AVAX,ETH,True,Spot,,,1.0,0.00105
AVAXEUR,AVAX/EUR,AVAX,EUR,True,Spot,,,1.0,5.25
AVAXFDUSD,AVAX/FDUSD,AVAX,FDUSD,True,Spot,Margin,,1.0,5.25
AVAXTRY,AVAX/TRY,AVAX,TRY,True,Spot,,,1.0,10.5
AVAXUSD_PERP,AVAX/USD:AVAX,AVAX,USD,True,,,,1.0,0.0
AVAXUSDC,AVAX/USDC,AVAX,USDC,True,Spot,Margin,,1.0,5.25
AVAXUSDC,AVAX/USDC:USDC,AVAX,USDC,True,,,Future,75.0,5.25
AVAXUSDT,AVAX/USDT,AVAX,USDT,True,Spot,Margin,,1.0,5.25
AVAXUSDT,AVAX/USDT:USDT,AVAX,USDT,True,,,Future,75.0,29.80425
AVNTTRY,AVNT/TRY,AVNT,TRY,True,Spot,,,1.0,10.5
AVNTUSDC,AVNT/USDC,AVNT,USDC,True,Spot,Margin,,1.0,5.25
AVNTUSDT,AVNT/USDT,AVNT,USDT,True,Spot,Margin,,1.0,5.25
AVNTUSDT,AVNT/USDT:USDT,AVNT,USDT,True,,,Future,1.0,5.25
AWEBTC,AWE/BTC,AWE,BTC,True,Spot,,,1.0,0.000105
AWEUSDT,AWE/USDT,AWE,USDT,True,Spot,Margin,,1.0,5.25
AWEUSDT,AWE/USDT:USDT,AWE,USDT,True,,,Future,25.0,5.25
AXLBTC,AXL/BTC,AXL,BTC,True,Spot,,,1.0,0.000105
AXLTRY,AXL/TRY,AXL,TRY,True,Spot,,,1.0,10.5
AXLUSDT,AXL/USDT,AXL,USDT,True,Spot,Margin,,1.0,5.25
AXLUSDT,AXL/USDT:USDT,AXL,USDT,True,,,Future,75.0,5.25
AXSBNB,AXS/BNB,AXS,BNB,True,Spot,,,1.0,0.0105
AXSBTC,AXS/BTC,AXS,BTC,True,Spot,Margin,,1.0,0.000105
AXSETH,AXS/ETH,AXS,ETH,True,Spot,,,1.0,0.00105
AXSTRY,AXS/TRY,AXS,TRY,True,Spot,,,1.0,10.5
AXSUSD_PERP,AXS/USD:AXS,AXS,USD,True,,,,1.0,0.0
AXSUSDC,AXS/USDC,AXS,USDC,True,Spot,Margin,,1.0,5.25
AXSUSDT,AXS/USDT,AXS,USDT,True,Spot,Margin,,1.0,5.25
AXSUSDT,AXS/USDT:USDT,AXS,USDT,True,,,Future,75.0,5.25
BUSDT,B/USDT:USDT,B,USDT,True,,,Future,75.0,5.25
B2USDT,B2/USDT:USDT,B2,USDT,True,,,Future,50.0,5.25
B3USDT,B3/USDT:USDT,B3,USDT,True,,,Future,50.0,5.25
BABYTRY,BABY/TRY,BABY,TRY,True,Spot,,,1.0,10.5
BABYUSDC,BABY/USDC,BABY,USDC,True,Spot,Margin,,1.0,5.25
BABYUSDT,BABY/USDT,BABY,USDT,True,Spot,Margin,,1.0,5.25
BABYUSDT,BABY/USDT:USDT,BABY,USDT,True,,,Future,75.0,5.25
BAKEBTC,BAKE/BTC,BAKE,BTC,True,Spot,,,1.0,0.000105
BAKETRY,BAKE/TRY,BAKE,TRY,True,Spot,,,1.0,10.5
BAKEUSDT,BAKE/USDT,BAKE,USDT,True,Spot,,,1.0,5.25
BAKEUSDT,BAKE/USDT:USDT,BAKE,USDT,True,,,Future,40.0,5.25
BANUSDT,BAN/USDT:USDT,BAN,USDT,True,,,Future,50.0,5.25
BANANABNB,BANANA/BNB,BANANA,BNB,True,Spot,,,1.0,0.0105
BANANABTC,BANANA/BTC,BANANA,BTC,True,Spot,,,1.0,0.000105
BANANAFDUSD,BANANA/FDUSD,BANANA,FDUSD,True,Spot,,,1.0,5.25
BANANATRY,BANANA/TRY,BANANA,TRY,True,Spot,,,1.0,10.5
BANANAUSDC,BANANA/USDC,BANANA,USDC,True,Spot,Margin,,1.0,5.25
BANANAUSDT,BANANA/USDT,BANANA,USDT,True,Spot,Margin,,1.0,5.25
BANANAUSDT,BANANA/USDT:USDT,BANANA,USDT,True,,,Future,50.0,5.25
BANANAS31USDC,BANANAS31/USDC,BANANAS31,USDC,True,Spot,Margin,,1.0,1.05
BANANAS31USDT,BANANAS31/USDT,BANANAS31,USDT,True,Spot,Margin,,1.0,1.05
BANANAS31USDT,BANANAS31/USDT:USDT,BANANAS31,USDT,True,,,Future,50.0,5.25
BANDBTC,BAND/BTC,BAND,BTC,True,Spot,,,1.0,0.000105
BANDUSDT,BAND/USDT,BAND,USDT,True,Spot,Margin,,1.0,5.25
BANDUSDT,BAND/USDT:USDT,BAND,USDT,True,,,Future,50.0,5.25
BANKUSDT,BANK/USDT:USDT,BANK,USDT,True,,,Future,50.0,5.25
BARTRY,BAR/TRY,BAR,TRY,True,Spot,,,1.0,10.5
BARUSDT,BAR/USDT,BAR,USDT,True,Spot,Margin,,1.0,5.25
BASUSDT,BAS/USDT:USDT,BAS,USDT,True,,,Future,50.0,5.25
BATBTC,BAT/BTC,BAT,BTC,True,Spot,Margin,,1.0,0.000105
BATUSDT,BAT/USDT,BAT,USDT,True,Spot,Margin,,1.0,5.25
BATUSDT,BAT/USDT:USDT,BAT,USDT,True,,,Future,50.0,5.25
BBBNB,BB/BNB,BB,BNB,True,Spot,,,1.0,0.0105
BBBTC,BB/BTC,BB,BTC,True,Spot,,,1.0,0.000105
BBFDUSD,BB/FDUSD,BB,FDUSD,True,Spot,Margin,,1.0,5.25
BBTRY,BB/TRY,BB,TRY,True,Spot,,,1.0,10.5
BBUSDC,BB/USDC,BB,USDC,True,Spot,Margin,,1.0,5.25
BBUSDT,BB/USDT,BB,USDT,True,Spot,Margin,,1.0,5.25
BBUSDT,BB/USDT:USDT,BB,USDT,True,,,Future,50.0,5.25
BCHBNB,BCH/BNB,BCH,BNB,True,Spot,,,1.0,0.0105
BCHBTC,BCH/BTC,BCH,BTC,True,Spot,Margin,,1.0,0.000105
BCHEUR,BCH/EUR,BCH,EUR,True,Spot,,,1.0,5.25
BCHFDUSD,BCH/FDUSD,BCH,FDUSD,True,Spot,Margin,,1.0,5.25
BCHJPY,BCH/JPY,BCH,JPY,True,Spot,,,1.0,105.0
BCHTRY,BCH/TRY,BCH,TRY,True,Spot,,,1.0,10.5
BCHUSD_PERP,BCH/USD:BCH,BCH,USD,True,,,,1.0,0.0
BCHUSD_250926,BCH/USD:BCH-250926,BCH,USD,True,,,,1.0,0.0
BCHUSDC,BCH/USDC,BCH,USDC,True,Spot,Margin,,1.0,5.25
BCHUSDC,BCH/USDC:USDC,BCH,USDC,True,,,Future,75.0,5.25
BCHUSDT,BCH/USDT,BCH,USDT,True,Spot,Margin,,1.0,5.25
BCHUSDT,BCH/USDT:USDT,BCH,USDT,True,,,Future,75.0,21.0
BDXNUSDT,BDXN/USDT:USDT,BDXN,USDT,True,,,Future,40.0,5.25
BEAMXTRY,BEAMX/TRY,BEAMX,TRY,True,Spot,,,1.0,10.5
BEAMXUSDC,BEAMX/USDC,BEAMX,USDC,True,Spot,Margin,,1.0,5.25
BEAMXUSDT,BEAMX/USDT,BEAMX,USDT,True,Spot,Margin,,1.0,5.25
BEAMXUSDT,BEAMX/USDT:USDT,BEAMX,USDT,True,,,Future,75.0,5.25
BELBTC,BEL/BTC,BEL,BTC,True,Spot,,,1.0,0.000105
BELTRY,BEL/TRY,BEL,TRY,True,Spot,,,1.0,10.5
BELUSDT,BEL/USDT,BEL,USDT,True,Spot,Margin,,1.0,5.25
BELUSDT,BEL/USDT:USDT,BEL,USDT,True,,,Future,50.0,5.25
BERABNB,BERA/BNB,BERA,BNB,True,Spot,,,1.0,0.0105
BERABTC,BERA/BTC,BERA,BTC,True,Spot,,,1.0,0.000105
BERAFDUSD,BERA/FDUSD,BERA,FDUSD,True,Spot,,,1.0,5.25
BERATRY,BERA/TRY,BERA,TRY,True,Spot,,,1.0,10.5
BERAUSDC,BERA/USDC,BERA,USDC,True,Spot,Margin,,1.0,5.25
BERAUSDT,BERA/USDT,BERA,USDT,True,Spot,Margin,,1.0,5.25
BERAUSDT,BERA/USDT:USDT,BERA,USDT,True,,,Future,75.0,5.25
BFUSDUSDC,BFUSD/USDC,BFUSD,USDC,True,Spot,,,1.0,5.25
BFUSDUSDT,BFUSD/USDT,BFUSD,USDT,True,Spot,Margin,,1.0,5.25
BICOBTC,BICO/BTC,BICO,BTC,True,Spot,,,1.0,0.000105
BICOUSDT,BICO/USDT,BICO,USDT,True,Spot,Margin,,1.0,5.25
BICOUSDT,BICO/USDT:USDT,BICO,USDT,True,,,Future,50.0,5.25
BIDUSDT,BID/USDT:USDT,BID,USDT,True,,,Future,50.0,5.25
BIFIUSDT,BIFI/USDT,BIFI,USDT,True,Spot,,,1.0,5.25
BIGTIMEUSDC,BIGTIME/USDC,BIGTIME,USDC,True,Spot,Margin,,1.0,5.25
BIGTIMEUSDT,BIGTIME/USDT,BIGTIME,USDT,True,Spot,Margin,,1.0,5.25
BIGTIMEUSDT,BIGTIME/USDT:USDT,BIGTIME,USDT,True,,,Future,75.0,5.25
BIOBNB,BIO/BNB,BIO,BNB,True,Spot,,,1.0,0.0105
BIOFDUSD,BIO/FDUSD,BIO,FDUSD,True,Spot,,,1.0,5.25
BIOTRY,BIO/TRY,BIO,TRY,True,Spot,,,1.0,10.5
BIOUSDC,BIO/USDC,BIO,USDC,True,Spot,Margin,,1.0,5.25
BIOUSDC,BIO/USDC:USDC,BIO,USDC,True,,,Future,75.0,5.25
BIOUSDT,BIO/USDT,BIO,USDT,True,Spot,Margin,,1.0,5.25
BIOUSDT,BIO/USDT:USDT,BIO,USDT,True,,,Future,75.0,5.25
BLURTRY,BLUR/TRY,BLUR,TRY,True,Spot,,,1.0,10.5
BLURUSDC,BLUR/USDC,BLUR,USDC,True,Spot,Margin,,1.0,5.25
BLURUSDT,BLUR/USDT,BLUR,USDT,True,Spot,Margin,,1.0,5.25
BLURUSDT,BLUR/USDT:USDT,BLUR,USDT,True,,,Future,75.0,5.25
BMTFDUSD,BMT/FDUSD,BMT,FDUSD,True,Spot,,,1.0,5.25
BMTTRY,BMT/TRY,BMT,TRY,True,Spot,,,1.0,10.5
BMTUSDC,BMT/USDC,BMT,USDC,True,Spot,Margin,,1.0,5.25
BMTUSDT,BMT/USDT,BMT,USDT,True,Spot,Margin,,1.0,5.25
BMTUSDT,BMT/USDT:USDT,BMT,USDT,True,,,Future,50.0,5.25
BNBARS,BNB/ARS,BNB,ARS,True,Spot,,,1.0,2100.0
BNBBRL,BNB/BRL,BNB,BRL,True,Spot,,,1.0,10.5
BNBBTC,BNB/BTC,BNB,BTC,True,Spot,Margin,,1.0,0.000105
BNBETH,BNB/ETH,BNB,ETH,True,Spot,Margin,,1.0,0.00105
BNBEUR,BNB/EUR,BNB,EUR,True,Spot,,,1.0,5.25
BNBFDUSD,BNB/FDUSD,BNB,FDUSD,True,Spot,Margin,,1.0,5.25
BNBJPY,BNB/JPY,BNB,JPY,True,Spot,,,1.0,105.0
BNBTRY,BNB/TRY,BNB,TRY,True,Spot,,,1.0,10.5
BNBTUSD,BNB/TUSD,BNB,TUSD,True,Spot,,,1.0,5.25
BNBUSD_PERP,BNB/USD:BNB,BNB,USD,True,,,,1.0,0.0
BNBUSD_250926,BNB/USD:BNB-250926,BNB,USD,True,,,,1.0,0.0
BNBUSD_251226,BNB/USD:BNB-251226,BNB,USD,True,,,,1.0,0.0
BNBUSDC,BNB/USDC,BNB,USDC,True,Spot,Margin,,1.0,5.25
BNBUSDC,BNB/USDC:USDC,BNB,USDC,True,,,Future,75.0,9.60897
BNBUSDT,BNB/USDT,BNB,USDT,True,Spot,Margin,,1.0,5.25
BNBUSDT,BNB/USDT:USDT,BNB,USDT,True,,,Future,75.0,9.60876
BNSOLSOL,BNSOL/SOL,BNSOL,SOL,True,Spot,Margin,,1.0,0.0525
BNSOLUSDT,BNSOL/USDT,BNSOL,USDT,True,Spot,Margin,,1.0,5.25
BNTUSDT,BNT/USDT,BNT,USDT,True,Spot,Margin,,1.0,5.25
BNTUSDT,BNT/USDT:USDT,BNT,USDT,True,,,Future,50.0,5.25
BOMEEUR,BOME/EUR,BOME,EUR,True,Spot,,,1.0,1.05
BOMEFDUSD,BOME/FDUSD,BOME,FDUSD,True,Spot,Margin,,1.0,1.05
BOMETRY,BOME/TRY,BOME,TRY,True,Spot,,,1.0,10.5
BOMEUSDC,BOME/USDC,BOME,USDC,True,Spot,Margin,,1.0,1.05
BOMEUSDC,BOME/USDC:USDC,BOME,USDC,True,,,Future,75.0,5.25
BOMEUSDT,BOME/USDT,BOME,USDT,True,Spot,Margin,,1.0,1.05
BOMEUSDT,BOME/USDT:USDT,BOME,USDT,True,,,Future,75.0,5.25
BONKBRL,BONK/BRL,BONK,BRL,True,Spot,,,1.0,10.5
BONKFDUSD,BONK/FDUSD,BONK,FDUSD,True,Spot,Margin,,1.0,1.05
BONKTRY,BONK/TRY,BONK,TRY,True,Spot,,,1.0,10.5
BONKUSDC,BONK/USDC,BONK,USDC,True,Spot,Margin,,1.0,1.05
BONKUSDT,BONK/USDT,BONK,USDT,True,Spot,Margin,,1.0,1.05
BRUSDT,BR/USDT:USDT,BR,USDT,True,,,Future,40.0,5.25
BRETTUSDT,BRETT/USDT:USDT,BRETT,USDT,True,,,Future,75.0,5.25
BROCCOLI714USDC,BROCCOLI714/USDC,BROCCOLI714,USDC,True,Spot,Margin,,1.0,1.05
BROCCOLI714USDT,BROCCOLI714/USDT,BROCCOLI714,USDT,True,Spot,Margin,,1.0,1.05
BROCCOLI714USDT,BROCCOLI714/USDT:USDT,BROCCOLI714,USDT,True,,,Future,50.0,5.25
BROCCOLIF3BUSDT,BROCCOLIF3B/USDT:USDT,BROCCOLIF3B,USDT,True,,,Future,25.0,5.25
BSVUSDT,BSV/USDT:USDT,BSV,USDT,True,,,Future,50.0,5.25
BTCARS,BTC/ARS,BTC,ARS,True,Spot,,,1.0,2100.0
BTCBRL,BTC/BRL,BTC,BRL,True,Spot,,,1.0,10.5
BTCDAI,BTC/DAI,BTC,DAI,True,Spot,Margin,,1.0,5.25
BTCEUR,BTC/EUR,BTC,EUR,True,Spot,,,1.0,5.25
BTCEURI,BTC/EURI,BTC,EURI,True,Spot,,,1.0,5.25
BTCFDUSD,BTC/FDUSD,BTC,FDUSD,True,Spot,Margin,,1.0,5.25
BTCJPY,BTC/JPY,BTC,JPY,True,Spot,,,1.0,105.0
BTCMXN,BTC/MXN,BTC,MXN,True,Spot,,,1.0,157.5
BTCPLN,BTC/PLN,BTC,PLN,True,Spot,,,1.0,26.25
BTCRON,BTC/RON,BTC,RON,True,Spot,,,1.0,21.0
BTCTRY,BTC/TRY,BTC,TRY,True,Spot,,,1.0,10.5
BTCTUSD,BTC/TUSD,BTC,TUSD,True,Spot,,,1.0,5.25
BTCUAH,BTC/UAH,BTC,UAH,True,Spot,,,1.0,105.0
BTCUSD_PERP,BTC/USD:BTC,BTC,USD,True,,,,1.0,0.0
BTCUSD_250926,BTC/USD:BTC-250926,BTC,USD,True,,,,1.0,0.0
BTCUSD_251226,BTC/USD:BTC-251226,BTC,USD,True,,,,1.0,0.0
BTCUSDC,BTC/USDC,BTC,USDC,True,Spot,Margin,,1.0,5.25
BTCUSDC,BTC/USDC:USDC,BTC,USDC,True,,,Future,125.0,120.432795
BTCUSDT,BTC/USDT,BTC,USDT,True,Spot,Margin,,1.0,5.25
BTCUSDT,BTC/USDT:USDT,BTC,USDT,True,,,Future,150.0,120.36423
BTCUSDT_250926,BTC/USDT:USDT-250926,BTC,USDT,True,,,,50.0,120.624945
BTCUSDT_251226,BTC/USDT:USDT-251226,BTC,USDT,True,,,,50.0,122.999625
BTCZAR,BTC/ZAR,BTC,ZAR,True,Spot,,,1.0,105.0
BTCDOMUSDT,BTCDOM/USDT:USDT,BTCDOM,USDT,True,,,Future,20.0,5.25
BTRUSDT,BTR/USDT:USDT,BTR,USDT,True,,,Future,50.0,5.25
BTTCTRY,BTTC/TRY,BTTC,TRY,True,Spot,,,1.0,10.5
BTTCUSDT,BTTC/USDT,BTTC,USDT,True,Spot,Margin,,1.0,5.25
BULLAUSDT,BULLA/USDT:USDT,BULLA,USDT,True,,,Future,50.0,5.25
CBNB,C/BNB,C,BNB,True,Spot,,,1.0,0.0105
CFDUSD,C/FDUSD,C,FDUSD,True,Spot,,,1.0,5.25
CTRY,C/TRY,C,TRY,True,Spot,,,1.0,10.5
CUSDC,C/USDC,C,USDC,True,Spot,Margin,,1.0,5.25
CUSDT,C/USDT,C,USDT,True,Spot,Margin,,1.0,5.25
CUSDT,C/USDT:USDT,C,USDT,True,,,Future,50.0,5.25
C98USDT,C98/USDT,C98,USDT,True,Spot,Margin,,1.0,5.25
C98USDT,C98/USDT:USDT,C98,USDT,True,,,Future,50.0,5.25
CAKEBNB,CAKE/BNB,CAKE,BNB,True,Spot,,,1.0,0.0105
CAKEBTC,CAKE/BTC,CAKE,BTC,True,Spot,Margin,,1.0,0.000105
CAKETRY,CAKE/TRY,CAKE,TRY,True,Spot,,,1.0,10.5
CAKEUSDC,CAKE/USDC,CAKE,USDC,True,Spot,Margin,,1.0,5.25
CAKEUSDT,CAKE/USDT,CAKE,USDT,True,Spot,Margin,,1.0,5.25
CAKEUSDT,CAKE/USDT:USDT,CAKE,USDT,True,,,Future,75.0,5.25
CARVUSDT,CARV/USDT:USDT,CARV,USDT,True,,,Future,50.0,5.25
CATITRY,CATI/TRY,CATI,TRY,True,Spot,,,1.0,10.5
CATIUSDC,CATI/USDC,CATI,USDC,True,Spot,Margin,,1.0,1.05
CATIUSDT,CATI/USDT,CATI,USDT,True,Spot,Margin,,1.0,1.05
CATIUSDT,CATI/USDT:USDT,CATI,USDT,True,,,Future,50.0,5.25
CELOBTC,CELO/BTC,CELO,BTC,True,Spot,,,1.0,0.000105
CELOTRY,CELO/TRY,CELO,TRY,True,Spot,,,1.0,10.5
CELOUSDT,CELO/USDT,CELO,USDT,True,Spot,Margin,,1.0,5.25
CELOUSDT,CELO/USDT:USDT,CELO,USDT,True,,,Future,75.0,5.25
CELRUSDT,CELR/USDT,CELR,USDT,True,Spot,Margin,,1.0,5.25
CELRUSDT,CELR/USDT:USDT,CELR,USDT,True,,,Future,50.0,5.25
CETUSTRY,CETUS/TRY,CETUS,TRY,True,Spot,,,1.0,10.5
CETUSUSDC,CETUS/USDC,CETUS,USDC,True,Spot,Margin,,1.0,5.25
CETUSUSDT,CETUS/USDT,CETUS,USDT,True,Spot,Margin,,1.0,5.25
CETUSUSDT,CETUS/USDT:USDT,CETUS,USDT,True,,,Future,50.0,5.25
CFXBTC,CFX/BTC,CFX,BTC,True,Spot,Margin,,1.0,0.000105
CFXTRY,CFX/TRY,CFX,TRY,True,Spot,,,1.0,10.5
CFXUSDC,CFX/USDC,CFX,USDC,True,Spot,Margin,,1.0,5.25
CFXUSDT,CFX/USDT,CFX,USDT,True,Spot,Margin,,1.0,5.25
CFXUSDT,CFX/USDT:USDT,CFX,USDT,True,,,Future,75.0,5.25
CGPTUSDC,CGPT/USDC,CGPT,USDC,True,Spot,Margin,,1.0,5.25
CGPTUSDT,CGPT/USDT,CGPT,USDT,True,Spot,Margin,,1.0,5.25
CGPTUSDT,CGPT/USDT:USDT,CGPT,USDT,True,,,Future,50.0,5.25
CHESSUSDC,CHESS/USDC,CHESS,USDC,True,Spot,Margin,,1.0,5.25
CHESSUSDT,CHESS/USDT,CHESS,USDT,True,Spot,Margin,,1.0,5.25
CHESSUSDT,CHESS/USDT:USDT,CHESS,USDT,True,,,Future,50.0,5.25
CHILLGUYUSDT,CHILLGUY/USDT:USDT,CHILLGUY,USDT,True,,,Future,75.0,5.25
CHRBTC,CHR/BTC,CHR,BTC,True,Spot,Margin,,1.0,0.000105
CHRUSDT,CHR/USDT,CHR,USDT,True,Spot,Margin,,1.0,5.25
CHRUSDT,CHR/USDT:USDT,CHR,USDT,True,,,Future,50.0,5.25
CHZBNB,CHZ/BNB,CHZ,BNB,True,Spot,,,1.0,0.0105
CHZBTC,CHZ/BTC,CHZ,BTC,True,Spot,Margin,,1.0,0.000105
CHZTRY,CHZ/TRY,CHZ,TRY,True,Spot,,,1.0,10.5
CHZUSD_PERP,CHZ/USD:CHZ,CHZ,USD,True,,,,1.0,0.0
CHZUSDC,CHZ/USDC,CHZ,USDC,True,Spot,Margin,,1.0,5.25
CHZUSDT,CHZ/USDT,CHZ,USDT,True,Spot,Margin,,1.0,5.25
CHZUSDT,CHZ/USDT:USDT,CHZ,USDT,True,,,Future,75.0,5.25
CITYTRY,CITY/TRY,CITY,TRY,True,Spot,,,1.0,10.5
CITYUSDT,CITY/USDT,CITY,USDT,True,Spot,Margin,,1.0,5.25
CKBTRY,CKB/TRY,CKB,TRY,True,Spot,,,1.0,10.5
CKBUSDC,CKB/USDC,CKB,USDC,True,Spot,Margin,,1.0,5.25
CKBUSDT,CKB/USDT,CKB,USDT,True,Spot,Margin,,1.0,5.25
CKBUSDT,CKB/USDT:USDT,CKB,USDT,True,,,Future,50.0,5.25
COMPBTC,COMP/BTC,COMP,BTC,True,Spot,Margin,,1.0,0.000105
COMPTRY,COMP/TRY,COMP,TRY,True,Spot,,,1.0,10.5
COMPUSDC,COMP/USDC,COMP,USDC,True,Spot,Margin,,1.0,5.25
COMPUSDT,COMP/USDT,COMP,USDT,True,Spot,Margin,,1.0,5.25
COMPUSDT,COMP/USDT:USDT,COMP,USDT,True,,,Future,75.0,5.25
COOKIEUSDC,COOKIE/USDC,COOKIE,USDC,True,Spot,Margin,,1.0,5.25
COOKIEUSDT,COOKIE/USDT,COOKIE,USDT,True,Spot,Margin,,1.0,5.25
COOKIEUSDT,COOKIE/USDT:USDT,COOKIE,USDT,True,,,Future,75.0,5.25
COSTRY,COS/TRY,COS,TRY,True,Spot,,,1.0,10.5
COSUSDT,COS/USDT,COS,USDT,True,Spot,Margin,,1.0,5.25
COSUSDT,COS/USDT:USDT,COS,USDT,True,,,Future,50.0,5.25
COTIBTC,COTI/BTC,COTI,BTC,True,Spot,Margin,,1.0,0.000105
COTITRY,COTI/TRY,COTI,TRY,True,Spot,,,1.0,10.5
COTIUSDT,COTI/USDT,COTI,USDT,True,Spot,Margin,,1.0,5.25
COTIUSDT,COTI/USDT:USDT,COTI,USDT,True,,,Future,50.0,5.25
COWTRY,COW/TRY,COW,TRY,True,Spot,,,1.0,10.5
COWUSDC,COW/USDC,COW,USDC,True,Spot,Margin,,1.0,5.25
COWUSDT,COW/USDT,COW,USDT,True,Spot,Margin,,1.0,5.25
COWUSDT,COW/USDT:USDT,COW,USDT,True,,,Future,75.0,5.25
CROSSUSDT,CROSS/USDT:USDT,CROSS,USDT,True,,,Future,50.0,5.25
CRVBTC,CRV/BTC,CRV,BTC,True,Spot,Margin,,1.0,0.000105
CRVTRY,CRV/TRY,CRV,TRY,True,Spot,,,1.0,10.5
CRVUSDC,CRV/USDC,CRV,USDC,True,Spot,Margin,,1.0,5.25
CRVUSDC,CRV/USDC:USDC,CRV,USDC,True,,,Future,25.0,5.25
CRVUSDT,CRV/USDT,CRV,USDT,True,Spot,Margin,,1.0,5.25
CRVUSDT,CRV/USDT:USDT,CRV,USDT,True,,,Future,75.0,5.25
CTKBNB,CTK/BNB,CTK,BNB,True,Spot,,,1.0,0.0105
CTKBTC,CTK/BTC,CTK,BTC,True,Spot,,,1.0,0.000105
CTKUSDT,CTK/USDT,CTK,USDT,True,Spot,Margin,,1.0,5.25
CTKUSDT,CTK/USDT:USDT,CTK,USDT,True,,,Future,50.0,5.25
CTSIBTC,CTSI/BTC,CTSI,BTC,True,Spot,,,1.0,0.000105
CTSIUSDT,CTSI/USDT,CTSI,USDT,True,Spot,Margin,,1.0,5.25
CTSIUSDT,CTSI/USDT:USDT,CTSI,USDT,True,,,Future,50.0,5.25
CUDISUSDT,CUDIS/USDT:USDT,CUDIS,USDT,True,,,Future,50.0,5.25
CVCUSDC,CVC/USDC,CVC,USDC,True,Spot,Margin,,1.0,5.25
CVCUSDT,CVC/USDT,CVC,USDT,True,Spot,Margin,,1.0,5.25
CVCUSDT,CVC/USDT:USDT,CVC,USDT,True,,,Future,50.0,5.25
CVXUSDC,CVX/USDC,CVX,USDC,True,Spot,Margin,,1.0,5.25
CVXUSDT,CVX/USDT,CVX,USDT,True,Spot,Margin,,1.0,5.25
CVXUSDT,CVX/USDT:USDT,CVX,USDT,True,,,Future,75.0,5.25
CYBERBNB,CYBER/BNB,CYBER,BNB,True,Spot,,,1.0,0.0105
CYBERBTC,CYBER/BTC,CYBER,BTC,True,Spot,,,1.0,0.000105
CYBERETH,CYBER/ETH,CYBER,ETH,True,Spot,,,1.0,0.00105
CYBERFDUSD,CYBER/FDUSD,CYBER,FDUSD,True,Spot,,,1.0,5.25
CYBERTRY,CYBER/TRY,CYBER,TRY,True,Spot,,,1.0,10.5
CYBERUSDC,CYBER/USDC,CYBER,USDC,True,Spot,Margin,,1.0,5.25
CYBERUSDT,CYBER/USDT,CYBER,USDT,True,Spot,Margin,,1.0,5.25
CYBERUSDT,CYBER/USDT:USDT,CYBER,USDT,True,,,Future,50.0,5.25
DTRY,D/TRY,D,TRY,True,Spot,,,1.0,10.5
DUSDT,D/USDT,D,USDT,True,Spot,Margin,,1.0,5.25
DUSDT,D/USDT:USDT,D,USDT,True,,,Future,50.0,5.25
DAIJPY,DAI/JPY,DAI,JPY,True,Spot,,,1.0,105.0
DAMUSDT,DAM/USDT:USDT,DAM,USDT,True,,,Future,50.0,5.25
DASHBTC,DASH/BTC,DASH,BTC,True,Spot,Margin,,1.0,0.000105
DASHETH,DASH/ETH,DASH,ETH,True,Spot,,,1.0,0.00105
DASHUSDT,DASH/USDT,DASH,USDT,True,Spot,Margin,,1.0,5.25
DASHUSDT,DASH/USDT:USDT,DASH,USDT,True,,,Future,75.0,5.25
DATABTC,DATA/BTC,DATA,BTC,True,Spot,,,1.0,0.000105
DATAUSDT,DATA/USDT,DATA,USDT,True,Spot,Margin,,1.0,5.25
DCRUSDT,DCR/USDT,DCR,USDT,True,Spot,Margin,,1.0,5.25
DEEPUSDT,DEEP/USDT:USDT,DEEP,USDT,True,,,Future,50.0,5.25
DEGENUSDT,DEGEN/USDT:USDT,DEGEN,USDT,True,,,Future,50.0,5.25
DEGOUSDT,DEGO/USDT,DEGO,USDT,True,Spot,Margin,,1.0,5.25
DEGOUSDT,DEGO/USDT:USDT,DEGO,USDT,True,,,Future,50.0,5.25
DENTETH,DENT/ETH,DENT,ETH,True,Spot,,,1.0,0.00105
DENTTRY,DENT/TRY,DENT,TRY,True,Spot,,,1.0,10.5
DENTUSDT,DENT/USDT,DENT,USDT,True,Spot,Margin,,1.0,5.25
DENTUSDT,DENT/USDT:USDT,DENT,USDT,True,,,Future,50.0,5.25
DEXEUSDT,DEXE/USDT,DEXE,USDT,True,Spot,Margin,,1.0,5.25
DEXEUSDT,DEXE/USDT:USDT,DEXE,USDT,True,,,Future,50.0,5.25
DFUSDC,DF/USDC,DF,USDC,True,Spot,Margin,,1.0,5.25
DFUSDT,DF/USDT,DF,USDT,True,Spot,Margin,,1.0,5.25
DFUSDT,DF/USDT:USDT,DF,USDT,True,,,Future,50.0,5.25
DGBUSDT,DGB/USDT,DGB,USDT,True,Spot,Margin,,1.0,5.25
DIABTC,DIA/BTC,DIA,BTC,True,Spot,,,1.0,0.000105
DIAUSDT,DIA/USDT,DIA,USDT,True,Spot,Margin,,1.0,5.25
DIAUSDT,DIA/USDT:USDT,DIA,USDT,True,,,Future,50.0,5.25
DMCUSDT,DMC/USDT:USDT,DMC,USDT,True,,,Future,50.0,5.25
DODOBTC,DODO/BTC,DODO,BTC,True,Spot,,,1.0,0.000105
DODOUSDT,DODO/USDT,DODO,USDT,True,Spot,Margin,,1.0,5.25
DODOXUSDT,DODOX/USDT:USDT,DODOX,USDT,True,,,Future,50.0,5.25
DOGEBRL,DOGE/BRL,DOGE,BRL,True,Spot,,,1.0,10.5
DOGEBTC,DOGE/BTC,DOGE,BTC,True,Spot,Margin,,1.0,0.000105
DOGEEUR,DOGE/EUR,DOGE,EUR,True,Spot,,,1.0,1.05
DOGEFDUSD,DOGE/FDUSD,DOGE,FDUSD,True,Spot,Margin,,1.0,1.05
DOGEJPY,DOGE/JPY,DOGE,JPY,True,Spot,,,1.0,105.0
DOGETRY,DOGE/TRY,DOGE,TRY,True,Spot,,,1.0,10.5
DOGETUSD,DOGE/TUSD,DOGE,TUSD,True,Spot,,,1.0,1.05
DOGEUSD_PERP,DOGE/USD:DOGE,DOGE,USD,True,,,,1.0,0.0
DOGEUSDC,DOGE/USDC,DOGE,USDC,True,Spot,Margin,,1.0,1.05
DOGEUSDC,DOGE/USDC:USDC,DOGE,USDC,True,,,Future,75.0,5.25
DOGEUSDT,DOGE/USDT,DOGE,USDT,True,Spot,Margin,,1.0,1.05
DOGEUSDT,DOGE/USDT:USDT,DOGE,USDT,True,,,Future,75.0,5.25
DOGSFDUSD,DOGS/FDUSD,DOGS,FDUSD,True,Spot,,,1.0,1.05
DOGSTRY,DOGS/TRY,DOGS,TRY,True,Spot,,,1.0,10.5
DOGSUSD_PERP,DOGS/USD:DOGS,DOGS,USD,True,,,,1.0,0.0
DOGSUSDC,DOGS/USDC,DOGS,USDC,True,Spot,Margin,,1.0,1.05
DOGSUSDT,DOGS/USDT,DOGS,USDT,True,Spot,Margin,,1.0,1.05
DOGSUSDT,DOGS/USDT:USDT,DOGS,USDT,True,,,Future,75.0,5.25
DOLOBNB,DOLO/BNB,DOLO,BNB,True,Spot,,,1.0,0.0105
DOLOFDUSD,DOLO/FDUSD,DOLO,FDUSD,True,Spot,,,1.0,5.25
DOLOTRY,DOLO/TRY,DOLO,TRY,True,Spot,,,1.0,10.5
DOLOUSDC,DOLO/USDC,DOLO,USDC,True,Spot,Margin,,1.0,5.25
DOLOUSDT,DOLO/USDT,DOLO,USDT,True,Spot,Margin,,1.0,5.25
DOLOUSDT,DOLO/USDT:USDT,DOLO,USDT,True,,,Future,50.0,5.25
DOODUSDT,DOOD/USDT:USDT,DOOD,USDT,True,,,Future,50.0,5.25
DOTBNB,DOT/BNB,DOT,BNB,True,Spot,,,1.0,0.0105
DOTBRL,DOT/BRL,DOT,BRL,True,Spot,,,1.0,10.5
DOTBTC,DOT/BTC,DOT,BTC,True,Spot,Margin,,1.0,0.000105
DOTETH,DOT/ETH,DOT,ETH,True,Spot,,,1.0,0.00105
DOTEUR,DOT/EUR,DOT,EUR,True,Spot,,,1.0,5.25
DOTFDUSD,DOT/FDUSD,DOT,FDUSD,True,Spot,Margin,,1.0,5.25
DOTTRY,DOT/TRY,DOT,TRY,True,Spot,,,1.0,10.5
DOTUSD_PERP,DOT/USD:DOT,DOT,USD,True,,,,1.0,0.0
DOTUSD_250926,DOT/USD:DOT-250926,DOT,USD,True,,,,1.0,0.0
DOTUSDC,DOT/USDC,DOT,USDC,True,Spot,Margin,,1.0,5.25
DOTUSDT,DOT/USDT,DOT,USDT,True,Spot,Margin,,1.0,5.25
DOTUSDT,DOT/USDT:USDT,DOT,USDT,True,,,Future,75.0,5.25
DRIFTUSDT,DRIFT/USDT:USDT,DRIFT,USDT,True,,,Future,50.0,5.25
DUSKBTC,DUSK/BTC,DUSK,BTC,True,Spot,Margin,,1.0,0.000105
DUSKUSDT,DUSK/USDT,DUSK,USDT,True,Spot,Margin,,1.0,5.25
DUSKUSDT,DUSK/USDT:USDT,DUSK,USDT,True,,,Future,50.0,5.25
DYDXBTC,DYDX/BTC,DYDX,BTC,True,Spot,Margin,,1.0,0.000105
DYDXFDUSD,DYDX/FDUSD,DYDX,FDUSD,True,Spot,Margin,,1.0,5.25
DYDXTRY,DYDX/TRY,DYDX,TRY,True,Spot,,,1.0,10.5
DYDXUSDC,DYDX/USDC,DYDX,USDC,True,Spot,Margin,,1.0,5.25
DYDXUSDT,DYDX/USDT,DYDX,USDT,True,Spot,Margin,,1.0,5.25
DYDXUSDT,DYDX/USDT:USDT,DYDX,USDT,True,,,Future,75.0,5.25
DYMTRY,DYM/TRY,DYM,TRY,True,Spot,,,1.0,10.5
DYMUSDT,DYM/USDT,DYM,USDT,True,Spot,Margin,,1.0,5.25
DYMUSDT,DYM/USDT:USDT,DYM,USDT,True,,,Future,50.0,5.25
EDUTRY,EDU/TRY,EDU,TRY,True,Spot,,,1.0,10.5
EDUUSDT,EDU/USDT,EDU,USDT,True,Spot,Margin,,1.0,5.25
EDUUSDT,EDU/USDT:USDT,EDU,USDT,True,,,Future,50.0,5.25
EGLDBNB,EGLD/BNB,EGLD,BNB,True,Spot,,,1.0,0.0105
EGLDBTC,EGLD/BTC,EGLD,BTC,True,Spot,Margin,,1.0,0.000105
EGLDETH,EGLD/ETH,EGLD,ETH,True,Spot,,,1.0,0.00105
EGLDEUR,EGLD/EUR,EGLD,EUR,True,Spot,,,1.0,5.25
EGLDFDUSD,EGLD/FDUSD,EGLD,FDUSD,True,Spot,,,1.0,5.25
EGLDRON,EGLD/RON,EGLD,RON,True,Spot,,,1.0,21.0
EGLDTRY,EGLD/TRY,EGLD,TRY,True,Spot,,,1.0,10.5
EGLDUSD_PERP,EGLD/USD:EGLD,EGLD,USD,True,,,,1.0,0.0
EGLDUSDC,EGLD/USDC,EGLD,USDC,True,Spot,Margin,,1.0,5.25
EGLDUSDT,EGLD/USDT,EGLD,USDT,True,Spot,Margin,,1.0,5.25
EGLDUSDT,EGLD/USDT:USDT,EGLD,USDT,True,,,Future,75.0,5.25
EIGENBTC,EIGEN/BTC,EIGEN,BTC,True,Spot,,,1.0,0.000105
EIGENFDUSD,EIGEN/FDUSD,EIGEN,FDUSD,True,Spot,Margin,,1.0,5.25
EIGENTRY,EIGEN/TRY,EIGEN,TRY,True,Spot,,,1.0,10.5
EIGENUSDC,EIGEN/USDC,EIGEN,USDC,True,Spot,Margin,,1.0,5.25
EIGENUSDT,EIGEN/USDT,EIGEN,USDT,True,Spot,Margin,,1.0,5.25
EIGENUSDT,EIGEN/USDT:USDT,EIGEN,USDT,True,,,Future,75.0,5.25
ENABNB,ENA/BNB,ENA,BNB,True,Spot,,,1.0,0.0105
ENABRL,ENA/BRL,ENA,BRL,True,Spot,,,1.0,10.5
ENABTC,ENA/BTC,ENA,BTC,True,Spot,Margin,,1.0,0.000105
ENAFDUSD,ENA/FDUSD,ENA,FDUSD,True,Spot,Margin,,1.0,5.25
ENATRY,ENA/TRY,ENA,TRY,True,Spot,,,1.0,10.5
ENAUSDC,ENA/USDC,ENA,USDC,True,Spot,Margin,,1.0,5.25
ENAUSDC,ENA/USDC:USDC,ENA,USDC,True,,,Future,50.0,5.25
ENAUSDT,ENA/USDT,ENA,USDT,True,Spot,Margin,,1.0,5.25
ENAUSDT,ENA/USDT:USDT,ENA,USDT,True,,,Future,75.0,5.25
ENJBTC,ENJ/BTC,ENJ,BTC,True,Spot,Margin,,1.0,0.000105
ENJTRY,ENJ/TRY,ENJ,TRY,True,Spot,,,1.0,10.5
ENJUSDC,ENJ/USDC,ENJ,USDC,True,Spot,Margin,,1.0,5.25
ENJUSDT,ENJ/USDT,ENJ,USDT,True,Spot,Margin,,1.0,5.25
ENJUSDT,ENJ/USDT:USDT,ENJ,USDT,True,,,Future,50.0,5.25
ENSBTC,ENS/BTC,ENS,BTC,True,Spot,Margin,,1.0,0.000105
ENSFDUSD,ENS/FDUSD,ENS,FDUSD,True,Spot,,,1.0,5.25
ENSTRY,ENS/TRY,ENS,TRY,True,Spot,,,1.0,10.5
ENSUSD_PERP,ENS/USD:ENS,ENS,USD,True,,,,1.0,0.0
ENSUSDC,ENS/USDC,ENS,USDC,True,Spot,Margin,,1.0,5.25
ENSUSDT,ENS/USDT,ENS,USDT,True,Spot,Margin,,1.0,5.25
ENSUSDT,ENS/USDT:USDT,ENS,USDT,True,,,Future,75.0,5.25
EPICUSDC,EPIC/USDC,EPIC,USDC,True,Spot,Margin,,1.0,5.25
EPICUSDT,EPIC/USDT,EPIC,USDT,True,Spot,Margin,,1.0,5.25
EPICUSDT,EPIC/USDT:USDT,EPIC,USDT,True,,,Future,50.0,5.25
EPTUSDT,EPT/USDT:USDT,EPT,USDT,True,,,Future,50.0,5.25
ERABNB,ERA/BNB,ERA,BNB,True,Spot,,,1.0,0.0105
ERAFDUSD,ERA/FDUSD,ERA,FDUSD,True,Spot,,,1.0,5.25
ERATRY,ERA/TRY,ERA,TRY,True,Spot,,,1.0,10.5
ERAUSDC,ERA/USDC,ERA,USDC,True,Spot,Margin,,1.0,5.25
ERAUSDT,ERA/USDT,ERA,USDT,True,Spot,Margin,,1.0,5.25
ERAUSDT,ERA/USDT:USDT,ERA,USDT,True,,,Future,75.0,5.25
ESPORTSUSDT,ESPORTS/USDT:USDT,ESPORTS,USDT,True,,,Future,50.0,5.25
ETCBNB,ETC/BNB,ETC,BNB,True,Spot,,,1.0,0.0105
ETCBTC,ETC/BTC,ETC,BTC,True,Spot,Margin,,1.0,0.000105
ETCETH,ETC/ETH,ETC,ETH,True,Spot,,,1.0,0.00105
ETCFDUSD,ETC/FDUSD,ETC,FDUSD,True,Spot,Margin,,1.0,5.25
ETCTRY,ETC/TRY,ETC,TRY,True,Spot,,,1.0,10.5
ETCUSD_PERP,ETC/USD:ETC,ETC,USD,True,,,,1.0,0.0
ETCUSDC,ETC/USDC,ETC,USDC,True,Spot,Margin,,1.0,5.25
ETCUSDT,ETC/USDT,ETC,USDT,True,Spot,Margin,,1.0,5.25
ETCUSDT,ETC/USDT:USDT,ETC,USDT,True,,,Future,75.0,21.0
ETHARS,ETH/ARS,ETH,ARS,True,Spot,,,1.0,2100.0
ETHBRL,ETH/BRL,ETH,BRL,True,Spot,,,1.0,10.5
ETHBTC,ETH/BTC,ETH,BTC,True,Spot,Margin,,1.0,0.000105
ETHBTC,ETH/BTC:BTC,ETH,BTC,True,,,Future,20.0,0.00105
ETHDAI,ETH/DAI,ETH,DAI,True,Spot,Margin,,1.0,5.25
ETHEUR,ETH/EUR,ETH,EUR,True,Spot,,,1.0,5.25
ETHEURI,ETH/EURI,ETH,EURI,True,Spot,,,1.0,5.25
ETHFDUSD,ETH/FDUSD,ETH,FDUSD,True,Spot,Margin,,1.0,5.25
ETHJPY,ETH/JPY,ETH,JPY,True,Spot,,,1.0,105.0
ETHMXN,ETH/MXN,ETH,MXN,True,Spot,,,1.0,157.5
ETHPLN,ETH/PLN,ETH,PLN,True,Spot,,,1.0,26.25
ETHTRY,ETH/TRY,ETH,TRY,True,Spot,,,1.0,10.5
ETHTUSD,ETH/TUSD,ETH,TUSD,True,Spot,,,1.0,5.25
ETHUSD_PERP,ETH/USD:ETH,ETH,USD,True,,,,1.0,0.0
ETHUSD_250926,ETH/USD:ETH-250926,ETH,USD,True,,,,1.0,0.0
ETHUSD_251226,ETH/USD:ETH-251226,ETH,USD,True,,,,1.0,0.0
ETHUSDC,ETH/USDC,ETH,USDC,True,Spot,Margin,,1.0,5.25
ETHUSDC,ETH/USDC:USDC,ETH,USDC,True,,,Future,125.0,21.0
ETHUSDT,ETH/USDT,ETH,USDT,True,Spot,Margin,,1.0,5.25
ETHUSDT,ETH/USDT:USDT,ETH,USDT,True,,,Future,150.0,21.0
ETHUSDT_250926,ETH/USDT:USDT-250926,ETH,USDT,True,,,,50.0,5.25
ETHUSDT_251226,ETH/USDT:USDT-251226,ETH,USDT,True,,,,50.0,5.25
ETHZAR,ETH/ZAR,ETH,ZAR,True,Spot,,,1.0,105.0
ETHFIFDUSD,ETHFI/FDUSD,ETHFI,FDUSD,True,Spot,Margin,,1.0,5.25
ETHFITRY,ETHFI/TRY,ETHFI,TRY,True,Spot,,,1.0,10.5
ETHFIUSDC,ETHFI/USDC,ETHFI,USDC,True,Spot,Margin,,1.0,5.25
ETHFIUSDC,ETHFI/USDC:USDC,ETHFI,USDC,True,,,Future,75.0,5.25
ETHFIUSDT,ETHFI/USDT,ETHFI,USDT,True,Spot,Margin,,1.0,5.25
ETHFIUSDT,ETHFI/USDT:USDT,ETHFI,USDT,True,,,Future,75.0,5.25
ETHWUSDT,ETHW/USDT:USDT,ETHW,USDT,True,,,Future,50.0,5.25
EUREURI,EUR/EURI,EUR,EURI,True,Spot,,,1.0,5.25
EURUSDC,EUR/USDC,EUR,USDC,True,Spot,,,1.0,5.25
EURUSDT,EUR/USDT,EUR,USDT,True,Spot,,,1.0,5.25
EURIUSDC,EURI/USDC,EURI,USDC,True,Spot,Margin,,1.0,5.25
EURIUSDT,EURI/USDT,EURI,USDT,True,Spot,Margin,,1.0,5.25
FUSDT,F/USDT:USDT,F,USDT,True,,,Future,50.0,5.25
FARMUSDT,FARM/USDT,FARM,USDT,True,Spot,Margin,,1.0,5.25
FARTCOINUSDT,FARTCOIN/USDT:USDT,FARTCOIN,USDT,True,,,Future,75.0,5.25
FDUSDTRY,FDUSD/TRY,FDUSD,TRY,True,Spot,,,1.0,10.5
FDUSDUSDC,FDUSD/USDC,FDUSD,USDC,True,Spot,Margin,,1.0,5.25
FDUSDUSDT,FDUSD/USDT,FDUSD,USDT,True,Spot,Margin,,1.0,5.25
FETBNB,FET/BNB,FET,BNB,True,Spot,,,1.0,0.0105
FETBTC,FET/BTC,FET,BTC,True,Spot,,,1.0,0.000105
FETFDUSD,FET/FDUSD,FET,FDUSD,True,Spot,,,1.0,5.25
FETTRY,FET/TRY,FET,TRY,True,Spot,,,1.0,10.5
FETUSDC,FET/USDC,FET,USDC,True,Spot,Margin,,1.0,5.25
FETUSDT,FET/USDT,FET,USDT,True,Spot,Margin,,1.0,5.25
FETUSDT,FET/USDT:USDT,FET,USDT,True,,,Future,75.0,5.25
FHEUSDT,FHE/USDT:USDT,FHE,USDT,True,,,Future,50.0,5.25
FIDABTC,FIDA/BTC,FIDA,BTC,True,Spot,,,1.0,0.000105
FIDATRY,FIDA/TRY,FIDA,TRY,True,Spot,,,1.0,10.5
FIDAUSDT,FIDA/USDT,FIDA,USDT,True,Spot,Margin,,1.0,5.25
FIDAUSDT,FIDA/USDT:USDT,FIDA,USDT,True,,,Future,75.0,5.25
FILBTC,FIL/BTC,FIL,BTC,True,Spot,Margin,,1.0,0.000105
FILETH,FIL/ETH,FIL,ETH,True,Spot,,,1.0,0.00105
FILFDUSD,FIL/FDUSD,FIL,FDUSD,True,Spot,Margin,,1.0,5.25
FILTRY,FIL/TRY,FIL,TRY,True,Spot,,,1.0,10.5
FILUSD_PERP,FIL/USD:FIL,FIL,USD,True,,,,1.0,0.0
FILUSDC,FIL/USDC,FIL,USDC,True,Spot,Margin,,1.0,5.25
FILUSDC,FIL/USDC:USDC,FIL,USDC,True,,,Future,75.0,5.25
FILUSDT,FIL/USDT,FIL,USDT,True,Spot,Margin,,1.0,5.25
FILUSDT,FIL/USDT:USDT,FIL,USDT,True,,,Future,75.0,5.25
FIOUSDT,FIO/USDT,FIO,USDT,True,Spot,Margin,,1.0,5.25
FIOUSDT,FIO/USDT:USDT,FIO,USDT,True,,,Future,25.0,5.25
FISBTC,FIS/BTC,FIS,BTC,True,Spot,,,1.0,0.000105
FISUSDT,FIS/USDT,FIS,USDT,True,Spot,Margin,,1.0,5.25
FISUSDT,FIS/USDT:USDT,FIS,USDT,True,,,Future,25.0,5.25
FLMBTC,FLM/BTC,FLM,BTC,True,Spot,,,1.0,0.000105
FLMUSDT,FLM/USDT,FLM,USDT,True,Spot,Margin,,1.0,5.25
FLMUSDT,FLM/USDT:USDT,FLM,USDT,True,,,Future,25.0,5.25
FLOCKUSDT,FLOCK/USDT:USDT,FLOCK,USDT,True,,,Future,1.0,5.25
FLOKIFDUSD,FLOKI/FDUSD,FLOKI,FDUSD,True,Spot,Margin,,1.0,1.05
FLOKITRY,FLOKI/TRY,FLOKI,TRY,True,Spot,,,1.0,10.5
FLOKIUSDC,FLOKI/USDC,FLOKI,USDC,True,Spot,Margin,,1.0,1.05
FLOKIUSDT,FLOKI/USDT,FLOKI,USDT,True,Spot,Margin,,1.0,1.05
FLOWBTC,FLOW/BTC,FLOW,BTC,True,Spot,Margin,,1.0,0.000105
FLOWUSDT,FLOW/USDT,FLOW,USDT,True,Spot,Margin,,1.0,5.25
FLOWUSDT,FLOW/USDT:USDT,FLOW,USDT,True,,,Future,75.0,5.25
FLUXBTC,FLUX/BTC,FLUX,BTC,True,Spot,,,1.0,0.000105
FLUXUSDC,FLUX/USDC,FLUX,USDC,True,Spot,Margin,,1.0,5.25
FLUXUSDT,FLUX/USDT,FLUX,USDT,True,Spot,Margin,,1.0,5.25
FLUXUSDT,FLUX/USDT:USDT,FLUX,USDT,True,,,Future,50.0,5.25
FORMTRY,FORM/TRY,FORM,TRY,True,Spot,,,1.0,5.25
FORMUSDC,FORM/USDC,FORM,USDC,True,Spot,Margin,,1.0,5.25
FORMUSDT,FORM/USDT,FORM,USDT,True,Spot,Margin,,1.0,5.25
FORMUSDT,FORM/USDT:USDT,FORM,USDT,True,,,Future,50.0,5.25
FORTHBTC,FORTH/BTC,FORTH,BTC,True,Spot,,,1.0,0.000105
FORTHUSDT,FORTH/USDT,FORTH,USDT,True,Spot,Margin,,1.0,5.25
FORTHUSDT,FORTH/USDT:USDT,FORTH,USDT,True,,,Future,50.0,5.25
FTTUSDT,FTT/USDT,FTT,USDT,True,Spot,Margin,,1.0,5.25
FUNUSDC,FUN/USDC,FUN,USDC,True,Spot,Margin,,1.0,5.25
FUNUSDT,FUN/USDT,FUN,USDT,True,Spot,Margin,,1.0,5.25
FUNUSDT,FUN/USDT:USDT,FUN,USDT,True,,,Future,25.0,5.25
FXSUSDT,FXS/USDT,FXS,USDT,True,Spot,Margin,,1.0,5.25
FXSUSDT,FXS/USDT:USDT,FXS,USDT,True,,,Future,75.0,5.25
GTRY,G/TRY,G,TRY,True,Spot,,,1.0,10.5
GUSDT,G/USDT,G,USDT,True,Spot,Margin,,1.0,5.25
GUSDT,G/USDT:USDT,G,USDT,True,,,Future,50.0,5.25
GALABRL,GALA/BRL,GALA,BRL,True,Spot,,,1.0,10.5
GALABTC,GALA/BTC,GALA,BTC,True,Spot,Margin,,1.0,0.000105
GALAETH,GALA/ETH,GALA,ETH,True,Spot,,,1.0,0.00105
GALAEUR,GALA/EUR,GALA,EUR,True,Spot,,,1.0,5.25
GALAFDUSD,GALA/FDUSD,GALA,FDUSD,True,Spot,Margin,,1.0,5.25
GALATRY,GALA/TRY,GALA,TRY,True,Spot,,,1.0,10.5
GALAUSDC,GALA/USDC,GALA,USDC,True,Spot,Margin,,1.0,5.25
GALAUSDT,GALA/USDT,GALA,USDT,True,Spot,Margin,,1.0,5.25
GALAUSDT,GALA/USDT:USDT,GALA,USDT,True,,,Future,75.0,5.25
GASBTC,GAS/BTC,GAS,BTC,True,Spot,,,1.0,0.000105
GASTRY,GAS/TRY,GAS,TRY,True,Spot,,,1.0,10.5
GASUSDT,GAS/USDT,GAS,USDT,True,Spot,Margin,,1.0,5.25
GASUSDT,GAS/USDT:USDT,GAS,USDT,True,,,Future,75.0,5.25
GHSTUSDT,GHST/USDT,GHST,USDT,True,Spot,Margin,,1.0,5.25
GHSTUSDT,GHST/USDT:USDT,GHST,USDT,True,,,Future,50.0,5.25
GLMBTC,GLM/BTC,GLM,BTC,True,Spot,Margin,,1.0,0.000105
GLMUSDT,GLM/USDT,GLM,USDT,True,Spot,Margin,,1.0,5.25
GLMUSDT,GLM/USDT:USDT,GLM,USDT,True,,,Future,50.0,5.25
GLMRBTC,GLMR/BTC,GLMR,BTC,True,Spot,,,1.0,0.000105
GLMRUSDT,GLMR/USDT,GLMR,USDT,True,Spot,Margin,,1.0,5.25
GMTBTC,GMT/BTC,GMT,BTC,True,Spot,,,1.0,0.000105
GMTEUR,GMT/EUR,GMT,EUR,True,Spot,,,1.0,5.25
GMTTRY,GMT/TRY,GMT,TRY,True,Spot,,,1.0,10.5
GMTUSD_PERP,GMT/USD:GMT,GMT,USD,True,,,,1.0,0.0
GMTUSDC,GMT/USDC,GMT,USDC,True,Spot,Margin,,1.0,5.25
GMTUSDT,GMT/USDT,GMT,USDT,True,Spot,Margin,,1.0,5.25
GMTUSDT,GMT/USDT:USDT,GMT,USDT,True,,,Future,75.0,5.25
GMXUSDC,GMX/USDC,GMX,USDC,True,Spot,Margin,,1.0,5.25
GMXUSDT,GMX/USDT,GMX,USDT,True,Spot,Margin,,1.0,5.25
GMXUSDT,GMX/USDT:USDT,GMX,USDT,True,,,Future,50.0,5.25
GNOUSDT,GNO/USDT,GNO,USDT,True,Spot,Margin,,1.0,5.25
GNSUSDT,GNS/USDT,GNS,USDT,True,Spot,Margin,,1.0,5.25
GOATUSDT,GOAT/USDT:USDT,GOAT,USDT,True,,,Future,75.0,5.25
GPSBNB,GPS/BNB,GPS,BNB,True,Spot,,,1.0,0.0105
GPSTRY,GPS/TRY,GPS,TRY,True,Spot,,,1.0,10.5
GPSUSDC,GPS/USDC,GPS,USDC,True,Spot,Margin,,1.0,5.25
GPSUSDT,GPS/USDT,GPS,USDT,True,Spot,Margin,,1.0,5.25
GPSUSDT,GPS/USDT:USDT,GPS,USDT,True,,,Future,25.0,5.25
GRASSUSDT,GRASS/USDT:USDT,GRASS,USDT,True,,,Future,75.0,5.25
GRIFFAINUSDT,GRIFFAIN/USDT:USDT,GRIFFAIN,USDT,True,,,Future,50.0,5.25
GRTBTC,GRT/BTC,GRT,BTC,True,Spot,Margin,,1.0,0.000105
GRTETH,GRT/ETH,GRT,ETH,True,Spot,Margin,,1.0,0.00105
GRTEUR,GRT/EUR,GRT,EUR,True,Spot,,,1.0,5.25
GRTFDUSD,GRT/FDUSD,GRT,FDUSD,True,Spot,,,1.0,5.25
GRTTRY,GRT/TRY,GRT,TRY,True,Spot,,,1.0,10.5
GRTUSDC,GRT/USDC,GRT,USDC,True,Spot,Margin,,1.0,5.25
GRTUSDT,GRT/USDT,GRT,USDT,True,Spot,Margin,,1.0,5.25
GRTUSDT,GRT/USDT:USDT,GRT,USDT,True,,,Future,75.0,5.25
GTCUSDT,GTC/USDT,GTC,USDT,True,Spot,Margin,,1.0,5.25
GTCUSDT,GTC/USDT:USDT,GTC,USDT,True,,,Future,50.0,5.25
GUNBNB,GUN/BNB,GUN,BNB,True,Spot,,,1.0,0.0105
GUNFDUSD,GUN/FDUSD,GUN,FDUSD,True,Spot,,,1.0,5.25
GUNTRY,GUN/TRY,GUN,TRY,True,Spot,,,1.0,10.5
GUNUSDC,GUN/USDC,GUN,USDC,True,Spot,Margin,,1.0,5.25
GUNUSDT,GUN/USDT,GUN,USDT,True,Spot,Margin,,1.0,5.25
GUNUSDT,GUN/USDT:USDT,GUN,USDT,True,,,Future,50.0,5.25
HUSDT,H/USDT:USDT,H,USDT,True,,,Future,50.0,5.25
HAEDALBNB,HAEDAL/BNB,HAEDAL,BNB,True,Spot,,,1.0,0.0105
HAEDALFDUSD,HAEDAL/FDUSD,HAEDAL,FDUSD,True,Spot,,,1.0,5.25
HAEDALTRY,HAEDAL/TRY,HAEDAL,TRY,True,Spot,,,1.0,10.5
HAEDALUSDC,HAEDAL/USDC,HAEDAL,USDC,True,Spot,Margin,,1.0,5.25
HAEDALUSDT,HAEDAL/USDT,HAEDAL,USDT,True,Spot,Margin,,1.0,5.25
HAEDALUSDT,HAEDAL/USDT:USDT,HAEDAL,USDT,True,,,Future,50.0,5.25
HBARBNB,HBAR/BNB,HBAR,BNB,True,Spot,,,1.0,0.0105
HBARBTC,HBAR/BTC,HBAR,BTC,True,Spot,Margin,,1.0,0.000105
HBARFDUSD,HBAR/FDUSD,HBAR,FDUSD,True,Spot,,,1.0,5.25
HBARTRY,HBAR/TRY,HBAR,TRY,True,Spot,,,1.0,10.5
HBARUSDC,HBAR/USDC,HBAR,USDC,True,Spot,Margin,,1.0,5.25
HBARUSDC,HBAR/USDC:USDC,HBAR,USDC,True,,,Future,25.0,5.25
HBARUSDT,HBAR/USDT,HBAR,USDT,True,Spot,Margin,,1.0,5.25
HBARUSDT,HBAR/USDT:USDT,HBAR,USDT,True,,,Future,75.0,5.25
HEIBTC,HEI/BTC,HEI,BTC,True,Spot,,,1.0,0.000105
HEIUSDC,HEI/USDC,HEI,USDC,True,Spot,Margin,,1.0,5.25
HEIUSDT,HEI/USDT,HEI,USDT,True,Spot,Margin,,1.0,5.25
HEIUSDT,HEI/USDT:USDT,HEI,USDT,True,,,Future,50.0,5.25
HEMIUSDT,HEMI/USDT:USDT,HEMI,USDT,True,,,Future,1.0,5.25
HFTBTC,HFT/BTC,HFT,BTC,True,Spot,,,1.0,0.000105
HFTUSDT,HFT/USDT,HFT,USDT,True,Spot,Margin,,1.0,5.25
HFTUSDT,HFT/USDT:USDT,HFT,USDT,True,,,Future,50.0,5.25
HIFIUSDT,HIFI/USDT,HIFI,USDT,True,Spot,,,1.0,5.25
HIFIUSDT,HIFI/USDT:USDT,HIFI,USDT,True,,,Future,25.0,5.25
HIGHTRY,HIGH/TRY,HIGH,TRY,True,Spot,,,1.0,10.5
HIGHUSDT,HIGH/USDT,HIGH,USDT,True,Spot,Margin,,1.0,5.25
HIGHUSDT,HIGH/USDT:USDT,HIGH,USDT,True,,,Future,50.0,5.25
HIPPOUSDT,HIPPO/USDT:USDT,HIPPO,USDT,True,,,Future,50.0,5.25
HIVEBTC,HIVE/BTC,HIVE,BTC,True,Spot,Margin,,1.0,0.000105
HIVETRY,HIVE/TRY,HIVE,TRY,True,Spot,,,1.0,10.5
HIVEUSDC,HIVE/USDC,HIVE,USDC,True,Spot,Margin,,1.0,5.25
HIVEUSDT,HIVE/USDT,HIVE,USDT,True,Spot,Margin,,1.0,5.25
HIVEUSDT,HIVE/USDT:USDT,HIVE,USDT,True,,,Future,50.0,5.25
HMSTRFDUSD,HMSTR/FDUSD,HMSTR,FDUSD,True,Spot,Margin,,1.0,5.25
HMSTRTRY,HMSTR/TRY,HMSTR,TRY,True,Spot,,,1.0,10.5
HMSTRUSDC,HMSTR/USDC,HMSTR,USDC,True,Spot,Margin,,1.0,5.25
HMSTRUSDT,HMSTR/USDT,HMSTR,USDT,True,Spot,Margin,,1.0,5.25
HMSTRUSDT,HMSTR/USDT:USDT,HMSTR,USDT,True,,,Future,50.0,5.25
HOLOBNB,HOLO/BNB,HOLO,BNB,True,Spot,,,1.0,0.0105
HOLOFDUSD,HOLO/FDUSD,HOLO,FDUSD,True,Spot,,,1.0,5.25
HOLOTRY,HOLO/TRY,HOLO,TRY,True,Spot,,,1.0,10.5
HOLOUSDC,HOLO/USDC,HOLO,USDC,True,Spot,Margin,,1.0,5.25
HOLOUSDT,HOLO/USDT,HOLO,USDT,True,Spot,Margin,,1.0,5.25
HOLOUSDT,HOLO/USDT:USDT,HOLO,USDT,True,,,Future,1.0,5.25
HOMEBNB,HOME/BNB,HOME,BNB,True,Spot,,,1.0,0.0105
HOMEFDUSD,HOME/FDUSD,HOME,FDUSD,True,Spot,,,1.0,5.25
HOMETRY,HOME/TRY,HOME,TRY,True,Spot,,,1.0,10.5
HOMEUSDC,HOME/USDC,HOME,USDC,True,Spot,Margin,,1.0,5.25
HOMEUSDT,HOME/USDT,HOME,USDT,True,Spot,Margin,,1.0,5.25
HOMEUSDT,HOME/USDT:USDT,HOME,USDT,True,,,Future,75.0,5.25
HOOKUSDT,HOOK/USDT,HOOK,USDT,True,Spot,Margin,,1.0,5.25
HOOKUSDT,HOOK/USDT:USDT,HOOK,USDT,True,,,Future,50.0,5.25
HOTETH,HOT/ETH,HOT,ETH,True,Spot,,,1.0,0.00105
HOTTRY,HOT/TRY,HOT,TRY,True,Spot,,,1.0,10.5
HOTUSDT,HOT/USDT,HOT,USDT,True,Spot,Margin,,1.0,5.25
HOTUSDT,HOT/USDT:USDT,HOT,USDT,True,,,Future,50.0,5.25
HUMABNB,HUMA/BNB,HUMA,BNB,True,Spot,,,1.0,0.0105
HUMAFDUSD,HUMA/FDUSD,HUMA,FDUSD,True,Spot,,,1.0,5.25
HUMATRY,HUMA/TRY,HUMA,TRY,True,Spot,,,1.0,10.5
HUMAUSDC,HUMA/USDC,HUMA,USDC,True,Spot,Margin,,1.0,5.25
HUMAUSDT,HUMA/USDT,HUMA,USDT,True,Spot,Margin,,1.0,5.25
HUMAUSDT,HUMA/USDT:USDT,HUMA,USDT,True,,,Future,75.0,5.25
HYPEUSDT,HYPE/USDT:USDT,HYPE,USDT,True,,,Future,75.0,5.25
HYPERBNB,HYPER/BNB,HYPER,BNB,True,Spot,,,1.0,0.0105
HYPERTRY,HYPER/TRY,HYPER,TRY,True,Spot,,,1.0,10.5
HYPERUSDC,HYPER/USDC,HYPER,USDC,True,Spot,Margin,,1.0,5.25
HYPERUSDT,HYPER/USDT,HYPER,USDT,True,Spot,Margin,,1.0,5.25
HYPERUSDT,HYPER/USDT:USDT,HYPER,USDT,True,,,Future,75.0,5.25
ICNTUSDT,ICNT/USDT:USDT,ICNT,USDT,True,,,Future,50.0,5.25
ICPBTC,ICP/BTC,ICP,BTC,True,Spot,Margin,,1.0,0.000105
ICPETH,ICP/ETH,ICP,ETH,True,Spot,,,1.0,0.00105
ICPEUR,ICP/EUR,ICP,EUR,True,Spot,,,1.0,5.25
ICPFDUSD,ICP/FDUSD,ICP,FDUSD,True,Spot,,,1.0,5.25
ICPTRY,ICP/TRY,ICP,TRY,True,Spot,,,1.0,10.5
ICPUSDC,ICP/USDC,ICP,USDC,True,Spot,Margin,,1.0,5.25
ICPUSDT,ICP/USDT,ICP,USDT,True,Spot,Margin,,1.0,5.25
ICPUSDT,ICP/USDT:USDT,ICP,USDT,True,,,Future,75.0,5.25
ICXBTC,ICX/BTC,ICX,BTC,True,Spot,Margin,,1.0,0.000105
ICXUSDT,ICX/USDT,ICX,USDT,True,Spot,Margin,,1.0,5.25
ICXUSDT,ICX/USDT:USDT,ICX,USDT,True,,,Future,50.0,5.25
IDBTC,ID/BTC,ID,BTC,True,Spot,Margin,,1.0,0.000105
IDTRY,ID/TRY,ID,TRY,True,Spot,,,1.0,10.5
IDUSDT,ID/USDT,ID,USDT,True,Spot,Margin,,1.0,5.25
IDUSDT,ID/USDT:USDT,ID,USDT,True,,,Future,50.0,5.25
IDEXUSDC,IDEX/USDC,IDEX,USDC,True,Spot,,,1.0,5.25
IDEXUSDT,IDEX/USDT,IDEX,USDT,True,Spot,Margin,,1.0,5.25
IDOLUSDT,IDOL/USDT:USDT,IDOL,USDT,True,,,Future,50.0,5.25
ILVBTC,ILV/BTC,ILV,BTC,True,Spot,,,1.0,0.000105
ILVUSDC,ILV/USDC,ILV,USDC,True,Spot,Margin,,1.0,5.25
ILVUSDT,ILV/USDT,ILV,USDT,True,Spot,Margin,,1.0,5.25
ILVUSDT,ILV/USDT:USDT,ILV,USDT,True,,,Future,50.0,5.25
IMXBTC,IMX/BTC,IMX,BTC,True,Spot,,,1.0,0.000105
IMXUSDT,IMX/USDT,IMX,USDT,True,Spot,Margin,,1.0,5.25
IMXUSDT,IMX/USDT:USDT,IMX,USDT,True,,,Future,75.0,5.25
INUSDT,IN/USDT:USDT,IN,USDT,True,,,Future,50.0,5.25
INITBNB,INIT/BNB,INIT,BNB,True,Spot,,,1.0,0.0105
INITFDUSD,INIT/FDUSD,INIT,FDUSD,True,Spot,,,1.0,5.25
INITTRY,INIT/TRY,INIT,TRY,True,Spot,,,1.0,10.5
INITUSDC,INIT/USDC,INIT,USDC,True,Spot,Margin,,1.0,5.25
INITUSDT,INIT/USDT,INIT,USDT,True,Spot,Margin,,1.0,5.25
INITUSDT,INIT/USDT:USDT,INIT,USDT,True,,,Future,75.0,5.25
INJBNB,INJ/BNB,INJ,BNB,True,Spot,,,1.0,0.0105
INJBTC,INJ/BTC,INJ,BTC,True,Spot,Margin,,1.0,0.000105
INJETH,INJ/ETH,INJ,ETH,True,Spot,,,1.0,0.00105
INJFDUSD,INJ/FDUSD,INJ,FDUSD,True,Spot,Margin,,1.0,5.25
INJTRY,INJ/TRY,INJ,TRY,True,Spot,,,1.0,10.5
INJUSDC,INJ/USDC,INJ,USDC,True,Spot,Margin,,1.0,5.25
INJUSDT,INJ/USDT,INJ,USDT,True,Spot,Margin,,1.0,5.25
INJUSDT,INJ/USDT:USDT,INJ,USDT,True,,,Future,75.0,5.25
IOBNB,IO/BNB,IO,BNB,True,Spot,,,1.0,0.0105
IOBTC,IO/BTC,IO,BTC,True,Spot,,,1.0,0.000105
IOFDUSD,IO/FDUSD,IO,FDUSD,True,Spot,Margin,,1.0,5.25
IOTRY,IO/TRY,IO,TRY,True,Spot,,,1.0,10.5
IOUSDC,IO/USDC,IO,USDC,True,Spot,Margin,,1.0,5.25
IOUSDT,IO/USDT,IO,USDT,True,Spot,Margin,,1.0,5.25
IOUSDT,IO/USDT:USDT,IO,USDT,True,,,Future,75.0,5.25
IOSTUSDT,IOST/USDT,IOST,USDT,True,Spot,Margin,,1.0,5.25
IOSTUSDT,IOST/USDT:USDT,IOST,USDT,True,,,Future,50.0,5.25
IOTABTC,IOTA/BTC,IOTA,BTC,True,Spot,Margin,,1.0,0.000105
IOTAETH,IOTA/ETH,IOTA,ETH,True,Spot,,,1.0,0.00105
IOTATRY,IOTA/TRY,IOTA,TRY,True,Spot,,,1.0,10.5
IOTAUSDC,IOTA/USDC,IOTA,USDC,True,Spot,Margin,,1.0,5.25
IOTAUSDT,IOTA/USDT,IOTA,USDT,True,Spot,Margin,,1.0,5.25
IOTAUSDT,IOTA/USDT:USDT,IOTA,USDT,True,,,Future,75.0,5.25
IOTXBTC,IOTX/BTC,IOTX,BTC,True,Spot,Margin,,1.0,0.000105
IOTXETH,IOTX/ETH,IOTX,ETH,True,Spot,Margin,,1.0,0.00105
IOTXJPY,IOTX/JPY,IOTX,JPY,True,Spot,,,1.0,105.0
IOTXUSDT,IOTX/USDT,IOTX,USDT,True,Spot,Margin,,1.0,5.25
IOTXUSDT,IOTX/USDT:USDT,IOTX,USDT,True,,,Future,50.0,5.25
IPUSDC,IP/USDC:USDC,IP,USDC,True,,,Future,75.0,5.25
IPUSDT,IP/USDT:USDT,IP,USDT,True,,,Future,75.0,5.25
IQUSDT,IQ/USDT,IQ,USDT,True,Spot,Margin,,1.0,5.25
JASMYTRY,JASMY/TRY,JASMY,TRY,True,Spot,,,1.0,10.5
JASMYUSDT,JASMY/USDT,JASMY,USDT,True,Spot,Margin,,1.0,5.25
JASMYUSDT,JASMY/USDT:USDT,JASMY,USDT,True,,,Future,50.0,5.25
JELLYJELLYUSDT,JELLYJELLY/USDT:USDT,JELLYJELLY,USDT,True,,,Future,25.0,5.25
JOEBTC,JOE/BTC,JOE,BTC,True,Spot,Margin,,1.0,0.000105
JOEUSDT,JOE/USDT,JOE,USDT,True,Spot,Margin,,1.0,5.25
JOEUSDT,JOE/USDT:USDT,JOE,USDT,True,,,Future,50.0,5.25
JSTBTC,JST/BTC,JST,BTC,True,Spot,,,1.0,0.000105
JSTUSDT,JST/USDT,JST,USDT,True,Spot,Margin,,1.0,5.25
JSTUSDT,JST/USDT:USDT,JST,USDT,True,,,Future,50.0,5.25
JTOFDUSD,JTO/FDUSD,JTO,FDUSD,True,Spot,,,1.0,5.25
JTOTRY,JTO/TRY,JTO,TRY,True,Spot,,,1.0,10.5
JTOUSDC,JTO/USDC,JTO,USDC,True,Spot,Margin,,1.0,5.25
JTOUSDT,JTO/USDT,JTO,USDT,True,Spot,Margin,,1.0,5.25
JTOUSDT,JTO/USDT:USDT,JTO,USDT,True,,,Future,75.0,5.25
JUPFDUSD,JUP/FDUSD,JUP,FDUSD,True,Spot,,,1.0,5.25
JUPTRY,JUP/TRY,JUP,TRY,True,Spot,,,1.0,10.5
JUPUSDC,JUP/USDC,JUP,USDC,True,Spot,Margin,,1.0,5.25
JUPUSDT,JUP/USDT,JUP,USDT,True,Spot,Margin,,1.0,5.25
JUPUSDT,JUP/USDT:USDT,JUP,USDT,True,,,Future,75.0,5.25
JUVTRY,JUV/TRY,JUV,TRY,True,Spot,,,1.0,10.5
JUVUSDC,JUV/USDC,JUV,USDC,True,Spot,,,1.0,5.25
JUVUSDT,JUV/USDT,JUV,USDT,True,Spot,Margin,,1.0,5.25
KAIAUSDC,KAIA/USDC,KAIA,USDC,True,Spot,Margin,,1.0,5.25
KAIAUSDT,KAIA/USDT,KAIA,USDT,True,Spot,Margin,,1.0,5.25
KAIAUSDT,KAIA/USDT:USDT,KAIA,USDT,True,,,Future,75.0,5.25
KAITOBTC,KAITO/BTC,KAITO,BTC,True,Spot,,,1.0,0.000105
KAITOFDUSD,KAITO/FDUSD,KAITO,FDUSD,True,Spot,Margin,,1.0,5.25
KAITOTRY,KAITO/TRY,KAITO,TRY,True,Spot,,,1.0,10.5
KAITOUSDC,KAITO/USDC,KAITO,USDC,True,Spot,Margin,,1.0,5.25
KAITOUSDC,KAITO/USDC:USDC,KAITO,USDC,True,,,Future,75.0,5.25
KAITOUSDT,KAITO/USDT,KAITO,USDT,True,Spot,Margin,,1.0,5.25
KAITOUSDT,KAITO/USDT:USDT,KAITO,USDT,True,,,Future,75.0,5.25
KASUSDT,KAS/USDT:USDT,KAS,USDT,True,,,Future,75.0,5.25
KAVABTC,KAVA/BTC,KAVA,BTC,True,Spot,Margin,,1.0,0.000105
KAVAUSDT,KAVA/USDT,KAVA,USDT,True,Spot,Margin,,1.0,5.25
KAVAUSDT,KAVA/USDT:USDT,KAVA,USDT,True,,,Future,75.0,5.25
KDABTC,KDA/BTC,KDA,BTC,True,Spot,,,1.0,0.000105
KDAUSDT,KDA/USDT,KDA,USDT,True,Spot,Margin,,1.0,5.25
KDAUSDT,KDA/USDT:USDT,KDA,USDT,True,,,Future,50.0,5.25
KERNELBNB,KERNEL/BNB,KERNEL,BNB,True,Spot,,,1.0,0.0105
KERNELFDUSD,KERNEL/FDUSD,KERNEL,FDUSD,True,Spot,,,1.0,5.25
KERNELTRY,KERNEL/TRY,KERNEL,TRY,True,Spot,,,1.0,10.5
KERNELUSDC,KERNEL/USDC,KERNEL,USDC,True,Spot,Margin,,1.0,5.25
KERNELUSDT,KERNEL/USDT,KERNEL,USDT,True,Spot,Margin,,1.0,5.25
KERNELUSDT,KERNEL/USDT:USDT,KERNEL,USDT,True,,,Future,50.0,5.25
KMNOUSDC,KMNO/USDC,KMNO,USDC,True,Spot,Margin,,1.0,5.25
KMNOUSDT,KMNO/USDT,KMNO,USDT,True,Spot,Margin,,1.0,5.25
KMNOUSDT,KMNO/USDT:USDT,KMNO,USDT,True,,,Future,50.0,5.25
KNCBTC,KNC/BTC,KNC,BTC,True,Spot,Margin,,1.0,0.000105
KNCUSDT,KNC/USDT,KNC,USDT,True,Spot,Margin,,1.0,5.25
KNCUSDT,KNC/USDT:USDT,KNC,USDT,True,,,Future,50.0,5.25
KOMAUSDT,KOMA/USDT:USDT,KOMA,USDT,True,,,Future,25.0,5.25
KSMBTC,KSM/BTC,KSM,BTC,True,Spot,Margin,,1.0,0.000105
KSMTRY,KSM/TRY,KSM,TRY,True,Spot,,,1.0,10.5
KSMUSDT,KSM/USDT,KSM,USDT,True,Spot,Margin,,1.0,5.25
KSMUSDT,KSM/USDT:USDT,KSM,USDT,True,,,Future,50.0,5.25
LABNB,LA/BNB,LA,BNB,True,Spot,,,1.0,0.0105
LAFDUSD,LA/FDUSD,LA,FDUSD,True,Spot,,,1.0,5.25
LATRY,LA/TRY,LA,TRY,True,Spot,,,1.0,10.5
LAUSDC,LA/USDC,LA,USDC,True,Spot,Margin,,1.0,5.25
LAUSDT,LA/USDT,LA,USDT,True,Spot,Margin,,1.0,5.25
LAUSDT,LA/USDT:USDT,LA,USDT,True,,,Future,75.0,5.25
LAYERBNB,LAYER/BNB,LAYER,BNB,True,Spot,,,1.0,0.0105
LAYERBTC,LAYER/BTC,LAYER,BTC,True,Spot,,,1.0,0.000105
LAYERFDUSD,LAYER/FDUSD,LAYER,FDUSD,True,Spot,,,1.0,5.25
LAYERTRY,LAYER/TRY,LAYER,TRY,True,Spot,,,1.0,10.5
LAYERUSDC,LAYER/USDC,LAYER,USDC,True,Spot,Margin,,1.0,5.25
LAYERUSDT,LAYER/USDT,LAYER,USDT,True,Spot,Margin,,1.0,5.25
LAYERUSDT,LAYER/USDT:USDT,LAYER,USDT,True,,,Future,75.0,5.25
LAZIOTRY,LAZIO/TRY,LAZIO,TRY,True,Spot,,,1.0,10.5
LAZIOUSDT,LAZIO/USDT,LAZIO,USDT,True,Spot,Margin,,1.0,5.25
LDOBTC,LDO/BTC,LDO,BTC,True,Spot,,,1.0,0.000105
LDOFDUSD,LDO/FDUSD,LDO,FDUSD,True,Spot,Margin,,1.0,5.25
LDOTRY,LDO/TRY,LDO,TRY,True,Spot,,,1.0,10.5
LDOUSDC,LDO/USDC,LDO,USDC,True,Spot,Margin,,1.0,5.25
LDOUSDT,LDO/USDT,LDO,USDT,True,Spot,Margin,,1.0,5.25
LDOUSDT,LDO/USDT:USDT,LDO,USDT,True,,,Future,75.0,5.25
LINEABNB,LINEA/BNB,LINEA,BNB,True,Spot,,,1.0,0.0105
LINEAFDUSD,LINEA/FDUSD,LINEA,FDUSD,True,Spot,,,1.0,5.25
LINEATRY,LINEA/TRY,LINEA,TRY,True,Spot,,,1.0,10.5
LINEAUSDC,LINEA/USDC,LINEA,USDC,True,Spot,Margin,,1.0,5.25
LINEAUSDT,LINEA/USDT,LINEA,USDT,True,Spot,Margin,,1.0,5.25
LINEAUSDT,LINEA/USDT:USDT,LINEA,USDT,True,,,Future,1.0,5.25
LINKBNB,LINK/BNB,LINK,BNB,True,Spot,,,1.0,0.0105
LINKBRL,LINK/BRL,LINK,BRL,True,Spot,,,1.0,10.5
LINKBTC,LINK/BTC,LINK,BTC,True,Spot,Margin,,1.0,0.000105
LINKETH,LINK/ETH,LINK,ETH,True,Spot,Margin,,1.0,0.00105
LINKEUR,LINK/EUR,LINK,EUR,True,Spot,,,1.0,5.25
LINKFDUSD,LINK/FDUSD,LINK,FDUSD,True,Spot,Margin,,1.0,5.25
LINKJPY,LINK/JPY,LINK,JPY,True,Spot,,,1.0,105.0
LINKTRY,LINK/TRY,LINK,TRY,True,Spot,,,1.0,10.5
LINKUSD_PERP,LINK/USD:LINK,LINK,USD,True,,,,1.0,0.0
LINKUSD_250926,LINK/USD:LINK-250926,LINK,USD,True,,,,1.0,0.0
LINKUSDC,LINK/USDC,LINK,USDC,True,Spot,Margin,,1.0,5.25
LINKUSDC,LINK/USDC:USDC,LINK,USDC,True,,,Future,75.0,5.25
LINKUSDT,LINK/USDT,LINK,USDT,True,Spot,Margin,,1.0,5.25
LINKUSDT,LINK/USDT:USDT,LINK,USDT,True,,,Future,75.0,21.0
LISTABNB,LISTA/BNB,LISTA,BNB,True,Spot,,,1.0,0.0105
LISTAFDUSD,LISTA/FDUSD,LISTA,FDUSD,True,Spot,,,1.0,5.25
LISTATRY,LISTA/TRY,LISTA,TRY,True,Spot,,,1.0,10.5
LISTAUSDC,LISTA/USDC,LISTA,USDC,True,Spot,Margin,,1.0,5.25
LISTAUSDT,LISTA/USDT,LISTA,USDT,True,Spot,Margin,,1.0,5.25
LISTAUSDT,LISTA/USDT:USDT,LISTA,USDT,True,,,Future,50.0,5.25
LPTBNB,LPT/BNB,LPT,BNB,True,Spot,,,1.0,0.0105
LPTBTC,LPT/BTC,LPT,BTC,True,Spot,Margin,,1.0,0.000105
LPTJPY,LPT/JPY,LPT,JPY,True,Spot,,,1.0,105.0
LPTTRY,LPT/TRY,LPT,TRY,True,Spot,,,1.0,10.5
LPTUSDC,LPT/USDC,LPT,USDC,True,Spot,Margin,,1.0,5.25
LPTUSDT,LPT/USDT,LPT,USDT,True,Spot,Margin,,1.0,5.25
LPTUSDT,LPT/USDT:USDT,LPT,USDT,True,,,Future,75.0,5.25
LQTYUSDT,LQTY/USDT,LQTY,USDT,True,Spot,Margin,,1.0,5.25
LQTYUSDT,LQTY/USDT:USDT,LQTY,USDT,True,,,Future,50.0,5.25
LRCBTC,LRC/BTC,LRC,BTC,True,Spot,Margin,,1.0,0.000105
LRCETH,LRC/ETH,LRC,ETH,True,Spot,,,1.0,0.00105
LRCTRY,LRC/TRY,LRC,TRY,True,Spot,,,1.0,10.5
LRCUSDT,LRC/USDT,LRC,USDT,True,Spot,Margin,,1.0,5.25
LRCUSDT,LRC/USDT:USDT,LRC,USDT,True,,,Future,50.0,5.25
LSKBTC,LSK/BTC,LSK,BTC,True,Spot,,,1.0,0.000105
LSKUSDT,LSK/USDT,LSK,USDT,True,Spot,Margin,,1.0,5.25
LSKUSDT,LSK/USDT:USDT,LSK,USDT,True,,,Future,50.0,5.25
LTCBNB,LTC/BNB,LTC,BNB,True,Spot,,,1.0,0.0105
LTCBRL,LTC/BRL,LTC,BRL,True,Spot,,,1.0,10.5
LTCBTC,LTC/BTC,LTC,BTC,True,Spot,Margin,,1.0,0.000105
LTCETH,LTC/ETH,LTC,ETH,True,Spot,Margin,,1.0,0.00105
LTCEUR,LTC/EUR,LTC,EUR,True,Spot,,,1.0,5.25
LTCFDUSD,LTC/FDUSD,LTC,FDUSD,True,Spot,Margin,,1.0,5.25
LTCJPY,LTC/JPY,LTC,JPY,True,Spot,,,1.0,105.0
LTCTRY,LTC/TRY,LTC,TRY,True,Spot,,,1.0,10.5
LTCUSD_PERP,LTC/USD:LTC,LTC,USD,True,,,,1.0,0.0
LTCUSD_250926,LTC/USD:LTC-250926,LTC,USD,True,,,,1.0,0.0
LTCUSDC,LTC/USDC,LTC,USDC,True,Spot,Margin,,1.0,5.25
LTCUSDC,LTC/USDC:USDC,LTC,USDC,True,,,Future,75.0,5.25
LTCUSDT,LTC/USDT,LTC,USDT,True,Spot,Margin,,1.0,5.25
LTCUSDT,LTC/USDT:USDT,LTC,USDT,True,,,Future,75.0,21.0
LUMIATRY,LUMIA/TRY,LUMIA,TRY,True,Spot,,,1.0,10.5
LUMIAUSDT,LUMIA/USDT,LUMIA,USDT,True,Spot,Margin,,1.0,5.25
LUMIAUSDT,LUMIA/USDT:USDT,LUMIA,USDT,True,,,Future,50.0,5.25
LUNATRY,LUNA/TRY,LUNA,TRY,True,Spot,,,1.0,10.5
LUNAUSDT,LUNA/USDT,LUNA,USDT,True,Spot,Margin,,1.0,5.25
LUNA2USDT,LUNA2/USDT:USDT,LUNA2,USDT,True,,,Future,50.0,5.25
LUNCTRY,LUNC/TRY,LUNC,TRY,True,Spot,,,1.0,10.5
LUNCUSDT,LUNC/USDT,LUNC,USDT,True,Spot,Margin,,1.0,5.25
MUSDT,M/USDT:USDT,M,USDT,True,,,Future,50.0,5.25
MAGICBTC,MAGIC/BTC,MAGIC,BTC,True,Spot,,,1.0,0.000105
MAGICTRY,MAGIC/TRY,MAGIC,TRY,True,Spot,,,1.0,10.5
MAGICUSDC,MAGIC/USDC,MAGIC,USDC,True,Spot,Margin,,1.0,5.25
MAGICUSDT,MAGIC/USDT,MAGIC,USDT,True,Spot,Margin,,1.0,5.25
MAGICUSDT,MAGIC/USDT:USDT,MAGIC,USDT,True,,,Future,75.0,5.25
MANABTC,MANA/BTC,MANA,BTC,True,Spot,Margin,,1.0,0.000105
MANAETH,MANA/ETH,MANA,ETH,True,Spot,,,1.0,0.00105
MANATRY,MANA/TRY,MANA,TRY,True,Spot,,,1.0,10.5
MANAUSD_PERP,MANA/USD:MANA,MANA,USD,True,,,,1.0,0.0
MANAUSDT,MANA/USDT,MANA,USDT,True,Spot,Margin,,1.0,5.25
MANAUSDT,MANA/USDT:USDT,MANA,USDT,True,,,Future,75.0,5.25
MANTABTC,MANTA/BTC,MANTA,BTC,True,Spot,,,1.0,0.000105
MANTAFDUSD,MANTA/FDUSD,MANTA,FDUSD,True,Spot,,,1.0,5.25
MANTATRY,MANTA/TRY,MANTA,TRY,True,Spot,,,1.0,10.5
MANTAUSDC,MANTA/USDC,MANTA,USDC,True,Spot,Margin,,1.0,5.25
MANTAUSDT,MANTA/USDT,MANTA,USDT,True,Spot,Margin,,1.0,5.25
MANTAUSDT,MANTA/USDT:USDT,MANTA,USDT,True,,,Future,50.0,5.25
MASKTRY,MASK/TRY,MASK,TRY,True,Spot,,,1.0,10.5
MASKUSDC,MASK/USDC,MASK,USDC,True,Spot,Margin,,1.0,5.25
MASKUSDT,MASK/USDT,MASK,USDT,True,Spot,Margin,,1.0,5.25
MASKUSDT,MASK/USDT:USDT,MASK,USDT,True,,,Future,50.0,5.25
MAVBTC,MAV/BTC,MAV,BTC,True,Spot,,,1.0,0.000105
MAVTRY,MAV/TRY,MAV,TRY,True,Spot,,,1.0,10.5
MAVUSDC,MAV/USDC,MAV,USDC,True,Spot,Margin,,1.0,5.25
MAVUSDT,MAV/USDT,MAV,USDT,True,Spot,Margin,,1.0,5.25
MAVUSDT,MAV/USDT:USDT,MAV,USDT,True,,,Future,50.0,5.25
MAVIAUSDT,MAVIA/USDT:USDT,MAVIA,USDT,True,,,Future,50.0,5.25
MBLUSDT,MBL/USDT,MBL,USDT,True,Spot,Margin,,1.0,5.25
MBOXTRY,MBOX/TRY,MBOX,TRY,True,Spot,,,1.0,10.5
MBOXUSDT,MBOX/USDT,MBOX,USDT,True,Spot,Margin,,1.0,5.25
MBOXUSDT,MBOX/USDT:USDT,MBOX,USDT,True,,,Future,50.0,5.25
MDTUSDT,MDT/USDT,MDT,USDT,True,Spot,Margin,,1.0,5.25
MEBTC,ME/BTC,ME,BTC,True,Spot,,,1.0,0.000105
MEFDUSD,ME/FDUSD,ME,FDUSD,True,Spot,,,1.0,5.25
METRY,ME/TRY,ME,TRY,True,Spot,,,1.0,10.5
MEUSDT,ME/USDT,ME,USDT,True,Spot,Margin,,1.0,5.25
MEUSDT,ME/USDT:USDT,ME,USDT,True,,,Future,50.0,5.25
MELANIAUSDT,MELANIA/USDT:USDT,MELANIA,USDT,True,,,Future,75.0,5.25
MEMEFDUSD,MEME/FDUSD,MEME,FDUSD,True,Spot,Margin,,1.0,1.05
MEMETRY,MEME/TRY,MEME,TRY,True,Spot,,,1.0,10.5
MEMEUSDC,MEME/USDC,MEME,USDC,True,Spot,Margin,,1.0,1.05
MEMEUSDT,MEME/USDT,MEME,USDT,True,Spot,Margin,,1.0,1.05
MEMEUSDT,MEME/USDT:USDT,MEME,USDT,True,,,Future,75.0,5.25
MERLUSDT,MERL/USDT:USDT,MERL,USDT,True,,,Future,50.0,5.25
METISTRY,METIS/TRY,METIS,TRY,True,Spot,,,1.0,10.5
METISUSDT,METIS/USDT,METIS,USDT,True,Spot,Margin,,1.0,5.25
METISUSDT,METIS/USDT:USDT,METIS,USDT,True,,,Future,50.0,5.25
MEWUSDT,MEW/USDT:USDT,MEW,USDT,True,,,Future,50.0,5.25
MILKUSDT,MILK/USDT:USDT,MILK,USDT,True,,,Future,50.0,5.25
MINABTC,MINA/BTC,MINA,BTC,True,Spot,Margin,,1.0,0.000105
MINATRY,MINA/TRY,MINA,TRY,True,Spot,,,1.0,10.5
MINAUSDT,MINA/USDT,MINA,USDT,True,Spot,Margin,,1.0,5.25
MINAUSDT,MINA/USDT:USDT,MINA,USDT,True,,,Future,75.0,5.25
MITOBNB,MITO/BNB,MITO,BNB,True,Spot,,,1.0,0.0105
MITOFDUSD,MITO/FDUSD,MITO,FDUSD,True,Spot,,,1.0,5.25
MITOTRY,MITO/TRY,MITO,TRY,True,Spot,,,1.0,10.5
MITOUSDC,MITO/USDC,MITO,USDC,True,Spot,Margin,,1.0,5.25
MITOUSDT,MITO/USDT,MITO,USDT,True,Spot,Margin,,1.0,5.25
MITOUSDT,MITO/USDT:USDT,MITO,USDT,True,,,Future,1.0,5.25
MLNUSDT,MLN/USDT,MLN,USDT,True,Spot,Margin,,1.0,5.25
MLNUSDT,MLN/USDT:USDT,MLN,USDT,True,,,Future,50.0,5.25
MOCAUSDT,MOCA/USDT:USDT,MOCA,USDT,True,,,Future,75.0,5.25
MOODENGUSDT,MOODENG/USDT:USDT,MOODENG,USDT,True,,,Future,75.0,5.25
MORPHOUSDT,MORPHO/USDT:USDT,MORPHO,USDT,True,,,Future,75.0,5.25
MOVEBNB,MOVE/BNB,MOVE,BNB,True,Spot,,,1.0,0.0105
MOVEBTC,MOVE/BTC,MOVE,BTC,True,Spot,,,1.0,0.000105
MOVETRY,MOVE/TRY,MOVE,TRY,True,Spot,,,1.0,10.5
MOVEUSDC,MOVE/USDC,MOVE,USDC,True,Spot,Margin,,1.0,5.25
MOVEUSDT,MOVE/USDT,MOVE,USDT,True,Spot,Margin,,1.0,5.25
MOVEUSDT,MOVE/USDT:USDT,MOVE,USDT,True,,,Future,75.0,5.25
MOVRBTC,MOVR/BTC,MOVR,BTC,True,Spot,,,1.0,0.000105
MOVRTRY,MOVR/TRY,MOVR,TRY,True,Spot,,,1.0,10.5
MOVRUSDT,MOVR/USDT,MOVR,USDT,True,Spot,Margin,,1.0,5.25
MOVRUSDT,MOVR/USDT:USDT,MOVR,USDT,True,,,Future,50.0,5.25
MTLBTC,MTL/BTC,MTL,BTC,True,Spot,Margin,,1.0,0.000105
MTLUSDT,MTL/USDT,MTL,USDT,True,Spot,Margin,,1.0,5.25
MTLUSDT,MTL/USDT:USDT,MTL,USDT,True,,,Future,50.0,5.25
MUBARAKTRY,MUBARAK/TRY,MUBARAK,TRY,True,Spot,,,1.0,10.5
MUBARAKUSDC,MUBARAK/USDC,MUBARAK,USDC,True,Spot,Margin,,1.0,1.05
MUBARAKUSDT,MUBARAK/USDT,MUBARAK,USDT,True,Spot,Margin,,1.0,1.05
MUBARAKUSDT,MUBARAK/USDT:USDT,MUBARAK,USDT,True,,,Future,50.0,5.25
MYROUSDT,MYRO/USDT:USDT,MYRO,USDT,True,,,Future,50.0,5.25
MYXUSDT,MYX/USDT:USDT,MYX,USDT,True,,,Future,50.0,11.06385
NAORISUSDT,NAORIS/USDT:USDT,NAORIS,USDT,True,,,Future,50.0,5.25
NEARBNB,NEAR/BNB,NEAR,BNB,True,Spot,,,1.0,0.0105
NEARBRL,NEAR/BRL,NEAR,BRL,True,Spot,,,1.0,10.5
NEARBTC,NEAR/BTC,NEAR,BTC,True,Spot,Margin,,1.0,0.000105
NEARETH,NEAR/ETH,NEAR,ETH,True,Spot,,,1.0,0.00105
NEAREUR,NEAR/EUR,NEAR,EUR,True,Spot,,,1.0,5.25
NEARFDUSD,NEAR/FDUSD,NEAR,FDUSD,True,Spot,Margin,,1.0,5.25
NEARJPY,NEAR/JPY,NEAR,JPY,True,Spot,,,1.0,105.0
NEARTRY,NEAR/TRY,NEAR,TRY,True,Spot,,,1.0,10.5
NEARUSD_PERP,NEAR/USD:NEAR,NEAR,USD,True,,,,1.0,0.0
NEARUSDC,NEAR/USDC,NEAR,USDC,True,Spot,Margin,,1.0,5.25
NEARUSDC,NEAR/USDC:USDC,NEAR,USDC,True,,,Future,50.0,5.25
NEARUSDT,NEAR/USDT,NEAR,USDT,True,Spot,Margin,,1.0,5.25
NEARUSDT,NEAR/USDT:USDT,NEAR,USDT,True,,,Future,75.0,5.25
NEIROFDUSD,NEIRO/FDUSD,NEIRO,FDUSD,True,Spot,Margin,,1.0,1.05
NEIROJPY,NEIRO/JPY,NEIRO,JPY,True,Spot,,,1.0,105.0
NEIROTRY,NEIRO/TRY,NEIRO,TRY,True,Spot,,,1.0,10.5
NEIROUSDC,NEIRO/USDC,NEIRO,USDC,True,Spot,Margin,,1.0,1.05
NEIROUSDT,NEIRO/USDT,NEIRO,USDT,True,Spot,Margin,,1.0,1.05
NEIROUSDT,NEIRO/USDT:USDT,NEIRO,USDT,True,,,Future,75.0,5.25
NEIROETHUSDT,NEIROETH/USDT:USDT,NEIROETH,USDT,True,,,Future,50.0,5.25
NEOBTC,NEO/BTC,NEO,BTC,True,Spot,Margin,,1.0,0.000105
NEOTRY,NEO/TRY,NEO,TRY,True,Spot,,,1.0,10.5
NEOUSDC,NEO/USDC,NEO,USDC,True,Spot,Margin,,1.0,5.25
NEOUSDC,NEO/USDC:USDC,NEO,USDC,True,,,Future,75.0,5.25
NEOUSDT,NEO/USDT,NEO,USDT,True,Spot,Margin,,1.0,5.25
NEOUSDT,NEO/USDT:USDT,NEO,USDT,True,,,Future,75.0,5.25
NEWTBNB,NEWT/BNB,NEWT,BNB,True,Spot,,,1.0,0.0105
NEWTFDUSD,NEWT/FDUSD,NEWT,FDUSD,True,Spot,,,1.0,5.25
NEWTTRY,NEWT/TRY,NEWT,TRY,True,Spot,,,1.0,10.5
NEWTUSDC,NEWT/USDC,NEWT,USDC,True,Spot,Margin,,1.0,5.25
NEWTUSDT,NEWT/USDT,NEWT,USDT,True,Spot,Margin,,1.0,5.25
NEWTUSDT,NEWT/USDT:USDT,NEWT,USDT,True,,,Future,75.0,5.25
NEXOBTC,NEXO/BTC,NEXO,BTC,True,Spot,,,1.0,0.000105
NEXOUSDT,NEXO/USDT,NEXO,USDT,True,Spot,Margin,,1.0,5.25
NFPBTC,NFP/BTC,NFP,BTC,True,Spot,,,1.0,0.000105
NFPFDUSD,NFP/FDUSD,NFP,FDUSD,True,Spot,,,1.0,5.25
NFPTRY,NFP/TRY,NFP,TRY,True,Spot,,,1.0,10.5
NFPUSDT,NFP/USDT,NFP,USDT,True,Spot,Margin,,1.0,5.25
NFPUSDT,NFP/USDT:USDT,NFP,USDT,True,,,Future,50.0,5.25
NILBNB,NIL/BNB,NIL,BNB,True,Spot,,,1.0,0.0105
NILTRY,NIL/TRY,NIL,TRY,True,Spot,,,1.0,10.5
NILUSDC,NIL/USDC,NIL,USDC,True,Spot,Margin,,1.0,5.25
NILUSDT,NIL/USDT,NIL,USDT,True,Spot,Margin,,1.0,5.25
NILUSDT,NIL/USDT:USDT,NIL,USDT,True,,,Future,50.0,5.25
NKNUSDT,NKN/USDT,NKN,USDT,True,Spot,Margin,,1.0,5.25
NKNUSDT,NKN/USDT:USDT,NKN,USDT,True,,,Future,25.0,5.25
NMRBTC,NMR/BTC,NMR,BTC,True,Spot,Margin,,1.0,0.000105
NMRUSDC,NMR/USDC,NMR,USDC,True,Spot,,,1.0,5.25
NMRUSDT,NMR/USDT,NMR,USDT,True,Spot,Margin,,1.0,5.25
NMRUSDT,NMR/USDT:USDT,NMR,USDT,True,,,Future,75.0,5.25
NOTFDUSD,NOT/FDUSD,NOT,FDUSD,True,Spot,Margin,,1.0,5.25
NOTTRY,NOT/TRY,NOT,TRY,True,Spot,,,1.0,10.5
NOTUSDC,NOT/USDC,NOT,USDC,True,Spot,Margin,,1.0,5.25
NOTUSDT,NOT/USDT,NOT,USDT,True,Spot,Margin,,1.0,5.25
NOTUSDT,NOT/USDT:USDT,NOT,USDT,True,,,Future,75.0,5.25
NTRNBNB,NTRN/BNB,NTRN,BNB,True,Spot,,,1.0,0.0105
NTRNTRY,NTRN/TRY,NTRN,TRY,True,Spot,,,1.0,10.5
NTRNUSDT,NTRN/USDT,NTRN,USDT,True,Spot,Margin,,1.0,5.25
NTRNUSDT,NTRN/USDT:USDT,NTRN,USDT,True,,,Future,50.0,5.25
NXPCBNB,NXPC/BNB,NXPC,BNB,True,Spot,,,1.0,0.0105
NXPCTRY,NXPC/TRY,NXPC,TRY,True,Spot,,,1.0,10.5
NXPCUSDC,NXPC/USDC,NXPC,USDC,True,Spot,Margin,,1.0,5.25
NXPCUSDT,NXPC/USDT,NXPC,USDT,True,Spot,Margin,,1.0,5.25
NXPCUSDT,NXPC/USDT:USDT,NXPC,USDT,True,,,Future,75.0,5.25
OBOLUSDT,OBOL/USDT:USDT,OBOL,USDT,True,,,Future,50.0,5.25
OGBTC,OG/BTC,OG,BTC,True,Spot,,,1.0,0.000105
OGTRY,OG/TRY,OG,TRY,True,Spot,,,1.0,10.5
OGUSDT,OG/USDT,OG,USDT,True,Spot,Margin,,1.0,5.25
OGUSDT,OG/USDT:USDT,OG,USDT,True,,,Future,50.0,5.25
OGNBTC,OGN/BTC,OGN,BTC,True,Spot,Margin,,1.0,0.000105
OGNTRY,OGN/TRY,OGN,TRY,True,Spot,,,1.0,10.5
OGNUSDT,OGN/USDT,OGN,USDT,True,Spot,Margin,,1.0,5.25
OGNUSDT,OGN/USDT:USDT,OGN,USDT,True,,,Future,50.0,5.25
OLUSDT,OL/USDT:USDT,OL,USDT,True,,,Future,50.0,5.25
OMBTC,OM/BTC,OM,BTC,True,Spot,,,1.0,0.000105
OMTRY,OM/TRY,OM,TRY,True,Spot,,,1.0,10.5
OMUSDC,OM/USDC,OM,USDC,True,Spot,Margin,,1.0,5.25
OMUSDT,OM/USDT,OM,USDT,True,Spot,Margin,,1.0,5.25
OMUSDT,OM/USDT:USDT,OM,USDT,True,,,Future,75.0,5.25
OMNIBTC,OMNI/BTC,OMNI,BTC,True,Spot,,,1.0,0.000105
OMNIFDUSD,OMNI/FDUSD,OMNI,FDUSD,True,Spot,,,1.0,5.25
OMNITRY,OMNI/TRY,OMNI,TRY,True,Spot,,,1.0,10.5
OMNIUSDC,OMNI/USDC,OMNI,USDC,True,Spot,Margin,,1.0,5.25
OMNIUSDT,OMNI/USDT,OMNI,USDT,True,Spot,Margin,,1.0,5.25
OMNIUSDT,OMNI/USDT:USDT,OMNI,USDT,True,,,Future,75.0,5.25
ONDOTRY,ONDO/TRY,ONDO,TRY,True,Spot,,,1.0,10.5
ONDOUSDC,ONDO/USDC,ONDO,USDC,True,Spot,Margin,,1.0,5.25
ONDOUSDT,ONDO/USDT,ONDO,USDT,True,Spot,Margin,,1.0,5.25
ONDOUSDT,ONDO/USDT:USDT,ONDO,USDT,True,,,Future,75.0,5.25
ONETRY,ONE/TRY,ONE,TRY,True,Spot,,,1.0,10.5
ONEUSDT,ONE/USDT,ONE,USDT,True,Spot,Margin,,1.0,5.25
ONEUSDT,ONE/USDT:USDT,ONE,USDT,True,,,Future,50.0,5.25
ONGBTC,ONG/BTC,ONG,BTC,True,Spot,,,1.0,0.000105
ONGUSDT,ONG/USDT,ONG,USDT,True,Spot,Margin,,1.0,5.25
ONGUSDT,ONG/USDT:USDT,ONG,USDT,True,,,Future,50.0,5.25
ONTBTC,ONT/BTC,ONT,BTC,True,Spot,Margin,,1.0,0.000105
ONTTRY,ONT/TRY,ONT,TRY,True,Spot,,,1.0,10.5
ONTUSDC,ONT/USDC,ONT,USDC,True,Spot,Margin,,1.0,5.25
ONTUSDT,ONT/USDT,ONT,USDT,True,Spot,Margin,,1.0,5.25
ONTUSDT,ONT/USDT:USDT,ONT,USDT,True,,,Future,75.0,5.25
OPBTC,OP/BTC,OP,BTC,True,Spot,,,1.0,0.000105
OPETH,OP/ETH,OP,ETH,True,Spot,,,1.0,0.00105
OPEUR,OP/EUR,OP,EUR,True,Spot,,,1.0,5.25
OPFDUSD,OP/FDUSD,OP,FDUSD,True,Spot,Margin,,1.0,5.25
OPTRY,OP/TRY,OP,TRY,True,Spot,,,1.0,10.5
OPUSD_PERP,OP/USD:OP,OP,USD,True,,,,1.0,0.0
OPUSDC,OP/USDC,OP,USDC,True,Spot,Margin,,1.0,5.25
OPUSDT,OP/USDT,OP,USDT,True,Spot,Margin,,1.0,5.25
OPUSDT,OP/USDT:USDT,OP,USDT,True,,,Future,75.0,5.25
OPENBNB,OPEN/BNB,OPEN,BNB,True,Spot,,,1.0,0.0105
OPENFDUSD,OPEN/FDUSD,OPEN,FDUSD,True,Spot,,,1.0,5.25
OPENTRY,OPEN/TRY,OPEN,TRY,True,Spot,,,1.0,10.5
OPENUSDC,OPEN/USDC,OPEN,USDC,True,Spot,Margin,,1.0,5.25
OPENUSDT,OPEN/USDT,OPEN,USDT,True,Spot,Margin,,1.0,5.25
OPENUSDT,OPEN/USDT:USDT,OPEN,USDT,True,,,Future,1.0,5.25
ORCATRY,ORCA/TRY,ORCA,TRY,True,Spot,,,1.0,10.5
ORCAUSDC,ORCA/USDC,ORCA,USDC,True,Spot,Margin,,1.0,5.25
ORCAUSDT,ORCA/USDT,ORCA,USDT,True,Spot,Margin,,1.0,5.25
ORCAUSDT,ORCA/USDT:USDT,ORCA,USDT,True,,,Future,50.0,5.25
ORDIBTC,ORDI/BTC,ORDI,BTC,True,Spot,,,1.0,0.000105
ORDIFDUSD,ORDI/FDUSD,ORDI,FDUSD,True,Spot,Margin,,1.0,5.25
ORDITRY,ORDI/TRY,ORDI,TRY,True,Spot,,,1.0,10.5
ORDIUSDC,ORDI/USDC,ORDI,USDC,True,Spot,Margin,,1.0,5.25
ORDIUSDC,ORDI/USDC:USDC,ORDI,USDC,True,,,Future,75.0,5.25
ORDIUSDT,ORDI/USDT,ORDI,USDT,True,Spot,Margin,,1.0,5.25
ORDIUSDT,ORDI/USDT:USDT,ORDI,USDT,True,,,Future,75.0,5.25
OSMOUSDC,OSMO/USDC,OSMO,USDC,True,Spot,Margin,,1.0,5.25
OSMOUSDT,OSMO/USDT,OSMO,USDT,True,Spot,Margin,,1.0,5.25
OXTBTC,OXT/BTC,OXT,BTC,True,Spot,,,1.0,0.000105
OXTUSDT,OXT/USDT,OXT,USDT,True,Spot,Margin,,1.0,5.25
OXTUSDT,OXT/USDT:USDT,OXT,USDT,True,,,Future,50.0,5.25
PARTIBNB,PARTI/BNB,PARTI,BNB,True,Spot,,,1.0,0.0105
PARTIFDUSD,PARTI/FDUSD,PARTI,FDUSD,True,Spot,,,1.0,5.25
PARTITRY,PARTI/TRY,PARTI,TRY,True,Spot,,,1.0,10.5
PARTIUSDC,PARTI/USDC,PARTI,USDC,True,Spot,Margin,,1.0,5.25
PARTIUSDT,PARTI/USDT,PARTI,USDT,True,Spot,Margin,,1.0,5.25
PARTIUSDT,PARTI/USDT:USDT,PARTI,USDT,True,,,Future,50.0,5.25
PAXGBTC,PAXG/BTC,PAXG,BTC,True,Spot,,,1.0,0.000105
PAXGTRY,PAXG/TRY,PAXG,TRY,True,Spot,,,1.0,10.5
PAXGUSDC,PAXG/USDC,PAXG,USDC,True,Spot,Margin,,1.0,5.25
PAXGUSDT,PAXG/USDT,PAXG,USDT,True,Spot,Margin,,1.0,5.25
PAXGUSDT,PAXG/USDT:USDT,PAXG,USDT,True,,,Future,75.0,5.25
PENDLEBTC,PENDLE/BTC,PENDLE,BTC,True,Spot,,,1.0,0.000105
PENDLEFDUSD,PENDLE/FDUSD,PENDLE,FDUSD,True,Spot,Margin,,1.0,5.25
PENDLETRY,PENDLE/TRY,PENDLE,TRY,True,Spot,,,1.0,10.5
PENDLEUSDC,PENDLE/USDC,PENDLE,USDC,True,Spot,Margin,,1.0,5.25
PENDLEUSDT,PENDLE/USDT,PENDLE,USDT,True,Spot,Margin,,1.0,5.25
PENDLEUSDT,PENDLE/USDT:USDT,PENDLE,USDT,True,,,Future,75.0,5.25
PENGUFDUSD,PENGU/FDUSD,PENGU,FDUSD,True,Spot,Margin,,1.0,1.05
PENGUTRY,PENGU/TRY,PENGU,TRY,True,Spot,,,1.0,10.5
PENGUUSDC,PENGU/USDC,PENGU,USDC,True,Spot,Margin,,1.0,1.05
PENGUUSDC,PENGU/USDC:USDC,PENGU,USDC,True,,,Future,75.0,5.25
PENGUUSDT,PENGU/USDT,PENGU,USDT,True,Spot,Margin,,1.0,1.05
PENGUUSDT,PENGU/USDT:USDT,PENGU,USDT,True,,,Future,75.0,5.25
PEOPLEBTC,PEOPLE/BTC,PEOPLE,BTC,True,Spot,Margin,,1.0,0.000105
PEOPLEFDUSD,PEOPLE/FDUSD,PEOPLE,FDUSD,True,Spot,,,1.0,1.05
PEOPLETRY,PEOPLE/TRY,PEOPLE,TRY,True,Spot,,,1.0,10.5
PEOPLEUSDC,PEOPLE/USDC,PEOPLE,USDC,True,Spot,Margin,,1.0,1.05
PEOPLEUSDT,PEOPLE/USDT,PEOPLE,USDT,True,Spot,Margin,,1.0,1.05
PEOPLEUSDT,PEOPLE/USDT:USDT,PEOPLE,USDT,True,,,Future,50.0,5.25
PEPEBRL,PEPE/BRL,PEPE,BRL,True,Spot,,,1.0,10.5
PEPEEUR,PEPE/EUR,PEPE,EUR,True,Spot,,,1.0,1.05
PEPEFDUSD,PEPE/FDUSD,PEPE,FDUSD,True,Spot,Margin,,1.0,1.05
PEPEJPY,PEPE/JPY,PEPE,JPY,True,Spot,,,1.0,105.0
PEPETRY,PEPE/TRY,PEPE,TRY,True,Spot,,,1.0,10.5
PEPEUSDC,PEPE/USDC,PEPE,USDC,True,Spot,Margin,,1.0,1.05
PEPEUSDT,PEPE/USDT,PEPE,USDT,True,Spot,Margin,,1.0,1.05
PERPUSDT,PERP/USDT,PERP,USDT,True,Spot,Margin,,1.0,5.25
PERPUSDT,PERP/USDT:USDT,PERP,USDT,True,,,Future,25.0,5.25
PHABTC,PHA/BTC,PHA,BTC,True,Spot,,,1.0,0.000105
PHATRY,PHA/TRY,PHA,TRY,True,Spot,,,1.0,10.5
PHAUSDC,PHA/USDC,PHA,USDC,True,Spot,Margin,,1.0,5.25
PHAUSDT,PHA/USDT,PHA,USDT,True,Spot,Margin,,1.0,5.25
PHAUSDT,PHA/USDT:USDT,PHA,USDT,True,,,Future,50.0,5.25
PHBBTC,PHB/BTC,PHB,BTC,True,Spot,,,1.0,0.000105
PHBTRY,PHB/TRY,PHB,TRY,True,Spot,,,1.0,10.5
PHBUSDT,PHB/USDT,PHB,USDT,True,Spot,Margin,,1.0,5.25
PHBUSDT,PHB/USDT:USDT,PHB,USDT,True,,,Future,50.0,5.25
PIPPINUSDT,PIPPIN/USDT:USDT,PIPPIN,USDT,True,,,Future,50.0,5.25
PIVXBTC,PIVX/BTC,PIVX,BTC,True,Spot,,,1.0,0.000105
PIVXUSDT,PIVX/USDT,PIVX,USDT,True,Spot,Margin,,1.0,5.25
PIXELTRY,PIXEL/TRY,PIXEL,TRY,True,Spot,,,1.0,10.5
PIXELUSDC,PIXEL/USDC,PIXEL,USDC,True,Spot,Margin,,1.0,5.25
PIXELUSDT,PIXEL/USDT,PIXEL,USDT,True,Spot,Margin,,1.0,5.25
PIXELUSDT,PIXEL/USDT:USDT,PIXEL,USDT,True,,,Future,50.0,5.25
PLAYUSDT,PLAY/USDT:USDT,PLAY,USDT,True,,,Future,50.0,5.25
PLUMEBNB,PLUME/BNB,PLUME,BNB,True,Spot,,,1.0,0.0105
PLUMEFDUSD,PLUME/FDUSD,PLUME,FDUSD,True,Spot,,,1.0,5.25
PLUMETRY,PLUME/TRY,PLUME,TRY,True,Spot,,,1.0,10.5
PLUMEUSDC,PLUME/USDC,PLUME,USDC,True,Spot,Margin,,1.0,5.25
PLUMEUSDT,PLUME/USDT,PLUME,USDT,True,Spot,Margin,,1.0,5.25
PLUMEUSDT,PLUME/USDT:USDT,PLUME,USDT,True,,,Future,75.0,5.25
PNUTBRL,PNUT/BRL,PNUT,BRL,True,Spot,,,1.0,10.5
PNUTBTC,PNUT/BTC,PNUT,BTC,True,Spot,,,1.0,0.000105
PNUTEUR,PNUT/EUR,PNUT,EUR,True,Spot,,,1.0,1.05
PNUTFDUSD,PNUT/FDUSD,PNUT,FDUSD,True,Spot,Margin,,1.0,1.05
PNUTTRY,PNUT/TRY,PNUT,TRY,True,Spot,,,1.0,10.5
PNUTUSDC,PNUT/USDC,PNUT,USDC,True,Spot,Margin,,1.0,1.05
PNUTUSDC,PNUT/USDC:USDC,PNUT,USDC,True,,,Future,75.0,5.25
PNUTUSDT,PNUT/USDT,PNUT,USDT,True,Spot,Margin,,1.0,1.05
PNUTUSDT,PNUT/USDT:USDT,PNUT,USDT,True,,,Future,75.0,5.25
POLBNB,POL/BNB,POL,BNB,True,Spot,,,1.0,0.0105
POLBRL,POL/BRL,POL,BRL,True,Spot,,,1.0,10.5
POLBTC,POL/BTC,POL,BTC,True,Spot,,,1.0,0.000105
POLETH,POL/ETH,POL,ETH,True,Spot,,,1.0,0.00105
POLEUR,POL/EUR,POL,EUR,True,Spot,,,1.0,5.25
POLFDUSD,POL/FDUSD,POL,FDUSD,True,Spot,Margin,,1.0,5.25
POLJPY,POL/JPY,POL,JPY,True,Spot,,,1.0,105.0
POLTRY,POL/TRY,POL,TRY,True,Spot,,,1.0,10.5
POLUSDC,POL/USDC,POL,USDC,True,Spot,Margin,,1.0,5.25
POLUSDT,POL/USDT,POL,USDT,True,Spot,Margin,,1.0,5.25
POLUSDT,POL/USDT:USDT,POL,USDT,True,,,Future,75.0,5.25
POLYXBTC,POLYX/BTC,POLYX,BTC,True,Spot,,,1.0,0.000105
POLYXTRY,POLYX/TRY,POLYX,TRY,True,Spot,,,1.0,10.5
POLYXUSDT,POLYX/USDT,POLYX,USDT,True,Spot,Margin,,1.0,5.25
POLYXUSDT,POLYX/USDT:USDT,POLYX,USDT,True,,,Future,50.0,5.25
PONDUSDT,POND/USDT,POND,USDT,True,Spot,Margin,,1.0,5.25
PONKEUSDT,PONKE/USDT:USDT,PONKE,USDT,True,,,Future,50.0,5.25
POPCATUSDT,POPCAT/USDT:USDT,POPCAT,USDT,True,,,Future,75.0,5.25
PORT3USDT,PORT3/USDT:USDT,PORT3,USDT,True,,,Future,50.0,5.25
PORTALBNB,PORTAL/BNB,PORTAL,BNB,True,Spot,,,1.0,0.0105
PORTALBTC,PORTAL/BTC,PORTAL,BTC,True,Spot,,,1.0,0.000105
PORTALFDUSD,PORTAL/FDUSD,PORTAL,FDUSD,True,Spot,,,1.0,5.25
PORTALTRY,PORTAL/TRY,PORTAL,TRY,True,Spot,,,1.0,10.5
PORTALUSDT,PORTAL/USDT,PORTAL,USDT,True,Spot,Margin,,1.0,5.25
PORTALUSDT,PORTAL/USDT:USDT,PORTAL,USDT,True,,,Future,25.0,5.25
PORTOTRY,PORTO/TRY,PORTO,TRY,True,Spot,,,1.0,10.5
PORTOUSDT,PORTO/USDT,PORTO,USDT,True,Spot,Margin,,1.0,5.25
POWRBTC,POWR/BTC,POWR,BTC,True,Spot,,,1.0,0.000105
POWRETH,POWR/ETH,POWR,ETH,True,Spot,,,1.0,0.00105
POWRUSDT,POWR/USDT,POWR,USDT,True,Spot,Margin,,1.0,5.25
POWRUSDT,POWR/USDT:USDT,POWR,USDT,True,,,Future,50.0,5.25
PROMUSDT,PROM/USDT,PROM,USDT,True,Spot,Margin,,1.0,5.25
PROMUSDT,PROM/USDT:USDT,PROM,USDT,True,,,Future,50.0,5.25
PROMPTUSDT,PROMPT/USDT:USDT,PROMPT,USDT,True,,,Future,75.0,5.25
PROVEBNB,PROVE/BNB,PROVE,BNB,True,Spot,,,1.0,0.0105
PROVEFDUSD,PROVE/FDUSD,PROVE,FDUSD,True,Spot,,,1.0,5.25
PROVETRY,PROVE/TRY,PROVE,TRY,True,Spot,,,1.0,10.5
PROVEUSDC,PROVE/USDC,PROVE,USDC,True,Spot,Margin,,1.0,5.25
PROVEUSDT,PROVE/USDT,PROVE,USDT,True,Spot,Margin,,1.0,5.25
PROVEUSDT,PROVE/USDT:USDT,PROVE,USDT,True,,,Future,75.0,5.25
PSGTRY,PSG/TRY,PSG,TRY,True,Spot,,,1.0,10.5
PSGUSDT,PSG/USDT,PSG,USDT,True,Spot,Margin,,1.0,5.25
PTBUSDT,PTB/USDT:USDT,PTB,USDT,True,,,Future,1.0,5.25
PUFFERUSDT,PUFFER/USDT:USDT,PUFFER,USDT,True,,,Future,50.0,5.25
PUMPTRY,PUMP/TRY,PUMP,TRY,True,Spot,,,1.0,10.5
PUMPUSDC,PUMP/USDC,PUMP,USDC,True,Spot,Margin,,1.0,5.25
PUMPUSDT,PUMP/USDT,PUMP,USDT,True,Spot,Margin,,1.0,5.25
PUMPUSDT,PUMP/USDT:USDT,PUMP,USDT,True,,,Future,75.0,5.25
PUMPBTCUSDT,PUMPBTC/USDT:USDT,PUMPBTC,USDT,True,,,Future,50.0,5.25
PUNDIXUSDC,PUNDIX/USDC,PUNDIX,USDC,True,Spot,Margin,,1.0,5.25
PUNDIXUSDT,PUNDIX/USDT,PUNDIX,USDT,True,Spot,Margin,,1.0,5.25
PUNDIXUSDT,PUNDIX/USDT:USDT,PUNDIX,USDT,True,,,Future,50.0,5.25
PYRBTC,PYR/BTC,PYR,BTC,True,Spot,Margin,,1.0,0.000105
PYRUSDT,PYR/USDT,PYR,USDT,True,Spot,Margin,,1.0,5.25
PYTHBTC,PYTH/BTC,PYTH,BTC,True,Spot,,,1.0,0.000105
PYTHFDUSD,PYTH/FDUSD,PYTH,FDUSD,True,Spot,Margin,,1.0,5.25
PYTHTRY,PYTH/TRY,PYTH,TRY,True,Spot,,,1.0,10.5
PYTHUSDC,PYTH/USDC,PYTH,USDC,True,Spot,Margin,,1.0,5.25
PYTHUSDT,PYTH/USDT,PYTH,USDT,True,Spot,Margin,,1.0,5.25
PYTHUSDT,PYTH/USDT:USDT,PYTH,USDT,True,,,Future,75.0,5.25
QUSDT,Q/USDT:USDT,Q,USDT,True,,,Future,1.0,5.25
QIUSDT,QI/USDT,QI,USDT,True,Spot,Margin,,1.0,5.25
QKCUSDT,QKC/USDT,QKC,USDT,True,Spot,Margin,,1.0,5.25
QNTBTC,QNT/BTC,QNT,BTC,True,Spot,Margin,,1.0,0.000105
QNTUSDC,QNT/USDC,QNT,USDC,True,Spot,Margin,,1.0,5.25
QNTUSDT,QNT/USDT,QNT,USDT,True,Spot,Margin,,1.0,5.25
QNTUSDT,QNT/USDT:USDT,QNT,USDT,True,,,Future,75.0,10.48635
QTUMBTC,QTUM/BTC,QTUM,BTC,True,Spot,,,1.0,0.000105
QTUMETH,QTUM/ETH,QTUM,ETH,True,Spot,,,1.0,0.00105
QTUMTRY,QTUM/TRY,QTUM,TRY,True,Spot,,,1.0,10.5
QTUMUSDC,QTUM/USDC,QTUM,USDC,True,Spot,,,1.0,5.25
QTUMUSDT,QTUM/USDT,QTUM,USDT,True,Spot,Margin,,1.0,5.25
QTUMUSDT,QTUM/USDT:USDT,QTUM,USDT,True,,,Future,75.0,5.25
QUICKUSDT,QUICK/USDT,QUICK,USDT,True,Spot,Margin,,1.0,5.25
QUICKUSDT,QUICK/USDT:USDT,QUICK,USDT,True,,,Future,50.0,5.25
RADTRY,RAD/TRY,RAD,TRY,True,Spot,,,1.0,10.5
RADUSDT,RAD/USDT,RAD,USDT,True,Spot,Margin,,1.0,5.25
RAREBTC,RARE/BTC,RARE,BTC,True,Spot,,,1.0,0.000105
RARETRY,RARE/TRY,RARE,TRY,True,Spot,,,1.0,10.5
RAREUSDC,RARE/USDC,RARE,USDC,True,Spot,Margin,,1.0,5.25
RAREUSDT,RARE/USDT,RARE,USDT,True,Spot,Margin,,1.0,5.25
RAREUSDT,RARE/USDT:USDT,RARE,USDT,True,,,Future,50.0,5.25
RAYFDUSD,RAY/FDUSD,RAY,FDUSD,True,Spot,Margin,,1.0,5.25
RAYTRY,RAY/TRY,RAY,TRY,True,Spot,,,1.0,10.5
RAYUSDC,RAY/USDC,RAY,USDC,True,Spot,Margin,,1.0,5.25
RAYUSDT,RAY/USDT,RAY,USDT,True,Spot,Margin,,1.0,5.25
RAYSOLUSDT,RAYSOL/USDT:USDT,RAYSOL,USDT,True,,,Future,75.0,5.25
RDNTTRY,RDNT/TRY,RDNT,TRY,True,Spot,,,1.0,10.5
RDNTUSDT,RDNT/USDT,RDNT,USDT,True,Spot,Margin,,1.0,5.25
RDNTUSDT,RDNT/USDT:USDT,RDNT,USDT,True,,,Future,50.0,5.25
REDBTC,RED/BTC,RED,BTC,True,Spot,,,1.0,0.000105
REDFDUSD,RED/FDUSD,RED,FDUSD,True,Spot,Margin,,1.0,5.25
REDTRY,RED/TRY,RED,TRY,True,Spot,,,1.0,10.5
REDUSDC,RED/USDC,RED,USDC,True,Spot,Margin,,1.0,5.25
REDUSDT,RED/USDT,RED,USDT,True,Spot,Margin,,1.0,5.25
REDUSDT,RED/USDT:USDT,RED,USDT,True,,,Future,50.0,5.25
REIUSDT,REI/USDT,REI,USDT,True,Spot,Margin,,1.0,1.05
REIUSDT,REI/USDT:USDT,REI,USDT,True,,,Future,25.0,5.25
RENDERBRL,RENDER/BRL,RENDER,BRL,True,Spot,,,1.0,10.5
RENDERBTC,RENDER/BTC,RENDER,BTC,True,Spot,,,1.0,0.000105
RENDEREUR,RENDER/EUR,RENDER,EUR,True,Spot,,,1.0,5.25
RENDERFDUSD,RENDER/FDUSD,RENDER,FDUSD,True,Spot,,,1.0,5.25
RENDERTRY,RENDER/TRY,RENDER,TRY,True,Spot,,,1.0,10.5
RENDERUSDC,RENDER/USDC,RENDER,USDC,True,Spot,Margin,,1.0,5.25
RENDERUSDT,RENDER/USDT,RENDER,USDT,True,Spot,Margin,,1.0,5.25
RENDERUSDT,RENDER/USDT:USDT,RENDER,USDT,True,,,Future,75.0,5.25
REQBTC,REQ/BTC,REQ,BTC,True,Spot,,,1.0,0.000105
REQUSDT,REQ/USDT,REQ,USDT,True,Spot,Margin,,1.0,5.25
RESOLVBNB,RESOLV/BNB,RESOLV,BNB,True,Spot,,,1.0,0.0105
RESOLVFDUSD,RESOLV/FDUSD,RESOLV,FDUSD,True,Spot,,,1.0,5.25
RESOLVTRY,RESOLV/TRY,RESOLV,TRY,True,Spot,,,1.0,10.5
RESOLVUSDC,RESOLV/USDC,RESOLV,USDC,True,Spot,Margin,,1.0,5.25
RESOLVUSDT,RESOLV/USDT,RESOLV,USDT,True,Spot,Margin,,1.0,5.25
RESOLVUSDT,RESOLV/USDT:USDT,RESOLV,USDT,True,,,Future,50.0,5.25
REZTRY,REZ/TRY,REZ,TRY,True,Spot,,,1.0,10.5
REZUSDC,REZ/USDC,REZ,USDC,True,Spot,Margin,,1.0,5.25
REZUSDT,REZ/USDT,REZ,USDT,True,Spot,Margin,,1.0,5.25
REZUSDT,REZ/USDT:USDT,REZ,USDT,True,,,Future,50.0,5.25
RIFBTC,RIF/BTC,RIF,BTC,True,Spot,,,1.0,0.000105
RIFUSDT,RIF/USDT,RIF,USDT,True,Spot,Margin,,1.0,5.25
RIFUSDT,RIF/USDT:USDT,RIF,USDT,True,,,Future,50.0,5.25
RLCBTC,RLC/BTC,RLC,BTC,True,Spot,Margin,,1.0,0.000105
RLCETH,RLC/ETH,RLC,ETH,True,Spot,,,1.0,0.00105
RLCUSDT,RLC/USDT,RLC,USDT,True,Spot,Margin,,1.0,5.25
RLCUSDT,RLC/USDT:USDT,RLC,USDT,True,,,Future,50.0,5.25
RONINBTC,RONIN/BTC,RONIN,BTC,True,Spot,,,1.0,0.000105
RONINFDUSD,RONIN/FDUSD,RONIN,FDUSD,True,Spot,,,1.0,5.25
RONINTRY,RONIN/TRY,RONIN,TRY,True,Spot,,,1.0,10.5
RONINUSDT,RONIN/USDT,RONIN,USDT,True,Spot,Margin,,1.0,5.25
RONINUSDT,RONIN/USDT:USDT,RONIN,USDT,True,,,Future,75.0,5.25
ROSEBTC,ROSE/BTC,ROSE,BTC,True,Spot,Margin,,1.0,0.000105
ROSETRY,ROSE/TRY,ROSE,TRY,True,Spot,,,1.0,10.5
ROSEUSDC,ROSE/USDC,ROSE,USDC,True,Spot,Margin,,1.0,5.25
ROSEUSDT,ROSE/USDT,ROSE,USDT,True,Spot,Margin,,1.0,5.25
ROSEUSDT,ROSE/USDT:USDT,ROSE,USDT,True,,,Future,75.0,5.25
RPLUSDC,RPL/USDC,RPL,USDC,True,Spot,Margin,,1.0,5.25
RPLUSDT,RPL/USDT,RPL,USDT,True,Spot,Margin,,1.0,5.25
RPLUSDT,RPL/USDT:USDT,RPL,USDT,True,,,Future,50.0,5.25
RSRTRY,RSR/TRY,RSR,TRY,True,Spot,,,1.0,10.5
RSRUSDC,RSR/USDC,RSR,USDC,True,Spot,Margin,,1.0,5.25
RSRUSDT,RSR/USDT,RSR,USDT,True,Spot,Margin,,1.0,5.25
RSRUSDT,RSR/USDT:USDT,RSR,USDT,True,,,Future,75.0,5.25
RUNEBTC,RUNE/BTC,RUNE,BTC,True,Spot,Margin,,1.0,0.000105
RUNEETH,RUNE/ETH,RUNE,ETH,True,Spot,,,1.0,0.00105
RUNEFDUSD,RUNE/FDUSD,RUNE,FDUSD,True,Spot,,,1.0,5.25
RUNEUSD_PERP,RUNE/USD:RUNE,RUNE,USD,True,,,,1.0,0.0
RUNEUSDC,RUNE/USDC,RUNE,USDC,True,Spot,Margin,,1.0,5.25
RUNEUSDT,RUNE/USDT,RUNE,USDT,True,Spot,Margin,,1.0,5.25
RUNEUSDT,RUNE/USDT:USDT,RUNE,USDT,True,,,Future,75.0,5.25
RVNBTC,RVN/BTC,RVN,BTC,True,Spot,Margin,,1.0,0.000105
RVNTRY,RVN/TRY,RVN,TRY,True,Spot,,,1.0,10.5
RVNUSDC,RVN/USDC,RVN,USDC,True,Spot,Margin,,1.0,5.25
RVNUSDT,RVN/USDT,RVN,USDT,True,Spot,Margin,,1.0,5.25
RVNUSDT,RVN/USDT:USDT,RVN,USDT,True,,,Future,75.0,5.25
SBNB,S/BNB,S,BNB,True,Spot,,,1.0,0.0105
SBTC,S/BTC,S,BTC,True,Spot,,,1.0,0.000105
SETH,S/ETH,S,ETH,True,Spot,,,1.0,0.00105
SEUR,S/EUR,S,EUR,True,Spot,,,1.0,5.25
SFDUSD,S/FDUSD,S,FDUSD,True,Spot,,,1.0,5.25
STRY,S/TRY,S,TRY,True,Spot,,,1.0,10.5
SUSDC,S/USDC,S,USDC,True,Spot,Margin,,1.0,5.25
SUSDT,S/USDT,S,USDT,True,Spot,Margin,,1.0,5.25
SUSDT,S/USDT:USDT,S,USDT,True,,,Future,75.0,5.25
SAFEUSDT,SAFE/USDT:USDT,SAFE,USDT,True,,,Future,50.0,5.25
SAGABNB,SAGA/BNB,SAGA,BNB,True,Spot,,,1.0,0.0105
SAGABTC,SAGA/BTC,SAGA,BTC,True,Spot,,,1.0,0.000105
SAGAFDUSD,SAGA/FDUSD,SAGA,FDUSD,True,Spot,Margin,,1.0,5.25
SAGATRY,SAGA/TRY,SAGA,TRY,True,Spot,,,1.0,10.5
SAGAUSDC,SAGA/USDC,SAGA,USDC,True,Spot,Margin,,1.0,5.25
SAGAUSDT,SAGA/USDT,SAGA,USDT,True,Spot,Margin,,1.0,5.25
SAGAUSDT,SAGA/USDT:USDT,SAGA,USDT,True,,,Future,75.0,5.25
SAHARABNB,SAHARA/BNB,SAHARA,BNB,True,Spot,,,1.0,0.0105
SAHARAFDUSD,SAHARA/FDUSD,SAHARA,FDUSD,True,Spot,,,1.0,5.25
SAHARATRY,SAHARA/TRY,SAHARA,TRY,True,Spot,,,1.0,10.5
SAHARAUSDC,SAHARA/USDC,SAHARA,USDC,True,Spot,Margin,,1.0,5.25
SAHARAUSDT,SAHARA/USDT,SAHARA,USDT,True,Spot,Margin,,1.0,5.25
SAHARAUSDT,SAHARA/USDT:USDT,SAHARA,USDT,True,,,Future,75.0,5.25
SANDBTC,SAND/BTC,SAND,BTC,True,Spot,Margin,,1.0,0.000105
SANDFDUSD,SAND/FDUSD,SAND,FDUSD,True,Spot,,,1.0,5.25
SANDTRY,SAND/TRY,SAND,TRY,True,Spot,,,1.0,10.5
SANDUSD_PERP,SAND/USD:SAND,SAND,USD,True,,,,1.0,0.0
SANDUSDC,SAND/USDC,SAND,USDC,True,Spot,Margin,,1.0,5.25
SANDUSDT,SAND/USDT,SAND,USDT,True,Spot,Margin,,1.0,5.25
SANDUSDT,SAND/USDT:USDT,SAND,USDT,True,,,Future,75.0,5.25
SANTOSBTC,SANTOS/BTC,SANTOS,BTC,True,Spot,,,1.0,0.000105
SANTOSTRY,SANTOS/TRY,SANTOS,TRY,True,Spot,,,1.0,10.5
SANTOSUSDT,SANTOS/USDT,SANTOS,USDT,True,Spot,Margin,,1.0,5.25
SANTOSUSDT,SANTOS/USDT:USDT,SANTOS,USDT,True,,,Future,50.0,5.25
SAPIENUSDT,SAPIEN/USDT:USDT,SAPIEN,USDT,True,,,Future,50.0,5.25
SCETH,SC/ETH,SC,ETH,True,Spot,,,1.0,0.00105
SCUSDT,SC/USDT,SC,USDT,True,Spot,Margin,,1.0,5.25
SCRBTC,SCR/BTC,SCR,BTC,True,Spot,,,1.0,0.000105
SCRFDUSD,SCR/FDUSD,SCR,FDUSD,True,Spot,Margin,,1.0,5.25
SCRTRY,SCR/TRY,SCR,TRY,True,Spot,,,1.0,10.5
SCRUSDT,SCR/USDT,SCR,USDT,True,Spot,Margin,,1.0,5.25
SCRUSDT,SCR/USDT:USDT,SCR,USDT,True,,,Future,50.0,5.25
SCRTBTC,SCRT/BTC,SCRT,BTC,True,Spot,,,1.0,0.000105
SCRTUSDT,SCRT/USDT,SCRT,USDT,True,Spot,Margin,,1.0,5.25
SCRTUSDT,SCRT/USDT:USDT,SCRT,USDT,True,,,Future,25.0,5.25
SEIBNB,SEI/BNB,SEI,BNB,True,Spot,,,1.0,0.0105
SEIBTC,SEI/BTC,SEI,BTC,True,Spot,Margin,,1.0,0.000105
SEIFDUSD,SEI/FDUSD,SEI,FDUSD,True,Spot,Margin,,1.0,5.25
SEIJPY,SEI/JPY,SEI,JPY,True,Spot,,,1.0,105.0
SEITRY,SEI/TRY,SEI,TRY,True,Spot,,,1.0,10.5
SEIUSDC,SEI/USDC,SEI,USDC,True,Spot,Margin,,1.0,5.25
SEIUSDT,SEI/USDT,SEI,USDT,True,Spot,Margin,,1.0,5.25
SEIUSDT,SEI/USDT:USDT,SEI,USDT,True,,,Future,75.0,5.25
SFPBTC,SFP/BTC,SFP,BTC,True,Spot,,,1.0,0.000105
SFPUSDT,SFP/USDT,SFP,USDT,True,Spot,Margin,,1.0,5.25
SFPUSDT,SFP/USDT:USDT,SFP,USDT,True,,,Future,50.0,5.25
SHELLBNB,SHELL/BNB,SHELL,BNB,True,Spot,,,1.0,0.0105
SHELLBTC,SHELL/BTC,SHELL,BTC,True,Spot,,,1.0,0.000105
SHELLFDUSD,SHELL/FDUSD,SHELL,FDUSD,True,Spot,,,1.0,5.25
SHELLTRY,SHELL/TRY,SHELL,TRY,True,Spot,,,1.0,10.5
SHELLUSDC,SHELL/USDC,SHELL,USDC,True,Spot,Margin,,1.0,5.25
SHELLUSDT,SHELL/USDT,SHELL,USDT,True,Spot,Margin,,1.0,5.25
SHELLUSDT,SHELL/USDT:USDT,SHELL,USDT,True,,,Future,50.0,5.25
SHIBBRL,SHIB/BRL,SHIB,BRL,True,Spot,,,1.0,10.5
SHIBDOGE,SHIB/DOGE,SHIB,DOGE,True,Spot,Margin,,1.0,31.5
SHIBEUR,SHIB/EUR,SHIB,EUR,True,Spot,,,1.0,1.05
SHIBFDUSD,SHIB/FDUSD,SHIB,FDUSD,True,Spot,Margin,,1.0,1.05
SHIBJPY,SHIB/JPY,SHIB,JPY,True,Spot,,,1.0,105.0
SHIBTRY,SHIB/TRY,SHIB,TRY,True,Spot,,,1.0,10.5
SHIBUSDC,SHIB/USDC,SHIB,USDC,True,Spot,Margin,,1.0,1.05
SHIBUSDT,SHIB/USDT,SHIB,USDT,True,Spot,Margin,,1.0,1.05
SIGNBNB,SIGN/BNB,SIGN,BNB,True,Spot,,,1.0,0.0105
SIGNFDUSD,SIGN/FDUSD,SIGN,FDUSD,True,Spot,,,1.0,5.25
SIGNTRY,SIGN/TRY,SIGN,TRY,True,Spot,,,1.0,10.5
SIGNUSDC,SIGN/USDC,SIGN,USDC,True,Spot,Margin,,1.0,5.25
SIGNUSDT,SIGN/USDT,SIGN,USDT,True,Spot,Margin,,1.0,5.25
SIGNUSDT,SIGN/USDT:USDT,SIGN,USDT,True,,,Future,75.0,5.25
SIRENUSDT,SIREN/USDT:USDT,SIREN,USDT,True,,,Future,50.0,5.25
SKATEUSDT,SKATE/USDT:USDT,SKATE,USDT,True,,,Future,40.0,5.25
SKLBTC,SKL/BTC,SKL,BTC,True,Spot,,,1.0,0.000105
SKLTRY,SKL/TRY,SKL,TRY,True,Spot,,,1.0,10.5
SKLUSDC,SKL/USDC,SKL,USDC,True,Spot,Margin,,1.0,5.25
SKLUSDT,SKL/USDT,SKL,USDT,True,Spot,Margin,,1.0,5.25
SKLUSDT,SKL/USDT:USDT,SKL,USDT,True,,,Future,50.0,5.25
SKYUSDT,SKY/USDT:USDT,SKY,USDT,True,,,Future,1.0,5.25
SKYAIUSDT,SKYAI/USDT:USDT,SKYAI,USDT,True,,,Future,50.0,5.25
SLERFUSDT,SLERF/USDT:USDT,SLERF,USDT,True,,,Future,50.0,5.25
SLFBTC,SLF/BTC,SLF,BTC,True,Spot,,,1.0,0.000105
SLFTRY,SLF/TRY,SLF,TRY,True,Spot,,,1.0,10.5
SLFUSDC,SLF/USDC,SLF,USDC,True,Spot,,,1.0,5.25
SLFUSDT,SLF/USDT,SLF,USDT,True,Spot,,,1.0,5.25
SLPETH,SLP/ETH,SLP,ETH,True,Spot,Margin,,1.0,0.00105
SLPTRY,SLP/TRY,SLP,TRY,True,Spot,,,1.0,10.5
SLPUSDT,SLP/USDT,SLP,USDT,True,Spot,Margin,,1.0,5.25
SLPUSDT,SLP/USDT:USDT,SLP,USDT,True,,,Future,75.0,5.25
SNXBTC,SNX/BTC,SNX,BTC,True,Spot,Margin,,1.0,0.000105
SNXTRY,SNX/TRY,SNX,TRY,True,Spot,,,1.0,10.5
SNXUSDT,SNX/USDT,SNX,USDT,True,Spot,Margin,,1.0,5.25
SNXUSDT,SNX/USDT:USDT,SNX,USDT,True,,,Future,75.0,5.25
SOLARS,SOL/ARS,SOL,ARS,True,Spot,,,1.0,2100.0
SOLBNB,SOL/BNB,SOL,BNB,True,Spot,,,1.0,0.0105
SOLBRL,SOL/BRL,SOL,BRL,True,Spot,,,1.0,10.5
SOLBTC,SOL/BTC,SOL,BTC,True,Spot,Margin,,1.0,0.000105
SOLETH,SOL/ETH,SOL,ETH,True,Spot,Margin,,1.0,0.00105
SOLEUR,SOL/EUR,SOL,EUR,True,Spot,,,1.0,5.25
SOLFDUSD,SOL/FDUSD,SOL,FDUSD,True,Spot,Margin,,1.0,5.25
SOLJPY,SOL/JPY,SOL,JPY,True,Spot,,,1.0,105.0
SOLMXN,SOL/MXN,SOL,MXN,True,Spot,,,1.0,157.5
SOLTRY,SOL/TRY,SOL,TRY,True,Spot,,,1.0,10.5
SOLTUSD,SOL/TUSD,SOL,TUSD,True,Spot,,,1.0,5.25
SOLUSD_PERP,SOL/USD:SOL,SOL,USD,True,,,,1.0,0.0
SOLUSD_250926,SOL/USD:SOL-250926,SOL,USD,True,,,,1.0,0.0
SOLUSD_251226,SOL/USD:SOL-251226,SOL,USD,True,,,,1.0,0.0
SOLUSDC,SOL/USDC,SOL,USDC,True,Spot,Margin,,1.0,5.25
SOLUSDC,SOL/USDC:USDC,SOL,USDC,True,,,Future,100.0,5.25
SOLUSDT,SOL/USDT,SOL,USDT,True,Spot,Margin,,1.0,5.25
SOLUSDT,SOL/USDT:USDT,SOL,USDT,True,,,Future,100.0,5.25
SOLVBNB,SOLV/BNB,SOLV,BNB,True,Spot,,,1.0,0.0105
SOLVFDUSD,SOLV/FDUSD,SOLV,FDUSD,True,Spot,,,1.0,5.25
SOLVTRY,SOLV/TRY,SOLV,TRY,True,Spot,,,1.0,10.5
SOLVUSDT,SOLV/USDT,SOLV,USDT,True,Spot,Margin,,1.0,5.25
SOLVUSDT,SOLV/USDT:USDT,SOLV,USDT,True,,,Future,75.0,5.25
SOMIBNB,SOMI/BNB,SOMI,BNB,True,Spot,,,1.0,0.0105
SOMIFDUSD,SOMI/FDUSD,SOMI,FDUSD,True,Spot,,,1.0,5.25
SOMITRY,SOMI/TRY,SOMI,TRY,True,Spot,,,1.0,10.5
SOMIUSDC,SOMI/USDC,SOMI,USDC,True,Spot,Margin,,1.0,5.25
SOMIUSDT,SOMI/USDT,SOMI,USDT,True,Spot,Margin,,1.0,5.25
SOMIUSDT,SOMI/USDT:USDT,SOMI,USDT,True,,,Future,25.0,5.25
SONICUSDT,SONIC/USDT:USDT,SONIC,USDT,True,,,Future,50.0,5.25
SOONUSDT,SOON/USDT:USDT,SOON,USDT,True,,,Future,75.0,5.25
SOPHFDUSD,SOPH/FDUSD,SOPH,FDUSD,True,Spot,,,1.0,5.25
SOPHTRY,SOPH/TRY,SOPH,TRY,True,Spot,,,1.0,10.5
SOPHUSDC,SOPH/USDC,SOPH,USDC,True,Spot,Margin,,1.0,5.25
SOPHUSDT,SOPH/USDT,SOPH,USDT,True,Spot,Margin,,1.0,5.25
SOPHUSDT,SOPH/USDT:USDT,SOPH,USDT,True,,,Future,75.0,5.25
SPELLTRY,SPELL/TRY,SPELL,TRY,True,Spot,,,1.0,10.5
SPELLUSDT,SPELL/USDT,SPELL,USDT,True,Spot,Margin,,1.0,5.25
SPELLUSDT,SPELL/USDT:USDT,SPELL,USDT,True,,,Future,50.0,5.25
SPKBNB,SPK/BNB,SPK,BNB,True,Spot,,,1.0,0.0105
SPKFDUSD,SPK/FDUSD,SPK,FDUSD,True,Spot,,,1.0,5.25
SPKTRY,SPK/TRY,SPK,TRY,True,Spot,,,1.0,10.5
SPKUSDC,SPK/USDC,SPK,USDC,True,Spot,Margin,,1.0,5.25
SPKUSDT,SPK/USDT,SPK,USDT,True,Spot,Margin,,1.0,5.25
SPKUSDT,SPK/USDT:USDT,SPK,USDT,True,,,Future,75.0,5.25
SPXUSDT,SPX/USDT:USDT,SPX,USDT,True,,,Future,75.0,5.25
SQDUSDT,SQD/USDT:USDT,SQD,USDT,True,,,Future,50.0,5.25
SSVBTC,SSV/BTC,SSV,BTC,True,Spot,,,1.0,0.000105
SSVETH,SSV/ETH,SSV,ETH,True,Spot,,,1.0,0.00105
SSVUSDC,SSV/USDC,SSV,USDC,True,Spot,Margin,,1.0,5.25
SSVUSDT,SSV/USDT,SSV,USDT,True,Spot,Margin,,1.0,5.25
SSVUSDT,SSV/USDT:USDT,SSV,USDT,True,,,Future,75.0,5.25
STEEMBTC,STEEM/BTC,STEEM,BTC,True,Spot,,,1.0,0.000105
STEEMETH,STEEM/ETH,STEEM,ETH,True,Spot,,,1.0,0.00105
STEEMUSDC,STEEM/USDC,STEEM,USDC,True,Spot,Margin,,1.0,5.25
STEEMUSDT,STEEM/USDT,STEEM,USDT,True,Spot,Margin,,1.0,5.25
STEEMUSDT,STEEM/USDT:USDT,STEEM,USDT,True,,,Future,50.0,5.25
STGBTC,STG/BTC,STG,BTC,True,Spot,,,1.0,0.000105
STGUSDT,STG/USDT,STG,USDT,True,Spot,Margin,,1.0,5.25
STGUSDT,STG/USDT:USDT,STG,USDT,True,,,Future,50.0,5.25
STOFDUSD,STO/FDUSD,STO,FDUSD,True,Spot,,,1.0,5.25
STOTRY,STO/TRY,STO,TRY,True,Spot,,,1.0,10.5
STOUSDC,STO/USDC,STO,USDC,True,Spot,Margin,,1.0,5.25
STOUSDT,STO/USDT,STO,USDT,True,Spot,Margin,,1.0,5.25
STOUSDT,STO/USDT:USDT,STO,USDT,True,,,Future,50.0,5.25
STORJBTC,STORJ/BTC,STORJ,BTC,True,Spot,,,1.0,0.000105
STORJTRY,STORJ/TRY,STORJ,TRY,True,Spot,,,1.0,10.5
STORJUSDT,STORJ/USDT,STORJ,USDT,True,Spot,Margin,,1.0,5.25
STORJUSDT,STORJ/USDT:USDT,STORJ,USDT,True,,,Future,50.0,5.25
STRAXBTC,STRAX/BTC,STRAX,BTC,True,Spot,,,1.0,0.000105
STRAXTRY,STRAX/TRY,STRAX,TRY,True,Spot,,,1.0,10.5
STRAXUSDT,STRAX/USDT,STRAX,USDT,True,Spot,Margin,,1.0,5.25
STRKFDUSD,STRK/FDUSD,STRK,FDUSD,True,Spot,,,1.0,5.25
STRKTRY,STRK/TRY,STRK,TRY,True,Spot,,,1.0,10.5
STRKUSDC,STRK/USDC,STRK,USDC,True,Spot,Margin,,1.0,5.25
STRKUSDT,STRK/USDT,STRK,USDT,True,Spot,Margin,,1.0,5.25
STRKUSDT,STRK/USDT:USDT,STRK,USDT,True,,,Future,75.0,5.25
STXBTC,STX/BTC,STX,BTC,True,Spot,Margin,,1.0,0.000105
STXFDUSD,STX/FDUSD,STX,FDUSD,True,Spot,Margin,,1.0,5.25
STXTRY,STX/TRY,STX,TRY,True,Spot,,,1.0,10.5
STXUSDC,STX/USDC,STX,USDC,True,Spot,Margin,,1.0,5.25
STXUSDT,STX/USDT,STX,USDT,True,Spot,Margin,,1.0,5.25
STXUSDT,STX/USDT:USDT,STX,USDT,True,,,Future,75.0,5.25
SUIBNB,SUI/BNB,SUI,BNB,True,Spot,,,1.0,0.0105
SUIBRL,SUI/BRL,SUI,BRL,True,Spot,,,1.0,10.5
SUIBTC,SUI/BTC,SUI,BTC,True,Spot,Margin,,1.0,0.000105
SUIEUR,SUI/EUR,SUI,EUR,True,Spot,,,1.0,5.25
SUIFDUSD,SUI/FDUSD,SUI,FDUSD,True,Spot,Margin,,1.0,5.25
SUIJPY,SUI/JPY,SUI,JPY,True,Spot,,,1.0,105.0
SUITRY,SUI/TRY,SUI,TRY,True,Spot,,,1.0,10.5
SUIUSD_PERP,SUI/USD:SUI,SUI,USD,True,,,,1.0,0.0
SUIUSDC,SUI/USDC,SUI,USDC,True,Spot,Margin,,1.0,5.25
SUIUSDC,SUI/USDC:USDC,SUI,USDC,True,,,Future,50.0,5.25
SUIUSDT,SUI/USDT,SUI,USDT,True,Spot,Margin,,1.0,5.25
SUIUSDT,SUI/USDT:USDT,SUI,USDT,True,,,Future,75.0,5.25
SUNTRY,SUN/TRY,SUN,TRY,True,Spot,,,1.0,10.5
SUNUSDT,SUN/USDT,SUN,USDT,True,Spot,Margin,,1.0,5.25
SUNUSDT,SUN/USDT:USDT,SUN,USDT,True,,,Future,50.0,5.25
SUPERBTC,SUPER/BTC,SUPER,BTC,True,Spot,Margin,,1.0,0.000105
SUPERTRY,SUPER/TRY,SUPER,TRY,True,Spot,,,1.0,10.5
SUPERUSDT,SUPER/USDT,SUPER,USDT,True,Spot,Margin,,1.0,5.25
SUPERUSDT,SUPER/USDT:USDT,SUPER,USDT,True,,,Future,75.0,5.25
SUSHIBTC,SUSHI/BTC,SUSHI,BTC,True,Spot,Margin,,1.0,0.000105
SUSHITRY,SUSHI/TRY,SUSHI,TRY,True,Spot,,,1.0,10.5
SUSHIUSDC,SUSHI/USDC,SUSHI,USDC,True,Spot,Margin,,1.0,5.25
SUSHIUSDT,SUSHI/USDT,SUSHI,USDT,True,Spot,Margin,,1.0,5.25
SUSHIUSDT,SUSHI/USDT:USDT,SUSHI,USDT,True,,,Future,75.0,5.25
SWARMSUSDT,SWARMS/USDT:USDT,SWARMS,USDT,True,,,Future,50.0,5.25
SWELLUSDT,SWELL/USDT:USDT,SWELL,USDT,True,,,Future,25.0,5.25
SXPBTC,SXP/BTC,SXP,BTC,True,Spot,Margin,,1.0,0.000105
SXPTRY,SXP/TRY,SXP,TRY,True,Spot,,,1.0,10.5
SXPUSDT,SXP/USDT,SXP,USDT,True,Spot,Margin,,1.0,5.25
SXPUSDT,SXP/USDT:USDT,SXP,USDT,True,,,Future,50.0,5.25
SXTTRY,SXT/TRY,SXT,TRY,True,Spot,,,1.0,10.5
SXTUSDC,SXT/USDC,SXT,USDC,True,Spot,Margin,,1.0,5.25
SXTUSDT,SXT/USDT,SXT,USDT,True,Spot,Margin,,1.0,5.25
SXTUSDT,SXT/USDT:USDT,SXT,USDT,True,,,Future,50.0,5.25
SYNUSDC,SYN/USDC,SYN,USDC,True,Spot,Margin,,1.0,5.25
SYNUSDT,SYN/USDT,SYN,USDT,True,Spot,Margin,,1.0,5.25
SYNUSDT,SYN/USDT:USDT,SYN,USDT,True,,,Future,50.0,5.25
SYRUPTRY,SYRUP/TRY,SYRUP,TRY,True,Spot,,,1.0,10.5
SYRUPUSDC,SYRUP/USDC,SYRUP,USDC,True,Spot,Margin,,1.0,5.25
SYRUPUSDT,SYRUP/USDT,SYRUP,USDT,True,Spot,Margin,,1.0,5.25
SYRUPUSDT,SYRUP/USDT:USDT,SYRUP,USDT,True,,,Future,50.0,5.25
SYSBTC,SYS/BTC,SYS,BTC,True,Spot,,,1.0,0.000105
SYSUSDT,SYS/USDT,SYS,USDT,True,Spot,Margin,,1.0,5.25
SYSUSDT,SYS/USDT:USDT,SYS,USDT,True,,,Future,50.0,5.25
TUSDC,T/USDC,T,USDC,True,Spot,Margin,,1.0,5.25
TUSDT,T/USDT,T,USDT,True,Spot,Margin,,1.0,5.25
TUSDT,T/USDT:USDT,T,USDT,True,,,Future,50.0,5.25
TAUSDT,TA/USDT:USDT,TA,USDT,True,,,Future,50.0,5.25
TACUSDT,TAC/USDT:USDT,TAC,USDT,True,,,Future,50.0,5.25
TAGUSDT,TAG/USDT:USDT,TAG,USDT,True,,,Future,50.0,5.25
TAIKOUSDT,TAIKO/USDT:USDT,TAIKO,USDT,True,,,Future,50.0,5.25
TAKEUSDT,TAKE/USDT:USDT,TAKE,USDT,True,,,Future,1.0,5.25
TANSSIUSDT,TANSSI/USDT:USDT,TANSSI,USDT,True,,,Future,50.0,5.25
TAOBTC,TAO/BTC,TAO,BTC,True,Spot,,,1.0,0.000105
TAOFDUSD,TAO/FDUSD,TAO,FDUSD,True,Spot,Margin,,1.0,5.25
TAOTRY,TAO/TRY,TAO,TRY,True,Spot,,,1.0,10.5
TAOUSDC,TAO/USDC,TAO,USDC,True,Spot,Margin,,1.0,5.25
TAOUSDT,TAO/USDT,TAO,USDT,True,Spot,Margin,,1.0,5.25
TAOUSDT,TAO/USDT:USDT,TAO,USDT,True,,,Future,75.0,5.25
TFUELBTC,TFUEL/BTC,TFUEL,BTC,True,Spot,,,1.0,0.000105
TFUELUSDT,TFUEL/USDT,TFUEL,USDT,True,Spot,Margin,,1.0,5.25
THETRY,THE/TRY,THE,TRY,True,Spot,,,1.0,10.5
THEUSDC,THE/USDC,THE,USDC,True,Spot,Margin,,1.0,5.25
THEUSDT,THE/USDT,THE,USDT,True,Spot,Margin,,1.0,5.25
THEUSDT,THE/USDT:USDT,THE,USDT,True,,,Future,50.0,5.25
THETABTC,THETA/BTC,THETA,BTC,True,Spot,Margin,,1.0,0.000105
THETATRY,THETA/TRY,THETA,TRY,True,Spot,,,1.0,10.5
THETAUSD_PERP,THETA/USD:THETA,THETA,USD,True,,,,1.0,0.0
THETAUSDC,THETA/USDC,THETA,USDC,True,Spot,Margin,,1.0,5.25
THETAUSDT,THETA/USDT,THETA,USDT,True,Spot,Margin,,1.0,5.25
THETAUSDT,THETA/USDT:USDT,THETA,USDT,True,,,Future,75.0,5.25
TIABTC,TIA/BTC,TIA,BTC,True,Spot,,,1.0,0.000105
TIAFDUSD,TIA/FDUSD,TIA,FDUSD,True,Spot,Margin,,1.0,5.25
TIATRY,TIA/TRY,TIA,TRY,True,Spot,,,1.0,10.5
TIAUSDC,TIA/USDC,TIA,USDC,True,Spot,Margin,,1.0,5.25
TIAUSDC,TIA/USDC:USDC,TIA,USDC,True,,,Future,50.0,5.25
TIAUSDT,TIA/USDT,TIA,USDT,True,Spot,Margin,,1.0,5.25
TIAUSDT,TIA/USDT:USDT,TIA,USDT,True,,,Future,75.0,5.25
TKOUSDT,TKO/USDT,TKO,USDT,True,Spot,Margin,,1.0,5.25
TLMTRY,TLM/TRY,TLM,TRY,True,Spot,,,1.0,10.5
TLMUSDC,TLM/USDC,TLM,USDC,True,Spot,Margin,,1.0,5.25
TLMUSDT,TLM/USDT,TLM,USDT,True,Spot,Margin,,1.0,5.25
TLMUSDT,TLM/USDT:USDT,TLM,USDT,True,,,Future,50.0,5.25
TNSRTRY,TNSR/TRY,TNSR,TRY,True,Spot,,,1.0,10.5
TNSRUSDC,TNSR/USDC,TNSR,USDC,True,Spot,Margin,,1.0,5.25
TNSRUSDT,TNSR/USDT,TNSR,USDT,True,Spot,Margin,,1.0,5.25
TNSRUSDT,TNSR/USDT:USDT,TNSR,USDT,True,,,Future,50.0,5.25
TOKENUSDT,TOKEN/USDT:USDT,TOKEN,USDT,True,,,Future,50.0,5.25
TONBTC,TON/BTC,TON,BTC,True,Spot,,,1.0,0.000105
TONFDUSD,TON/FDUSD,TON,FDUSD,True,Spot,,,1.0,5.25
TONTRY,TON/TRY,TON,TRY,True,Spot,,,1.0,10.5
TONUSDC,TON/USDC,TON,USDC,True,Spot,Margin,,1.0,5.25
TONUSDT,TON/USDT,TON,USDT,True,Spot,Margin,,1.0,5.25
TONUSDT,TON/USDT:USDT,TON,USDT,True,,,Future,75.0,5.25
TOWNSBNB,TOWNS/BNB,TOWNS,BNB,True,Spot,,,1.0,0.0105
TOWNSFDUSD,TOWNS/FDUSD,TOWNS,FDUSD,True,Spot,,,1.0,5.25
TOWNSTRY,TOWNS/TRY,TOWNS,TRY,True,Spot,,,1.0,10.5
TOWNSUSDC,TOWNS/USDC,TOWNS,USDC,True,Spot,Margin,,1.0,5.25
TOWNSUSDT,TOWNS/USDT,TOWNS,USDT,True,Spot,Margin,,1.0,5.25
TOWNSUSDT,TOWNS/USDT:USDT,TOWNS,USDT,True,,,Future,75.0,5.25
TRBBTC,TRB/BTC,TRB,BTC,True,Spot,Margin,,1.0,0.000105
TRBTRY,TRB/TRY,TRB,TRY,True,Spot,,,1.0,10.5
TRBUSDC,TRB/USDC,TRB,USDC,True,Spot,Margin,,1.0,5.25
TRBUSDT,TRB/USDT,TRB,USDT,True,Spot,Margin,,1.0,5.25
TRBUSDT,TRB/USDT:USDT,TRB,USDT,True,,,Future,75.0,5.25
TREEBNB,TREE/BNB,TREE,BNB,True,Spot,,,1.0,0.0105
TREEFDUSD,TREE/FDUSD,TREE,FDUSD,True,Spot,,,1.0,5.25
TREETRY,TREE/TRY,TREE,TRY,True,Spot,,,1.0,10.5
TREEUSDC,TREE/USDC,TREE,USDC,True,Spot,Margin,,1.0,5.25
TREEUSDT,TREE/USDT,TREE,USDT,True,Spot,Margin,,1.0,5.25
TREEUSDT,TREE/USDT:USDT,TREE,USDT,True,,,Future,75.0,5.25
TRUTRY,TRU/TRY,TRU,TRY,True,Spot,,,1.0,10.5
TRUUSDT,TRU/USDT,TRU,USDT,True,Spot,Margin,,1.0,5.25
TRUUSDT,TRU/USDT:USDT,TRU,USDT,True,,,Future,50.0,5.25
TRUMPBRL,TRUMP/BRL,TRUMP,BRL,True,Spot,,,1.0,10.5
TRUMPEUR,TRUMP/EUR,TRUMP,EUR,True,Spot,,,1.0,1.05
TRUMPFDUSD,TRUMP/FDUSD,TRUMP,FDUSD,True,Spot,Margin,,1.0,1.05
TRUMPTRY,TRUMP/TRY,TRUMP,TRY,True,Spot,,,1.0,10.5
TRUMPUSDC,TRUMP/USDC,TRUMP,USDC,True,Spot,Margin,,1.0,1.05
TRUMPUSDC,TRUMP/USDC:USDC,TRUMP,USDC,True,,,Future,25.0,5.25
TRUMPUSDT,TRUMP/USDT,TRUMP,USDT,True,Spot,Margin,,1.0,1.05
TRUMPUSDT,TRUMP/USDT:USDT,TRUMP,USDT,True,,,Future,75.0,5.25
TRXBNB,TRX/BNB,TRX,BNB,True,Spot,,,1.0,0.0105
TRXBTC,TRX/BTC,TRX,BTC,True,Spot,Margin,,1.0,0.000105
TRXETH,TRX/ETH,TRX,ETH,True,Spot,Margin,,1.0,0.00105
TRXEUR,TRX/EUR,TRX,EUR,True,Spot,,,1.0,5.25
TRXFDUSD,TRX/FDUSD,TRX,FDUSD,True,Spot,,,1.0,5.25
TRXJPY,TRX/JPY,TRX,JPY,True,Spot,,,1.0,105.0
TRXTRY,TRX/TRY,TRX,TRY,True,Spot,,,1.0,10.5
TRXUSD_PERP,TRX/USD:TRX,TRX,USD,True,,,,1.0,0.0
TRXUSDC,TRX/USDC,TRX,USDC,True,Spot,Margin,,1.0,5.25
TRXUSDT,TRX/USDT,TRX,USDT,True,Spot,Margin,,1.0,5.25
TRXUSDT,TRX/USDT:USDT,TRX,USDT,True,,,Future,75.0,5.25
TRXXRP,TRX/XRP,TRX,XRP,True,Spot,,,1.0,10.5
TSTTRY,TST/TRY,TST,TRY,True,Spot,,,1.0,10.5
TSTUSDC,TST/USDC,TST,USDC,True,Spot,Margin,,1.0,1.05
TSTUSDT,TST/USDT,TST,USDT,True,Spot,Margin,,1.0,1.05
TSTUSDT,TST/USDT:USDT,TST,USDT,True,,,Future,50.0,5.25
TURBOTRY,TURBO/TRY,TURBO,TRY,True,Spot,,,1.0,10.5
TURBOUSDC,TURBO/USDC,TURBO,USDC,True,Spot,Margin,,1.0,1.05
TURBOUSDT,TURBO/USDT,TURBO,USDT,True,Spot,Margin,,1.0,1.05
TURBOUSDT,TURBO/USDT:USDT,TURBO,USDT,True,,,Future,75.0,5.25
TUSDUSDT,TUSD/USDT,TUSD,USDT,True,Spot,,,1.0,5.25
TUTUSDC,TUT/USDC,TUT,USDC,True,Spot,Margin,,1.0,1.05
TUTUSDT,TUT/USDT,TUT,USDT,True,Spot,Margin,,1.0,1.05
TUTUSDT,TUT/USDT:USDT,TUT,USDT,True,,,Future,50.0,5.25
TWTTRY,TWT/TRY,TWT,TRY,True,Spot,,,1.0,10.5
TWTUSDT,TWT/USDT,TWT,USDT,True,Spot,Margin,,1.0,5.25
TWTUSDT,TWT/USDT:USDT,TWT,USDT,True,,,Future,50.0,5.25
UBUSDT,UB/USDT:USDT,UB,USDT,True,,,Future,1.0,5.25
UMABTC,UMA/BTC,UMA,BTC,True,Spot,,,1.0,0.000105
UMATRY,UMA/TRY,UMA,TRY,True,Spot,,,1.0,10.5
UMAUSDC,UMA/USDC,UMA,USDC,True,Spot,Margin,,1.0,5.25
UMAUSDT,UMA/USDT,UMA,USDT,True,Spot,Margin,,1.0,5.25
UMAUSDT,UMA/USDT:USDT,UMA,USDT,True,,,Future,50.0,5.25
UNIBTC,UNI/BTC,UNI,BTC,True,Spot,Margin,,1.0,0.000105
UNIETH,UNI/ETH,UNI,ETH,True,Spot,Margin,,1.0,0.00105
UNIFDUSD,UNI/FDUSD,UNI,FDUSD,True,Spot,Margin,,1.0,5.25
UNITRY,UNI/TRY,UNI,TRY,True,Spot,,,1.0,10.5
UNIUSD_PERP,UNI/USD:UNI,UNI,USD,True,,,,1.0,0.0
UNIUSDC,UNI/USDC,UNI,USDC,True,Spot,Margin,,1.0,5.25
UNIUSDC,UNI/USDC:USDC,UNI,USDC,True,,,Future,75.0,9.54135
UNIUSDT,UNI/USDT,UNI,USDT,True,Spot,Margin,,1.0,5.25
UNIUSDT,UNI/USDT:USDT,UNI,USDT,True,,,Future,75.0,9.53925
USD1USDT,USD1/USDT,USD1,USDT,True,Spot,Margin,,1.0,5.25
USDCBRL,USDC/BRL,USDC,BRL,True,Spot,,,1.0,10.5
USDCCZK,USDC/CZK,USDC,CZK,True,Spot,,,1.0,210.0
USDCPLN,USDC/PLN,USDC,PLN,True,Spot,,,1.0,26.25
USDCRON,USDC/RON,USDC,RON,True,Spot,,,1.0,21.0
USDCTRY,USDC/TRY,USDC,TRY,True,Spot,,,1.0,10.5
USDCUSDT,USDC/USDT,USDC,USDT,True,Spot,Margin,,1.0,5.25
USDCUSDT,USDC/USDT:USDT,USDC,USDT,True,,,Future,50.0,5.25
USDEUSDC,USDE/USDC,USDE,USDC,True,Spot,Margin,,1.0,5.25
USDEUSDT,USDE/USDT,USDE,USDT,True,Spot,Margin,,1.0,5.25
USDPUSDT,USDP/USDT,USDP,USDT,True,Spot,,,1.0,5.25
USDTARS,USDT/ARS,USDT,ARS,True,Spot,,,1.0,2100.0
USDTBRL,USDT/BRL,USDT,BRL,True,Spot,,,1.0,10.5
USDTCOP,USDT/COP,USDT,COP,True,Spot,,,1.0,4200.0
USDTDAI,USDT/DAI,USDT,DAI,True,Spot,Margin,,1.0,5.25
USDTMXN,USDT/MXN,USDT,MXN,True,Spot,,,1.0,157.5
USDTPLN,USDT/PLN,USDT,PLN,True,Spot,,,1.0,26.25
USDTTRY,USDT/TRY,USDT,TRY,True,Spot,,,1.0,10.5
USDTUAH,USDT/UAH,USDT,UAH,True,Spot,,,1.0,105.0
USDTZAR,USDT/ZAR,USDT,ZAR,True,Spot,,,1.0,105.0
USELESSUSDT,USELESS/USDT:USDT,USELESS,USDT,True,,,Future,50.0,5.25
USTCTRY,USTC/TRY,USTC,TRY,True,Spot,,,1.0,10.5
USTCUSDT,USTC/USDT,USTC,USDT,True,Spot,Margin,,1.0,5.25
USTCUSDT,USTC/USDT:USDT,USTC,USDT,True,,,Future,50.0,5.25
USUALBTC,USUAL/BTC,USUAL,BTC,True,Spot,Margin,,1.0,0.000105
USUALFDUSD,USUAL/FDUSD,USUAL,FDUSD,True,Spot,,,1.0,5.25
USUALTRY,USUAL/TRY,USUAL,TRY,True,Spot,,,1.0,10.5
USUALUSDC,USUAL/USDC,USUAL,USDC,True,Spot,Margin,,1.0,5.25
USUALUSDT,USUAL/USDT,USUAL,USDT,True,Spot,Margin,,1.0,5.25
USUALUSDT,USUAL/USDT:USDT,USUAL,USDT,True,,,Future,75.0,5.25
UTKUSDC,UTK/USDC,UTK,USDC,True,Spot,,,1.0,5.25
UTKUSDT,UTK/USDT,UTK,USDT,True,Spot,Margin,,1.0,5.25
UXLINKUSDT,UXLINK/USDT:USDT,UXLINK,USDT,True,,,Future,50.0,5.25
VANAFDUSD,VANA/FDUSD,VANA,FDUSD,True,Spot,,,1.0,5.25
VANATRY,VANA/TRY,VANA,TRY,True,Spot,,,1.0,10.5
VANAUSDC,VANA/USDC,VANA,USDC,True,Spot,Margin,,1.0,5.25
VANAUSDT,VANA/USDT,VANA,USDT,True,Spot,Margin,,1.0,5.25
VANAUSDT,VANA/USDT:USDT,VANA,USDT,True,,,Future,75.0,5.25
VANRYTRY,VANRY/TRY,VANRY,TRY,True,Spot,,,1.0,10.5
VANRYUSDC,VANRY/USDC,VANRY,USDC,True,Spot,Margin,,1.0,5.25
VANRYUSDT,VANRY/USDT,VANRY,USDT,True,Spot,Margin,,1.0,5.25
VANRYUSDT,VANRY/USDT:USDT,VANRY,USDT,True,,,Future,50.0,5.25
VELODROMEUSDC,VELODROME/USDC,VELODROME,USDC,True,Spot,Margin,,1.0,5.25
VELODROMEUSDT,VELODROME/USDT,VELODROME,USDT,True,Spot,Margin,,1.0,5.25
VELODROMEUSDT,VELODROME/USDT:USDT,VELODROME,USDT,True,,,Future,50.0,5.25
VELVETUSDT,VELVET/USDT:USDT,VELVET,USDT,True,,,Future,50.0,5.25
VETBNB,VET/BNB,VET,BNB,True,Spot,,,1.0,0.0105
VETBTC,VET/BTC,VET,BTC,True,Spot,Margin,,1.0,0.000105
VETETH,VET/ETH,VET,ETH,True,Spot,,,1.0,0.00105
VETEUR,VET/EUR,VET,EUR,True,Spot,,,1.0,5.25
VETTRY,VET/TRY,VET,TRY,True,Spot,,,1.0,10.5
VETUSDC,VET/USDC,VET,USDC,True,Spot,Margin,,1.0,5.25
VETUSDT,VET/USDT,VET,USDT,True,Spot,Margin,,1.0,5.25
VETUSDT,VET/USDT:USDT,VET,USDT,True,,,Future,75.0,5.25
VICTRY,VIC/TRY,VIC,TRY,True,Spot,,,1.0,10.5
VICUSDT,VIC/USDT,VIC,USDT,True,Spot,Margin,,1.0,5.25
VICUSDT,VIC/USDT:USDT,VIC,USDT,True,,,Future,50.0,5.25
VINEUSDT,VINE/USDT:USDT,VINE,USDT,True,,,Future,75.0,5.25
VIRTUALTRY,VIRTUAL/TRY,VIRTUAL,TRY,True,Spot,,,1.0,10.5
VIRTUALUSDC,VIRTUAL/USDC,VIRTUAL,USDC,True,Spot,Margin,,1.0,5.25
VIRTUALUSDT,VIRTUAL/USDT,VIRTUAL,USDT,True,Spot,Margin,,1.0,5.25
VIRTUALUSDT,VIRTUAL/USDT:USDT,VIRTUAL,USDT,True,,,Future,75.0,5.25
VOXELUSDT,VOXEL/USDT,VOXEL,USDT,True,Spot,Margin,,1.0,5.25
VOXELUSDT,VOXEL/USDT:USDT,VOXEL,USDT,True,,,Future,25.0,5.25
VTHOTRY,VTHO/TRY,VTHO,TRY,True,Spot,,,1.0,10.5
VTHOUSDT,VTHO/USDT,VTHO,USDT,True,Spot,Margin,,1.0,1.05
VTHOUSDT,VTHO/USDT:USDT,VTHO,USDT,True,,,Future,50.0,5.25
VVVUSDT,VVV/USDT:USDT,VVV,USDT,True,,,Future,50.0,5.25
WBTC,W/BTC,W,BTC,True,Spot,,,1.0,0.000105
WFDUSD,W/FDUSD,W,FDUSD,True,Spot,Margin,,1.0,5.25
WTRY,W/TRY,W,TRY,True,Spot,,,1.0,10.5
WUSDC,W/USDC,W,USDC,True,Spot,Margin,,1.0,5.25
WUSDT,W/USDT,W,USDT,True,Spot,Margin,,1.0,5.25
WUSDT,W/USDT:USDT,W,USDT,True,,,Future,75.0,5.25
WALUSDT,WAL/USDT:USDT,WAL,USDT,True,,,Future,75.0,5.25
WANBTC,WAN/BTC,WAN,BTC,True,Spot,,,1.0,0.000105
WANUSDT,WAN/USDT,WAN,USDT,True,Spot,Margin,,1.0,5.25
WAXPBTC,WAXP/BTC,WAXP,BTC,True,Spot,Margin,,1.0,0.000105
WAXPUSDT,WAXP/USDT,WAXP,USDT,True,Spot,Margin,,1.0,5.25
WAXPUSDT,WAXP/USDT:USDT,WAXP,USDT,True,,,Future,50.0,5.25
WBETHETH,WBETH/ETH,WBETH,ETH,True,Spot,Margin,,1.0,0.00105
WBETHUSDT,WBETH/USDT,WBETH,USDT,True,Spot,Margin,,1.0,5.25
WBTCBTC,WBTC/BTC,WBTC,BTC,True,Spot,Margin,,1.0,0.000105
WBTCETH,WBTC/ETH,WBTC,ETH,True,Spot,,,1.0,0.00105
WBTCUSDT,WBTC/USDT,WBTC,USDT,True,Spot,Margin,,1.0,5.25
WCTBNB,WCT/BNB,WCT,BNB,True,Spot,,,1.0,0.0105
WCTFDUSD,WCT/FDUSD,WCT,FDUSD,True,Spot,,,1.0,5.25
WCTTRY,WCT/TRY,WCT,TRY,True,Spot,,,1.0,10.5
WCTUSDC,WCT/USDC,WCT,USDC,True,Spot,Margin,,1.0,5.25
WCTUSDT,WCT/USDT,WCT,USDT,True,Spot,Margin,,1.0,5.25
WCTUSDT,WCT/USDT:USDT,WCT,USDT,True,,,Future,75.0,5.25
WIFBRL,WIF/BRL,WIF,BRL,True,Spot,,,1.0,10.5
WIFBTC,WIF/BTC,WIF,BTC,True,Spot,,,1.0,0.000105
WIFEUR,WIF/EUR,WIF,EUR,True,Spot,,,1.0,1.05
WIFFDUSD,WIF/FDUSD,WIF,FDUSD,True,Spot,Margin,,1.0,1.05
WIFTRY,WIF/TRY,WIF,TRY,True,Spot,,,1.0,10.5
WIFUSD_PERP,WIF/USD:WIF,WIF,USD,True,,,,1.0,0.0
WIFUSDC,WIF/USDC,WIF,USDC,True,Spot,Margin,,1.0,1.05
WIFUSDC,WIF/USDC:USDC,WIF,USDC,True,,,Future,50.0,5.25
WIFUSDT,WIF/USDT,WIF,USDT,True,Spot,Margin,,1.0,1.05
WIFUSDT,WIF/USDT:USDT,WIF,USDT,True,,,Future,75.0,5.25
WINEUR,WIN/EUR,WIN,EUR,True,Spot,,,1.0,5.25
WINTRX,WIN/TRX,WIN,TRX,True,Spot,,,1.0,105.0
WINUSDT,WIN/USDT,WIN,USDT,True,Spot,Margin,,1.0,5.25
WLDBTC,WLD/BTC,WLD,BTC,True,Spot,Margin,,1.0,0.000105
WLDEUR,WLD/EUR,WLD,EUR,True,Spot,,,1.0,5.25
WLDFDUSD,WLD/FDUSD,WLD,FDUSD,True,Spot,Margin,,1.0,5.25
WLDTRY,WLD/TRY,WLD,TRY,True,Spot,,,1.0,10.5
WLDUSD_PERP,WLD/USD:WLD,WLD,USD,True,,,,1.0,0.0
WLDUSDC,WLD/USDC,WLD,USDC,True,Spot,Margin,,1.0,5.25
WLDUSDC,WLD/USDC:USDC,WLD,USDC,True,,,Future,75.0,5.25
WLDUSDT,WLD/USDT,WLD,USDT,True,Spot,Margin,,1.0,5.25
WLDUSDT,WLD/USDT:USDT,WLD,USDT,True,,,Future,75.0,5.25
WLFIBRL,WLFI/BRL,WLFI,BRL,True,Spot,,,1.0,10.5
WLFIEUR,WLFI/EUR,WLFI,EUR,True,Spot,,,1.0,5.25
WLFITRY,WLFI/TRY,WLFI,TRY,True,Spot,,,1.0,10.5
WLFIUSDC,WLFI/USDC,WLFI,USDC,True,Spot,Margin,,1.0,5.25
WLFIUSDC,WLFI/USDC:USDC,WLFI,USDC,True,,,Future,1.0,5.25
WLFIUSDT,WLFI/USDT,WLFI,USDT,True,Spot,Margin,,1.0,5.25
WLFIUSDT,WLFI/USDT:USDT,WLFI,USDT,True,,,Future,50.0,5.25
WOOUSDT,WOO/USDT,WOO,USDT,True,Spot,Margin,,1.0,5.25
WOOUSDT,WOO/USDT:USDT,WOO,USDT,True,,,Future,50.0,5.25
XAITRY,XAI/TRY,XAI,TRY,True,Spot,,,1.0,10.5
XAIUSDC,XAI/USDC,XAI,USDC,True,Spot,Margin,,1.0,5.25
XAIUSDT,XAI/USDT,XAI,USDT,True,Spot,Margin,,1.0,5.25
XAIUSDT,XAI/USDT:USDT,XAI,USDT,True,,,Future,75.0,5.25
XCNUSDT,XCN/USDT:USDT,XCN,USDT,True,,,Future,75.0,5.25
XECTRY,XEC/TRY,XEC,TRY,True,Spot,,,1.0,10.5
XECUSDT,XEC/USDT,XEC,USDT,True,Spot,Margin,,1.0,5.25
XLMBTC,XLM/BTC,XLM,BTC,True,Spot,Margin,,1.0,0.000105
XLMETH,XLM/ETH,XLM,ETH,True,Spot,,,1.0,0.00105
XLMEUR,XLM/EUR,XLM,EUR,True,Spot,,,1.0,5.25
XLMFDUSD,XLM/FDUSD,XLM,FDUSD,True,Spot,,,1.0,5.25
XLMJPY,XLM/JPY,XLM,JPY,True,Spot,,,1.0,105.0
XLMTRY,XLM/TRY,XLM,TRY,True,Spot,,,1.0,10.5
XLMUSD_PERP,XLM/USD:XLM,XLM,USD,True,,,,1.0,0.0
XLMUSDC,XLM/USDC,XLM,USDC,True,Spot,Margin,,1.0,5.25
XLMUSDT,XLM/USDT,XLM,USDT,True,Spot,Margin,,1.0,5.25
XLMUSDT,XLM/USDT:USDT,XLM,USDT,True,,,Future,75.0,5.25
XMRUSDT,XMR/USDT:USDT,XMR,USDT,True,,,Future,75.0,5.25
XNOBTC,XNO/BTC,XNO,BTC,True,Spot,,,1.0,0.000105
XNOUSDT,XNO/USDT,XNO,USDT,True,Spot,Margin,,1.0,5.25
XNYUSDT,XNY/USDT:USDT,XNY,USDT,True,,,Future,50.0,5.25
XPINUSDT,XPIN/USDT:USDT,XPIN,USDT,True,,,Future,1.0,5.25
XPLUSDT,XPL/USDT:USDT,XPL,USDT,True,,,Future,50.0,5.25
XRPBNB,XRP/BNB,XRP,BNB,True,Spot,,,1.0,0.0105
XRPBRL,XRP/BRL,XRP,BRL,True,Spot,,,1.0,10.5
XRPBTC,XRP/BTC,XRP,BTC,True,Spot,Margin,,1.0,0.000105
XRPETH,XRP/ETH,XRP,ETH,True,Spot,Margin,,1.0,0.00105
XRPEUR,XRP/EUR,XRP,EUR,True,Spot,,,1.0,5.25
XRPFDUSD,XRP/FDUSD,XRP,FDUSD,True,Spot,Margin,,1.0,5.25
XRPJPY,XRP/JPY,XRP,JPY,True,Spot,,,1.0,105.0
XRPMXN,XRP/MXN,XRP,MXN,True,Spot,,,1.0,157.5
XRPTRY,XRP/TRY,XRP,TRY,True,Spot,,,1.0,10.5
XRPTUSD,XRP/TUSD,XRP,TUSD,True,Spot,,,1.0,5.25
XRPUSD_PERP,XRP/USD:XRP,XRP,USD,True,,,,1.0,0.0
XRPUSD_250926,XRP/USD:XRP-250926,XRP,USD,True,,,,1.0,0.0
XRPUSD_251226,XRP/USD:XRP-251226,XRP,USD,True,,,,1.0,0.0
XRPUSDC,XRP/USDC,XRP,USDC,True,Spot,Margin,,1.0,5.25
XRPUSDC,XRP/USDC:USDC,XRP,USDC,True,,,Future,75.0,5.25
XRPUSDT,XRP/USDT,XRP,USDT,True,Spot,Margin,,1.0,5.25
XRPUSDT,XRP/USDT:USDT,XRP,USDT,True,,,Future,100.0,5.25
XTZBTC,XTZ/BTC,XTZ,BTC,True,Spot,Margin,,1.0,0.000105
XTZUSDC,XTZ/USDC,XTZ,USDC,True,Spot,Margin,,1.0,5.25
XTZUSDT,XTZ/USDT,XTZ,USDT,True,Spot,Margin,,1.0,5.25
XTZUSDT,XTZ/USDT:USDT,XTZ,USDT,True,,,Future,75.0,5.25
XUSDUSDT,XUSD/USDT,XUSD,USDT,True,Spot,,,1.0,5.25
XVGETH,XVG/ETH,XVG,ETH,True,Spot,,,1.0,0.00105
XVGTRY,XVG/TRY,XVG,TRY,True,Spot,,,1.0,10.5
XVGUSDT,XVG/USDT,XVG,USDT,True,Spot,Margin,,1.0,5.25
XVGUSDT,XVG/USDT:USDT,XVG,USDT,True,,,Future,50.0,5.25
XVSBNB,XVS/BNB,XVS,BNB,True,Spot,,,1.0,0.0105
XVSBTC,XVS/BTC,XVS,BTC,True,Spot,,,1.0,0.000105
XVSUSDT,XVS/USDT,XVS,USDT,True,Spot,Margin,,1.0,5.25
XVSUSDT,XVS/USDT:USDT,XVS,USDT,True,,,Future,50.0,5.25
YALAUSDT,YALA/USDT:USDT,YALA,USDT,True,,,Future,50.0,5.25
YFIBTC,YFI/BTC,YFI,BTC,True,Spot,,,1.0,0.000105
YFIUSDT,YFI/USDT,YFI,USDT,True,Spot,Margin,,1.0,5.25
YFIUSDT,YFI/USDT:USDT,YFI,USDT,True,,,Future,75.0,5.5335
YGGBTC,YGG/BTC,YGG,BTC,True,Spot,Margin,,1.0,0.000105
YGGUSDC,YGG/USDC,YGG,USDC,True,Spot,Margin,,1.0,5.25
YGGUSDT,YGG/USDT,YGG,USDT,True,Spot,Margin,,1.0,5.25
YGGUSDT,YGG/USDT:USDT,YGG,USDT,True,,,Future,50.0,5.25
ZECBTC,ZEC/BTC,ZEC,BTC,True,Spot,Margin,,1.0,0.000105
ZECETH,ZEC/ETH,ZEC,ETH,True,Spot,,,1.0,0.00105
ZECUSDT,ZEC/USDT,ZEC,USDT,True,Spot,Margin,,1.0,5.25
ZECUSDT,ZEC/USDT:USDT,ZEC,USDT,True,,,Future,75.0,5.25
ZENBTC,ZEN/BTC,ZEN,BTC,True,Spot,,,1.0,0.000105
ZENUSDC,ZEN/USDC,ZEN,USDC,True,Spot,Margin,,1.0,5.25
ZENUSDT,ZEN/USDT,ZEN,USDT,True,Spot,Margin,,1.0,5.25
ZENUSDT,ZEN/USDT:USDT,ZEN,USDT,True,,,Future,50.0,5.25
ZEREBROUSDT,ZEREBRO/USDT:USDT,ZEREBRO,USDT,True,,,Future,50.0,5.25
ZETAUSDT,ZETA/USDT:USDT,ZETA,USDT,True,,,Future,50.0,5.25
ZILETH,ZIL/ETH,ZIL,ETH,True,Spot,,,1.0,0.00105
ZILTRY,ZIL/TRY,ZIL,TRY,True,Spot,,,1.0,10.5
ZILUSDT,ZIL/USDT,ZIL,USDT,True,Spot,Margin,,1.0,5.25
ZILUSDT,ZIL/USDT:USDT,ZIL,USDT,True,,,Future,75.0,5.25
ZKBTC,ZK/BTC,ZK,BTC,True,Spot,,,1.0,0.000105
ZKFDUSD,ZK/FDUSD,ZK,FDUSD,True,Spot,Margin,,1.0,5.25
ZKTRY,ZK/TRY,ZK,TRY,True,Spot,,,1.0,10.5
ZKUSDC,ZK/USDC,ZK,USDC,True,Spot,Margin,,1.0,5.25
ZKUSDT,ZK/USDT,ZK,USDT,True,Spot,Margin,,1.0,5.25
ZKUSDT,ZK/USDT:USDT,ZK,USDT,True,,,Future,75.0,5.25
ZKCBNB,ZKC/BNB,ZKC,BNB,True,Spot,,,1.0,0.0105
ZKCFDUSD,ZKC/FDUSD,ZKC,FDUSD,True,Spot,,,1.0,5.25
ZKCTRY,ZKC/TRY,ZKC,TRY,True,Spot,,,1.0,10.5
ZKCUSDC,ZKC/USDC,ZKC,USDC,True,Spot,Margin,,1.0,5.25
ZKCUSDT,ZKC/USDT,ZKC,USDT,True,Spot,Margin,,1.0,5.25
ZKCUSDT,ZKC/USDT:USDT,ZKC,USDT,True,,,Future,1.0,5.25
ZKJUSDT,ZKJ/USDT:USDT,ZKJ,USDT,True,,,Future,50.0,5.25
ZORAUSDT,ZORA/USDT:USDT,ZORA,USDT,True,,,Future,75.0,5.25
ZRCUSDT,ZRC/USDT:USDT,ZRC,USDT,True,,,Future,50.0,5.25
ZROBTC,ZRO/BTC,ZRO,BTC,True,Spot,,,1.0,0.000105
ZROFDUSD,ZRO/FDUSD,ZRO,FDUSD,True,Spot,Margin,,1.0,5.25
ZROTRY,ZRO/TRY,ZRO,TRY,True,Spot,,,1.0,10.5
ZROUSDC,ZRO/USDC,ZRO,USDC,True,Spot,Margin,,1.0,5.25
ZROUSDT,ZRO/USDT,ZRO,USDT,True,Spot,Margin,,1.0,5.25
ZROUSDT,ZRO/USDT:USDT,ZRO,USDT,True,,,Future,75.0,5.25
ZRXBTC,ZRX/BTC,ZRX,BTC,True,Spot,Margin,,1.0,0.000105
ZRXUSDT,ZRX/USDT,ZRX,USDT,True,Spot,Margin,,1.0,5.25
ZRXUSDT,ZRX/USDT:USDT,ZRX,USDT,True,,,Future,75.0,5.25
